{
  "time_budget": 7200.0,
  "elapsed": 7517.828678846359,
  "turns": 52,
  "best_aep": 5580.95,
  "best_iter": 17,
  "baseline_aep": 5540.715370308549,
  "model": "gemini-2.5-flash",
  "provider": "gemini"
}