{
  "time_budget": 18000.0,
  "elapsed": 18496.051495075226,
  "turns": 178,
  "best_aep": 5555.18,
  "best_iter": 49,
  "baseline_aep": 5540.715370308549,
  "model": "gemini-2.5-flash",
  "provider": "gemini",
  "rowp_aep": 4270.431979332011,
  "rowp_baseline": 4268.683133300506,
  "rowp_feasible": true,
  "rowp_time": 147.1659619808197
}