;WS_150;WD_150
2020-01-01 00:00;27.259117;215.015142
2020-01-01 01:00;16.439587;235.376330
2020-01-01 02:00;18.993432;262.414793
2020-01-01 03:00;8.819474;54.588675
2020-01-01 04:00;5.454496;221.251572
2020-01-01 05:00;10.641998;244.137326
2020-01-01 06:00;7.533919;285.640002
2020-01-01 07:00;9.975913;273.147834
2020-01-01 08:00;7.644744;215.369267
2020-01-01 09:00;11.779932;195.710249
2020-01-01 10:00;5.566867;218.185394
2020-01-01 11:00;16.021606;241.446409
2020-01-01 12:00;6.503164;98.796477
2020-01-01 13:00;9.368215;187.102639
2020-01-01 14:00;2.810594;196.393117
2020-01-01 15:00;10.154212;214.370643
2020-01-01 16:00;9.479960;220.950936
2020-01-01 17:00;9.464048;228.929495
2020-01-01 18:00;3.787937;254.407069
2020-01-01 19:00;5.836894;276.487968
2020-01-01 20:00;15.996999;235.501287
2020-01-01 21:00;17.425105;287.826221
2020-01-01 22:00;9.511867;216.718186
2020-01-01 23:00;7.318427;252.302852
2020-01-02 00:00;10.379479;271.621456
2020-01-02 01:00;11.265479;243.290430
2020-01-02 02:00;4.931170;213.977526
2020-01-02 03:00;7.257650;108.086192
2020-01-02 04:00;9.104673;349.432424
2020-01-02 05:00;7.555529;28.824346
2020-01-02 06:00;15.514409;204.663364
2020-01-02 07:00;14.375120;232.678855
2020-01-02 08:00;12.535900;147.951309
2020-01-02 09:00;14.240546;268.240917
2020-01-02 10:00;6.929332;185.408259
2020-01-02 11:00;18.338343;252.438045
2020-01-02 12:00;9.358991;217.115999
2020-01-02 13:00;21.940954;235.463523
2020-01-02 14:00;12.986570;267.439141
2020-01-02 15:00;5.614639;292.270090
2020-01-02 16:00;16.072727;195.932706
2020-01-02 17:00;15.661398;292.987332
2020-01-02 18:00;5.189826;287.105640
2020-01-02 19:00;15.470102;347.687600
2020-01-02 20:00;8.292891;249.255947
2020-01-02 21:00;6.883767;229.012701
2020-01-02 22:00;3.085651;91.092929
2020-01-02 23:00;9.352961;308.609041
2020-01-03 00:00;2.907071;350.164163
2020-01-03 01:00;15.365305;272.185804
2020-01-03 02:00;11.056528;252.508314
2020-01-03 03:00;13.353128;197.708848
2020-01-03 04:00;13.948136;104.944530
2020-01-03 05:00;11.280833;262.976623
2020-01-03 06:00;21.212922;194.907349
2020-01-03 07:00;14.346089;316.364579
2020-01-03 08:00;5.319485;255.045229
2020-01-03 09:00;2.605045;264.361495
2020-01-03 10:00;21.876793;198.555871
2020-01-03 11:00;2.665506;216.840410
2020-01-03 12:00;11.272444;224.724766
2020-01-03 13:00;22.794824;199.056933
2020-01-03 14:00;5.843403;300.877876
2020-01-03 15:00;6.367030;198.855670
2020-01-03 16:00;11.545470;199.218164
2020-01-03 17:00;21.428298;230.949961
2020-01-03 18:00;1.001621;103.835996
2020-01-03 19:00;6.963299;286.212635
2020-01-03 20:00;8.312787;262.167342
2020-01-03 21:00;8.333521;162.877154
2020-01-03 22:00;23.261262;241.821014
2020-01-03 23:00;7.495422;263.929017
2020-01-04 00:00;3.776245;132.976970
2020-01-04 01:00;19.374687;180.104471
2020-01-04 02:00;11.879844;303.770398
2020-01-04 03:00;16.107479;193.784916
2020-01-04 04:00;5.470212;216.846519
2020-01-04 05:00;21.590286;332.747972
2020-01-04 06:00;16.044539;284.482638
2020-01-04 07:00;6.081631;310.083740
2020-01-04 08:00;2.458920;246.598172
2020-01-04 09:00;8.741934;217.838207
2020-01-04 10:00;10.360936;21.829523
2020-01-04 11:00;4.561214;201.809886
2020-01-04 12:00;13.802365;195.281194
2020-01-04 13:00;13.078394;327.858940
2020-01-04 14:00;9.880653;260.340803
2020-01-04 15:00;9.125620;285.309559
2020-01-04 16:00;10.150377;213.588797
2020-01-04 17:00;17.579296;299.118761
2020-01-04 18:00;8.560148;229.941430
2020-01-04 19:00;7.686522;295.104290
2020-01-04 20:00;9.248879;224.852495
2020-01-04 21:00;10.830785;214.258085
2020-01-04 22:00;13.107795;248.742488
2020-01-04 23:00;24.488325;276.100858
2020-01-05 00:00;8.779025;245.635335
2020-01-05 01:00;13.565830;219.506491
2020-01-05 02:00;18.821342;193.057310
2020-01-05 03:00;8.739041;190.946792
2020-01-05 04:00;6.981695;341.121097
2020-01-05 05:00;11.225139;274.639956
2020-01-05 06:00;14.916129;234.249689
2020-01-05 07:00;15.769270;204.787373
2020-01-05 08:00;8.262975;270.556475
2020-01-05 09:00;13.714679;195.186212
2020-01-05 10:00;8.840241;287.141244
2020-01-05 11:00;3.124479;261.735625
2020-01-05 12:00;3.392050;308.285457
2020-01-05 13:00;8.028859;253.522936
2020-01-05 14:00;11.194168;131.741271
2020-01-05 15:00;5.912543;198.091521
2020-01-05 16:00;11.554290;113.250937
2020-01-05 17:00;4.273052;247.074004
2020-01-05 18:00;5.061871;264.296018
2020-01-05 19:00;13.511144;213.457059
2020-01-05 20:00;13.548024;289.734371
2020-01-05 21:00;10.164881;265.413283
2020-01-05 22:00;22.073280;269.530643
2020-01-05 23:00;15.488817;280.770239
2020-01-06 00:00;9.456736;267.565588
2020-01-06 01:00;3.321410;269.542754
2020-01-06 02:00;21.078106;242.645776
2020-01-06 03:00;10.383954;184.018335
2020-01-06 04:00;1.723142;235.273421
2020-01-06 05:00;5.399138;213.066988
2020-01-06 06:00;4.214926;190.204038
2020-01-06 07:00;16.040084;249.045848
2020-01-06 08:00;19.146651;220.100769
2020-01-06 09:00;3.202882;73.097041
2020-01-06 10:00;4.778875;232.699834
2020-01-06 11:00;14.365019;249.394598
2020-01-06 12:00;15.098955;11.169445
2020-01-06 13:00;4.315056;219.312033
2020-01-06 14:00;26.470289;239.512987
2020-01-06 15:00;13.342263;276.464392
2020-01-06 16:00;13.443094;289.079269
2020-01-06 17:00;15.974633;283.787799
2020-01-06 18:00;3.491261;157.214363
2020-01-06 19:00;6.419670;283.003930
2020-01-06 20:00;9.506135;251.886700
2020-01-06 21:00;13.047448;254.831997
2020-01-06 22:00;12.781291;252.992960
2020-01-06 23:00;10.863629;253.396501
2020-01-07 00:00;9.900468;251.179498
2020-01-07 01:00;11.085762;227.438034
2020-01-07 02:00;20.612011;281.676805
2020-01-07 03:00;6.966662;236.187985
2020-01-07 04:00;8.972104;303.660438
2020-01-07 05:00;18.133684;277.805719
2020-01-07 06:00;5.389096;229.893172
2020-01-07 07:00;8.259066;301.328293
2020-01-07 08:00;14.613893;210.263792
2020-01-07 09:00;4.319328;222.128214
2020-01-07 10:00;6.035914;239.596343
2020-01-07 11:00;14.556678;188.011869
2020-01-07 12:00;17.364183;250.523979
2020-01-07 13:00;12.894066;236.287471
2020-01-07 14:00;5.060773;351.579384
2020-01-07 15:00;9.976864;156.061850
2020-01-07 16:00;9.621712;257.956825
2020-01-07 17:00;12.608800;229.584559
2020-01-07 18:00;3.929267;221.449706
2020-01-07 19:00;6.197717;231.734588
2020-01-07 20:00;18.790701;303.576658
2020-01-07 21:00;17.855279;238.256966
2020-01-07 22:00;10.592278;307.900610
2020-01-07 23:00;2.669407;187.952450
2020-01-08 00:00;3.640229;297.656867
2020-01-08 01:00;4.625783;15.238292
2020-01-08 02:00;13.363901;33.459503
2020-01-08 03:00;9.387066;241.668546
2020-01-08 04:00;13.774140;272.082918
2020-01-08 05:00;20.535605;252.983139
2020-01-08 06:00;9.798495;261.461618
2020-01-08 07:00;17.108061;234.673246
2020-01-08 08:00;2.584109;188.413922
2020-01-08 09:00;6.725471;142.044822
2020-01-08 10:00;15.525003;107.190609
2020-01-08 11:00;15.641825;231.602217
2020-01-08 12:00;14.519317;232.841713
2020-01-08 13:00;7.116168;203.499895
2020-01-08 14:00;25.331361;234.284168
2020-01-08 15:00;5.544411;232.988460
2020-01-08 16:00;4.132971;224.709609
2020-01-08 17:00;5.215343;321.334435
2020-01-08 18:00;9.402357;195.882381
2020-01-08 19:00;10.777797;82.741002
2020-01-08 20:00;20.701306;252.300928
2020-01-08 21:00;2.990966;223.398345
2020-01-08 22:00;10.881561;171.950726
2020-01-08 23:00;9.947218;141.882924
2020-01-09 00:00;20.055397;278.039077
2020-01-09 01:00;3.978839;238.228858
2020-01-09 02:00;9.554408;169.662048
2020-01-09 03:00;20.500550;297.513806
2020-01-09 04:00;3.259901;104.523888
2020-01-09 05:00;10.562695;219.501977
2020-01-09 06:00;6.698930;223.459431
2020-01-09 07:00;3.274283;260.521805
2020-01-09 08:00;5.660278;119.061601
2020-01-09 09:00;10.209845;243.784097
2020-01-09 10:00;10.820463;183.819771
2020-01-09 11:00;13.916730;265.527229
2020-01-09 12:00;13.159430;268.214878
2020-01-09 13:00;6.184850;223.326814
2020-01-09 14:00;3.888883;243.483124
2020-01-09 15:00;2.297705;194.757386
2020-01-09 16:00;21.578722;223.486540
2020-01-09 17:00;7.581335;283.441148
2020-01-09 18:00;7.085935;244.750576
2020-01-09 19:00;5.761996;104.328523
2020-01-09 20:00;4.756778;202.655405
2020-01-09 21:00;6.788426;260.309955
2020-01-09 22:00;7.814469;233.157296
2020-01-09 23:00;17.164787;259.803625
2020-01-10 00:00;8.792444;239.747602
2020-01-10 01:00;8.308811;220.358066
2020-01-10 02:00;15.161764;209.633413
2020-01-10 03:00;7.114016;39.702715
2020-01-10 04:00;14.889904;237.292923
2020-01-10 05:00;17.063987;169.416876
2020-01-10 06:00;1.885287;217.298979
2020-01-10 07:00;24.097849;263.731390
2020-01-10 08:00;10.529303;254.523809
2020-01-10 09:00;11.691492;287.615617
2020-01-10 10:00;3.400541;172.791811
2020-01-10 11:00;6.416608;234.668148
2020-01-10 12:00;13.578347;223.472442
2020-01-10 13:00;9.561164;204.831965
2020-01-10 14:00;17.448576;215.501171
2020-01-10 15:00;14.778467;188.439992
2020-01-10 16:00;17.123067;282.153870
2020-01-10 17:00;10.677939;295.674528
2020-01-10 18:00;17.181016;196.035168
2020-01-10 19:00;10.627202;198.641096
2020-01-10 20:00;12.515817;178.102085
2020-01-10 21:00;15.592799;206.265102
2020-01-10 22:00;2.863183;131.278212
2020-01-10 23:00;9.511357;200.020237
2020-01-11 00:00;1.866017;285.392039
2020-01-11 01:00;16.601409;227.901461
2020-01-11 02:00;12.039749;89.011822
2020-01-11 03:00;6.174684;222.886083
2020-01-11 04:00;1.266099;301.623355
2020-01-11 05:00;6.909513;80.116278
2020-01-11 06:00;16.624760;258.595592
2020-01-11 07:00;4.455919;198.450807
2020-01-11 08:00;6.448780;228.643485
2020-01-11 09:00;11.158170;197.257183
2020-01-11 10:00;7.613969;247.066850
2020-01-11 11:00;13.267295;241.013124
2020-01-11 12:00;17.538739;277.321359
2020-01-11 13:00;1.886678;71.148067
2020-01-11 14:00;15.600257;268.165093
2020-01-11 15:00;11.716212;269.846196
2020-01-11 16:00;21.315187;216.630945
2020-01-11 17:00;19.681173;245.713540
2020-01-11 18:00;6.604632;108.139025
2020-01-11 19:00;5.758466;319.662838
2020-01-11 20:00;5.433046;323.292365
2020-01-11 21:00;19.859359;224.142394
2020-01-11 22:00;8.854784;287.466252
2020-01-11 23:00;12.414250;227.885755
2020-01-12 00:00;7.262296;352.243313
2020-01-12 01:00;16.538978;156.874496
2020-01-12 02:00;17.412287;218.632967
2020-01-12 03:00;6.966566;64.432593
2020-01-12 04:00;3.578480;190.422872
2020-01-12 05:00;3.559920;211.040922
2020-01-12 06:00;12.142905;336.453265
2020-01-12 07:00;26.891032;276.443512
2020-01-12 08:00;11.124155;217.005572
2020-01-12 09:00;9.719307;335.361346
2020-01-12 10:00;4.808144;196.917619
2020-01-12 11:00;21.418840;239.240820
2020-01-12 12:00;22.025904;241.215473
2020-01-12 13:00;12.456034;213.947379
2020-01-12 14:00;8.538124;200.061431
2020-01-12 15:00;10.746197;289.783248
2020-01-12 16:00;11.872487;255.808991
2020-01-12 17:00;13.321020;226.890119
2020-01-12 18:00;15.827495;232.276858
2020-01-12 19:00;5.602056;26.581959
2020-01-12 20:00;17.144392;137.238409
2020-01-12 21:00;1.969736;244.048164
2020-01-12 22:00;16.390021;200.079062
2020-01-12 23:00;14.277663;192.819207
2020-01-13 00:00;15.387573;217.590816
2020-01-13 01:00;1.366151;265.630560
2020-01-13 02:00;21.283234;199.031422
2020-01-13 03:00;3.499886;352.825167
2020-01-13 04:00;5.684225;341.596200
2020-01-13 05:00;12.158330;154.491153
2020-01-13 06:00;3.760148;206.437320
2020-01-13 07:00;6.864501;259.683919
2020-01-13 08:00;10.426629;229.792865
2020-01-13 09:00;15.170593;250.545226
2020-01-13 10:00;15.216909;62.600154
2020-01-13 11:00;4.045128;233.777182
2020-01-13 12:00;6.272569;282.114063
2020-01-13 13:00;13.274295;84.247214
2020-01-13 14:00;20.428619;259.541899
2020-01-13 15:00;4.191449;318.446021
2020-01-13 16:00;11.633811;249.122041
2020-01-13 17:00;16.095910;61.453860
2020-01-13 18:00;9.677952;234.853407
2020-01-13 19:00;11.576152;217.929770
2020-01-13 20:00;17.648651;241.937774
2020-01-13 21:00;23.857583;254.424109
2020-01-13 22:00;15.425772;230.767414
2020-01-13 23:00;8.523973;223.783655
2020-01-14 00:00;10.837433;283.041383
2020-01-14 01:00;14.150444;201.312151
2020-01-14 02:00;15.644910;276.055432
2020-01-14 03:00;3.228275;246.188436
2020-01-14 04:00;23.965729;211.849302
2020-01-14 05:00;19.295994;229.850634
2020-01-14 06:00;30.020451;207.800224
2020-01-14 07:00;22.872618;263.627258
2020-01-14 08:00;6.991623;282.508603
2020-01-14 09:00;4.221911;41.906844
2020-01-14 10:00;11.528164;99.480117
2020-01-14 11:00;15.647158;250.560063
2020-01-14 12:00;12.145162;273.508496
2020-01-14 13:00;6.186452;236.015728
2020-01-14 14:00;22.246614;254.642338
2020-01-14 15:00;1.283488;199.659460
2020-01-14 16:00;6.819994;242.364922
2020-01-14 17:00;13.559195;229.805098
2020-01-14 18:00;7.706874;118.473495
2020-01-14 19:00;9.857512;187.157962
2020-01-14 20:00;8.849936;262.546668
2020-01-14 21:00;5.103275;231.952363
2020-01-14 22:00;32.320427;252.551282
2020-01-14 23:00;2.491591;350.485576
2020-01-15 00:00;3.876070;251.212642
2020-01-15 01:00;18.319868;202.460302
2020-01-15 02:00;5.533443;100.751323
2020-01-15 03:00;5.965510;180.375939
2020-01-15 04:00;6.017110;203.626641
2020-01-15 05:00;2.644222;304.107131
2020-01-15 06:00;18.441804;291.199480
2020-01-15 07:00;5.966113;249.734421
2020-01-15 08:00;18.149157;290.651828
2020-01-15 09:00;17.916486;190.121845
2020-01-15 10:00;11.800333;233.305317
2020-01-15 11:00;20.568586;239.304305
2020-01-15 12:00;23.475714;299.169903
2020-01-15 13:00;16.640911;261.774383
2020-01-15 14:00;11.136666;186.481749
2020-01-15 15:00;12.308010;310.937268
2020-01-15 16:00;12.825989;226.174654
2020-01-15 17:00;7.056681;209.218910
2020-01-15 18:00;5.884324;291.618793
2020-01-15 19:00;14.980698;341.957156
2020-01-15 20:00;9.748531;115.635415
2020-01-15 21:00;5.057306;247.657510
2020-01-15 22:00;17.708990;269.571107
2020-01-15 23:00;20.517112;274.766767
2020-01-16 00:00;2.021732;17.695336
2020-01-16 01:00;15.085301;300.232962
2020-01-16 02:00;9.938907;273.140156
2020-01-16 03:00;11.012162;226.727963
2020-01-16 04:00;10.744462;211.346905
2020-01-16 05:00;23.760165;228.911791
2020-01-16 06:00;7.943212;244.318245
2020-01-16 07:00;15.251553;217.319430
2020-01-16 08:00;11.233832;180.481347
2020-01-16 09:00;6.997667;39.924131
2020-01-16 10:00;10.756890;252.759857
2020-01-16 11:00;16.749325;226.190006
2020-01-16 12:00;14.481634;265.698666
2020-01-16 13:00;4.384568;2.417407
2020-01-16 14:00;23.956633;144.563020
2020-01-16 15:00;17.569385;218.884784
2020-01-16 16:00;2.683871;233.066380
2020-01-16 17:00;13.555822;265.162920
2020-01-16 18:00;8.551989;247.934460
2020-01-16 19:00;16.726477;280.684742
2020-01-16 20:00;10.551815;201.912589
2020-01-16 21:00;2.167352;188.230176
2020-01-16 22:00;26.387294;199.537720
2020-01-16 23:00;9.682922;244.289043
2020-01-17 00:00;12.834503;212.136963
2020-01-17 01:00;12.354907;222.947365
2020-01-17 02:00;14.010438;205.874996
2020-01-17 03:00;12.798275;218.284980
2020-01-17 04:00;7.297238;299.807747
2020-01-17 05:00;20.750889;355.202437
2020-01-17 06:00;5.872419;267.821187
2020-01-17 07:00;8.872984;223.184392
2020-01-17 08:00;9.447010;232.745697
2020-01-17 09:00;6.595324;298.337859
2020-01-17 10:00;11.262362;258.593793
2020-01-17 11:00;10.936155;21.718945
2020-01-17 12:00;15.044979;295.795492
2020-01-17 13:00;13.039036;201.658479
2020-01-17 14:00;19.135247;252.687587
2020-01-17 15:00;12.764532;255.539699
2020-01-17 16:00;6.725362;305.335899
2020-01-17 17:00;3.373964;260.423694
2020-01-17 18:00;9.990327;189.651707
2020-01-17 19:00;11.173372;314.158106
2020-01-17 20:00;12.862033;193.028444
2020-01-17 21:00;6.304456;272.193254
2020-01-17 22:00;20.053435;200.760706
2020-01-17 23:00;8.391508;280.280906
2020-01-18 00:00;26.577621;246.204201
2020-01-18 01:00;9.022591;245.544802
2020-01-18 02:00;5.292312;241.867031
2020-01-18 03:00;12.554843;278.525693
2020-01-18 04:00;14.464462;60.435329
2020-01-18 05:00;10.769173;168.192004
2020-01-18 06:00;14.509050;213.397942
2020-01-18 07:00;3.606959;19.638754
2020-01-18 08:00;8.170920;224.583613
2020-01-18 09:00;8.223555;266.943730
2020-01-18 10:00;6.093152;275.536445
2020-01-18 11:00;14.617815;234.827987
2020-01-18 12:00;10.830803;232.995396
2020-01-18 13:00;8.288214;356.966099
2020-01-18 14:00;12.734202;277.906873
2020-01-18 15:00;7.719956;229.528310
2020-01-18 16:00;26.229164;303.287429
2020-01-18 17:00;8.054933;119.032855
2020-01-18 18:00;20.522680;299.848311
2020-01-18 19:00;4.435596;99.986668
2020-01-18 20:00;16.771460;277.724180
2020-01-18 21:00;12.396664;207.189130
2020-01-18 22:00;6.728216;308.292878
2020-01-18 23:00;11.994045;208.621582
2020-01-19 00:00;8.365475;273.404780
2020-01-19 01:00;6.874398;259.056183
2020-01-19 02:00;16.374569;24.651222
2020-01-19 03:00;15.838273;277.818654
2020-01-19 04:00;7.121216;187.507042
2020-01-19 05:00;23.037783;287.515013
2020-01-19 06:00;13.441639;91.338907
2020-01-19 07:00;17.166211;221.014766
2020-01-19 08:00;16.068146;1.984456
2020-01-19 09:00;6.604768;245.162995
2020-01-19 10:00;5.782207;266.942840
2020-01-19 11:00;15.400100;309.982634
2020-01-19 12:00;10.586592;277.825413
2020-01-19 13:00;12.254734;284.922732
2020-01-19 14:00;17.780062;221.104762
2020-01-19 15:00;17.260095;243.728332
2020-01-19 16:00;1.037117;259.704390
2020-01-19 17:00;13.466171;239.379022
2020-01-19 18:00;25.953480;250.557233
2020-01-19 19:00;15.201543;242.191219
2020-01-19 20:00;15.509040;269.548537
2020-01-19 21:00;14.444107;193.871550
2020-01-19 22:00;6.585110;227.757027
2020-01-19 23:00;32.220353;211.008952
2020-01-20 00:00;16.347132;351.899643
2020-01-20 01:00;14.328429;281.035793
2020-01-20 02:00;8.898317;237.041748
2020-01-20 03:00;11.879555;267.543053
2020-01-20 04:00;3.520395;194.592265
2020-01-20 05:00;12.450356;357.166037
2020-01-20 06:00;8.166163;203.281807
2020-01-20 07:00;2.162249;353.229008
2020-01-20 08:00;4.833975;277.382710
2020-01-20 09:00;13.288208;251.621351
2020-01-20 10:00;14.669145;211.924045
2020-01-20 11:00;5.038046;11.496503
2020-01-20 12:00;10.825047;58.162606
2020-01-20 13:00;7.227509;227.925933
2020-01-20 14:00;13.568517;152.287556
2020-01-20 15:00;10.660484;209.972576
2020-01-20 16:00;3.637269;233.346189
2020-01-20 17:00;12.428468;293.074973
2020-01-20 18:00;15.571111;245.626007
2020-01-20 19:00;8.528982;242.554715
2020-01-20 20:00;4.997651;226.220258
2020-01-20 21:00;15.171931;201.182908
2020-01-20 22:00;1.000000;103.520239
2020-01-20 23:00;26.585786;256.216562
2020-01-21 00:00;4.998707;259.148348
2020-01-21 01:00;15.234198;132.217464
2020-01-21 02:00;8.152666;222.963358
2020-01-21 03:00;23.446992;324.846708
2020-01-21 04:00;12.874134;215.306522
2020-01-21 05:00;6.127851;146.817351
2020-01-21 06:00;5.661667;305.561975
2020-01-21 07:00;9.425294;227.925052
2020-01-21 08:00;7.286945;287.440331
2020-01-21 09:00;8.290126;54.536736
2020-01-21 10:00;12.541770;176.468870
2020-01-21 11:00;28.382179;244.965724
2020-01-21 12:00;13.620515;247.614997
2020-01-21 13:00;7.785754;216.331878
2020-01-21 14:00;12.765906;280.013177
2020-01-21 15:00;3.675989;173.907789
2020-01-21 16:00;10.805209;232.525938
2020-01-21 17:00;12.699488;263.277312
2020-01-21 18:00;7.071498;193.154862
2020-01-21 19:00;25.944139;252.643881
2020-01-21 20:00;14.679327;192.445709
2020-01-21 21:00;7.283629;255.878494
2020-01-21 22:00;8.098081;180.844402
2020-01-21 23:00;5.159518;214.513174
2020-01-22 00:00;3.656832;283.130619
2020-01-22 01:00;8.645260;250.441734
2020-01-22 02:00;7.740221;239.654937
2020-01-22 03:00;1.269022;255.442021
2020-01-22 04:00;4.848002;62.433454
2020-01-22 05:00;19.072256;196.277883
2020-01-22 06:00;28.696447;229.835997
2020-01-22 07:00;11.295317;245.001978
2020-01-22 08:00;12.099759;23.824545
2020-01-22 09:00;11.086430;235.329195
2020-01-22 10:00;14.487057;285.425512
2020-01-22 11:00;6.383560;206.126305
2020-01-22 12:00;14.446415;307.433195
2020-01-22 13:00;15.316527;158.535452
2020-01-22 14:00;9.569998;180.029620
2020-01-22 15:00;4.053013;28.292635
2020-01-22 16:00;16.134406;251.994205
2020-01-22 17:00;15.005846;213.369512
2020-01-22 18:00;17.361653;214.062182
2020-01-22 19:00;13.955142;231.690451
2020-01-22 20:00;9.505499;265.871233
2020-01-22 21:00;3.725930;222.103316
2020-01-22 22:00;4.256267;329.717416
2020-01-22 23:00;10.216990;250.149090
2020-01-23 00:00;16.224417;236.409865
2020-01-23 01:00;11.851081;290.724089
2020-01-23 02:00;11.882994;261.919842
2020-01-23 03:00;12.724617;252.925037
2020-01-23 04:00;8.267843;228.410087
2020-01-23 05:00;2.042776;303.489496
2020-01-23 06:00;15.674259;268.413756
2020-01-23 07:00;9.612418;232.880603
2020-01-23 08:00;7.739323;184.798030
2020-01-23 09:00;10.217706;177.376168
2020-01-23 10:00;15.996739;199.969097
2020-01-23 11:00;13.613966;179.941892
2020-01-23 12:00;13.749726;230.229697
2020-01-23 13:00;9.231397;249.851489
2020-01-23 14:00;22.677885;284.886843
2020-01-23 15:00;9.568006;249.885814
2020-01-23 16:00;16.262676;290.769309
2020-01-23 17:00;9.342639;197.094105
2020-01-23 18:00;12.698956;239.211374
2020-01-23 19:00;6.678233;33.570495
2020-01-23 20:00;2.913869;270.178616
2020-01-23 21:00;1.819539;244.062124
2020-01-23 22:00;17.596649;154.015268
2020-01-23 23:00;4.714354;70.133621
2020-01-24 00:00;21.264490;252.528422
2020-01-24 01:00;15.615797;254.520324
2020-01-24 02:00;8.511517;196.257850
2020-01-24 03:00;8.567224;246.143852
2020-01-24 04:00;18.274294;228.787312
2020-01-24 05:00;10.011509;197.130278
2020-01-24 06:00;16.227946;273.544234
2020-01-24 07:00;11.237990;227.334946
2020-01-24 08:00;16.199632;210.166348
2020-01-24 09:00;16.614249;226.793914
2020-01-24 10:00;13.769782;244.837011
2020-01-24 11:00;21.661476;241.582491
2020-01-24 12:00;8.783551;234.192338
2020-01-24 13:00;6.981721;256.534262
2020-01-24 14:00;15.403313;288.075278
2020-01-24 15:00;8.717571;37.219437
2020-01-24 16:00;10.127446;277.399746
2020-01-24 17:00;7.534499;223.322155
2020-01-24 18:00;11.691416;266.986726
2020-01-24 19:00;10.284830;237.970840
2020-01-24 20:00;18.062129;277.604393
2020-01-24 21:00;7.841402;204.875415
2020-01-24 22:00;4.625687;212.715479
2020-01-24 23:00;6.913699;284.405605
2020-01-25 00:00;3.102982;233.137061
2020-01-25 01:00;19.647482;227.436377
2020-01-25 02:00;7.605244;242.715035
2020-01-25 03:00;8.970804;215.867589
2020-01-25 04:00;17.778244;286.617948
2020-01-25 05:00;13.328587;196.279307
2020-01-25 06:00;13.389915;234.729070
2020-01-25 07:00;14.793731;252.143347
2020-01-25 08:00;13.410605;236.344353
2020-01-25 09:00;6.876812;98.829451
2020-01-25 10:00;4.077145;119.947144
2020-01-25 11:00;28.214229;181.194765
2020-01-25 12:00;9.881605;203.933184
2020-01-25 13:00;10.303355;262.618495
2020-01-25 14:00;11.084604;186.654807
2020-01-25 15:00;14.995944;246.418120
2020-01-25 16:00;8.725490;237.653417
2020-01-25 17:00;12.053868;196.174682
2020-01-25 18:00;12.487275;210.371116
2020-01-25 19:00;20.647304;239.351142
2020-01-25 20:00;11.785053;203.737421
2020-01-25 21:00;2.464170;186.838912
2020-01-25 22:00;4.028929;185.204372
2020-01-25 23:00;9.299798;241.786188
2020-01-26 00:00;19.839617;199.510946
2020-01-26 01:00;19.849540;192.229214
2020-01-26 02:00;5.594879;231.907092
2020-01-26 03:00;5.735820;181.584263
2020-01-26 04:00;8.983043;249.713913
2020-01-26 05:00;11.402690;95.148842
2020-01-26 06:00;6.284999;247.445142
2020-01-26 07:00;11.435541;267.404376
2020-01-26 08:00;17.580340;192.991897
2020-01-26 09:00;12.507303;18.451553
2020-01-26 10:00;9.053775;76.442553
2020-01-26 11:00;16.368128;108.593151
2020-01-26 12:00;3.442331;233.280237
2020-01-26 13:00;15.305434;216.694337
2020-01-26 14:00;18.892633;230.956591
2020-01-26 15:00;3.189673;212.903076
2020-01-26 16:00;12.136215;155.235844
2020-01-26 17:00;21.958492;198.192205
2020-01-26 18:00;14.939454;256.647853
2020-01-26 19:00;13.093885;294.497728
2020-01-26 20:00;4.643365;303.475306
2020-01-26 21:00;12.656458;243.386311
2020-01-26 22:00;5.207375;245.614727
2020-01-26 23:00;1.113154;106.811441
2020-01-27 00:00;5.589498;192.450661
2020-01-27 01:00;6.355441;180.572106
2020-01-27 02:00;16.730186;241.081056
2020-01-27 03:00;11.662986;178.322965
2020-01-27 04:00;14.090992;127.419477
2020-01-27 05:00;11.032723;94.796690
2020-01-27 06:00;18.755481;190.297568
2020-01-27 07:00;4.503416;241.130338
2020-01-27 08:00;10.596476;283.400634
2020-01-27 09:00;17.080258;252.652937
2020-01-27 10:00;10.144455;258.281260
2020-01-27 11:00;8.934378;271.735914
2020-01-27 12:00;14.951544;300.653708
2020-01-27 13:00;10.727412;218.725887
2020-01-27 14:00;9.731406;294.195801
2020-01-27 15:00;11.226406;179.166474
2020-01-27 16:00;19.051846;220.884091
2020-01-27 17:00;7.285561;94.844875
2020-01-27 18:00;6.586901;218.796550
2020-01-27 19:00;5.496091;255.226343
2020-01-27 20:00;10.653893;218.729078
2020-01-27 21:00;7.284026;295.589467
2020-01-27 22:00;7.580276;218.872880
2020-01-27 23:00;3.564397;225.446243
2020-01-28 00:00;8.483329;236.245581
2020-01-28 01:00;10.408928;290.748907
2020-01-28 02:00;5.030483;72.374197
2020-01-28 03:00;8.326790;113.233561
2020-01-28 04:00;7.552766;319.729863
2020-01-28 05:00;6.061422;82.060510
2020-01-28 06:00;8.115153;274.178448
2020-01-28 07:00;3.847854;287.556983
2020-01-28 08:00;2.850901;266.182912
2020-01-28 09:00;8.090243;215.984099
2020-01-28 10:00;18.616642;28.533173
2020-01-28 11:00;19.284388;266.093876
2020-01-28 12:00;8.235999;219.056939
2020-01-28 13:00;24.424097;266.849149
2020-01-28 14:00;11.254699;323.708959
2020-01-28 15:00;8.687865;94.839630
2020-01-28 16:00;14.491392;213.672847
2020-01-28 17:00;8.722503;279.205116
2020-01-28 18:00;34.661946;310.642349
2020-01-28 19:00;6.917022;280.638145
2020-01-28 20:00;8.455580;107.458680
2020-01-28 21:00;2.776631;251.597046
2020-01-28 22:00;5.836054;132.569238
2020-01-28 23:00;13.812618;244.912975
2020-01-29 00:00;11.682212;290.832534
2020-01-29 01:00;13.581881;197.299777
2020-01-29 02:00;18.720255;202.405188
2020-01-29 03:00;10.168630;288.973540
2020-01-29 04:00;5.173941;250.262480
2020-01-29 05:00;11.857772;243.722122
2020-01-29 06:00;13.411893;337.626233
2020-01-29 07:00;9.944804;239.733077
2020-01-29 08:00;12.066308;199.542214
2020-01-29 09:00;3.314059;118.076666
2020-01-29 10:00;7.854539;85.215921
2020-01-29 11:00;29.898636;252.898910
2020-01-29 12:00;7.530394;269.760531
2020-01-29 13:00;4.861752;218.801760
2020-01-29 14:00;19.640646;288.185388
2020-01-29 15:00;14.004075;252.084744
2020-01-29 16:00;8.157625;256.843604
2020-01-29 17:00;3.567490;8.416664
2020-01-29 18:00;12.991352;212.104677
2020-01-29 19:00;4.596095;243.060224
2020-01-29 20:00;10.770689;202.381907
2020-01-29 21:00;3.092585;297.068300
2020-01-29 22:00;19.805751;256.986771
2020-01-29 23:00;12.165806;64.905611
2020-01-30 00:00;2.782719;67.878093
2020-01-30 01:00;5.215785;266.556869
2020-01-30 02:00;12.412636;267.917894
2020-01-30 03:00;6.367349;194.525905
2020-01-30 04:00;13.286146;284.294008
2020-01-30 05:00;7.688634;107.095701
2020-01-30 06:00;10.025979;100.201407
2020-01-30 07:00;12.717517;300.176618
2020-01-30 08:00;16.576303;245.028457
2020-01-30 09:00;12.762580;256.843639
2020-01-30 10:00;19.583871;175.778555
2020-01-30 11:00;12.378417;217.749037
2020-01-30 12:00;5.947580;192.763300
2020-01-30 13:00;7.928790;300.491787
2020-01-30 14:00;2.979231;26.833730
2020-01-30 15:00;2.610527;226.983475
2020-01-30 16:00;2.703721;283.822938
2020-01-30 17:00;8.144083;206.868731
2020-01-30 18:00;3.697699;227.768779
2020-01-30 19:00;22.749000;110.662272
2020-01-30 20:00;14.286329;258.933949
2020-01-30 21:00;3.725706;70.251975
2020-01-30 22:00;4.221416;317.549827
2020-01-30 23:00;6.604249;272.118537
2020-01-31 00:00;13.790086;255.424736
2020-01-31 01:00;7.809097;251.988039
2020-01-31 02:00;18.105436;256.588147
2020-01-31 03:00;4.188113;199.172273
2020-01-31 04:00;7.446115;281.591475
2020-01-31 05:00;1.961444;227.799978
2020-01-31 06:00;14.047968;161.404232
2020-01-31 07:00;10.785969;243.311771
2020-01-31 08:00;3.914846;52.168794
2020-01-31 09:00;17.764314;206.394711
2020-01-31 10:00;24.841112;236.442910
2020-01-31 11:00;10.332076;216.009530
2020-01-31 12:00;7.224456;226.679586
2020-01-31 13:00;23.962171;241.613254
2020-01-31 14:00;9.622868;196.536704
2020-01-31 15:00;6.384373;230.282122
2020-01-31 16:00;8.284618;188.691141
2020-01-31 17:00;16.706120;220.112033
2020-01-31 18:00;6.712946;103.517871
2020-01-31 19:00;8.810815;202.932876
2020-01-31 20:00;13.109629;179.803126
2020-01-31 21:00;2.365927;282.677411
2020-01-31 22:00;4.575928;257.817068
2020-01-31 23:00;16.934173;172.888758
2020-02-01 00:00;6.113962;219.111034
2020-02-01 01:00;9.374637;60.459558
2020-02-01 02:00;13.546374;215.816956
2020-02-01 03:00;11.380314;189.359077
2020-02-01 04:00;9.287079;266.403500
2020-02-01 05:00;5.976316;105.455951
2020-02-01 06:00;7.970547;256.385212
2020-02-01 07:00;10.992086;189.179110
2020-02-01 08:00;6.274891;288.140586
2020-02-01 09:00;8.796736;176.479470
2020-02-01 10:00;10.651079;300.851074
2020-02-01 11:00;3.631367;271.384940
2020-02-01 12:00;9.383829;260.057310
2020-02-01 13:00;4.397843;66.242472
2020-02-01 14:00;4.095850;247.174251
2020-02-01 15:00;5.305933;268.751762
2020-02-01 16:00;4.025104;214.155511
2020-02-01 17:00;17.812483;279.702509
2020-02-01 18:00;9.112161;245.873909
2020-02-01 19:00;19.886101;244.697000
2020-02-01 20:00;6.155057;30.202234
2020-02-01 21:00;4.685008;316.168671
2020-02-01 22:00;12.052772;240.310146
2020-02-01 23:00;5.863847;35.167998
2020-02-02 00:00;11.490758;213.551518
2020-02-02 01:00;15.444749;146.345960
2020-02-02 02:00;9.853304;265.844336
2020-02-02 03:00;10.406813;252.403038
2020-02-02 04:00;18.726563;157.379761
2020-02-02 05:00;27.734588;275.279895
2020-02-02 06:00;5.093940;105.452978
2020-02-02 07:00;9.383037;197.428681
2020-02-02 08:00;4.275694;261.114834
2020-02-02 09:00;18.237471;259.699730
2020-02-02 10:00;28.073160;206.922046
2020-02-02 11:00;5.850549;161.882770
2020-02-02 12:00;14.772213;197.663071
2020-02-02 13:00;5.664684;179.344905
2020-02-02 14:00;12.368963;199.604000
2020-02-02 15:00;17.544359;289.727995
2020-02-02 16:00;15.828139;233.845015
2020-02-02 17:00;5.312803;226.978016
2020-02-02 18:00;3.209148;237.824480
2020-02-02 19:00;13.514350;219.118513
2020-02-02 20:00;6.287529;215.840781
2020-02-02 21:00;17.578623;217.557458
2020-02-02 22:00;5.825433;264.778443
2020-02-02 23:00;8.825752;275.715956
2020-02-03 00:00;2.825514;203.071760
2020-02-03 01:00;15.292943;341.103484
2020-02-03 02:00;3.639177;267.587253
2020-02-03 03:00;12.566496;147.084295
2020-02-03 04:00;9.332575;9.160536
2020-02-03 05:00;13.932018;203.667754
2020-02-03 06:00;8.045973;194.814001
2020-02-03 07:00;6.902243;76.773063
2020-02-03 08:00;4.242254;255.353335
2020-02-03 09:00;15.720852;262.089518
2020-02-03 10:00;8.094419;238.970233
2020-02-03 11:00;15.895984;254.441957
2020-02-03 12:00;4.562105;229.770098
2020-02-03 13:00;3.813118;351.453431
2020-02-03 14:00;11.540612;236.826440
2020-02-03 15:00;16.412385;239.825135
2020-02-03 16:00;11.311769;215.295058
2020-02-03 17:00;13.445771;58.404235
2020-02-03 18:00;18.173998;279.261784
2020-02-03 19:00;6.576209;348.048400
2020-02-03 20:00;24.504289;299.972181
2020-02-03 21:00;18.951224;324.858197
2020-02-03 22:00;1.169811;258.220875
2020-02-03 23:00;15.482776;225.694282
2020-02-04 00:00;4.481661;190.377901
2020-02-04 01:00;17.244412;210.951773
2020-02-04 02:00;18.537448;279.029318
2020-02-04 03:00;18.499054;228.930330
2020-02-04 04:00;15.015491;214.425921
2020-02-04 05:00;13.843252;195.686655
2020-02-04 06:00;1.059789;222.726968
2020-02-04 07:00;10.425712;208.760197
2020-02-04 08:00;17.327352;221.382035
2020-02-04 09:00;21.810087;215.758661
2020-02-04 10:00;7.870223;235.781067
2020-02-04 11:00;6.782093;101.694411
2020-02-04 12:00;9.555569;345.694001
2020-02-04 13:00;12.159458;220.556664
2020-02-04 14:00;3.842055;246.559881
2020-02-04 15:00;29.383163;270.646542
2020-02-04 16:00;14.635410;237.748613
2020-02-04 17:00;6.718757;171.544079
2020-02-04 18:00;1.916703;237.407519
2020-02-04 19:00;9.161354;211.551738
2020-02-04 20:00;4.721284;237.764950
2020-02-04 21:00;12.136262;97.917687
2020-02-04 22:00;6.058455;205.311648
2020-02-04 23:00;9.419793;240.759634
2020-02-05 00:00;10.702966;207.734043
2020-02-05 01:00;6.637610;258.049649
2020-02-05 02:00;5.619403;236.387337
2020-02-05 03:00;1.000000;241.395045
2020-02-05 04:00;18.027328;208.808337
2020-02-05 05:00;23.725198;268.131515
2020-02-05 06:00;3.781954;273.818980
2020-02-05 07:00;10.540843;270.153338
2020-02-05 08:00;11.392250;317.958513
2020-02-05 09:00;8.588321;238.161822
2020-02-05 10:00;17.854375;282.119099
2020-02-05 11:00;8.006140;235.666027
2020-02-05 12:00;11.768807;253.793055
2020-02-05 13:00;10.287111;252.786810
2020-02-05 14:00;2.466290;49.753277
2020-02-05 15:00;17.522389;263.038966
2020-02-05 16:00;9.354777;229.362227
2020-02-05 17:00;10.230305;333.342647
2020-02-05 18:00;20.009600;258.735838
2020-02-05 19:00;2.053841;301.174887
2020-02-05 20:00;11.005621;210.517517
2020-02-05 21:00;4.594941;297.476193
2020-02-05 22:00;7.460334;119.226997
2020-02-05 23:00;13.596260;243.147495
2020-02-06 00:00;2.285988;246.124198
2020-02-06 01:00;16.307712;243.227623
2020-02-06 02:00;12.511477;325.091126
2020-02-06 03:00;3.381275;274.161743
2020-02-06 04:00;9.777633;238.275623
2020-02-06 05:00;10.056639;223.565851
2020-02-06 06:00;13.156295;227.889689
2020-02-06 07:00;1.000000;345.507133
2020-02-06 08:00;17.063210;232.104018
2020-02-06 09:00;12.653557;184.957230
2020-02-06 10:00;2.816771;8.390561
2020-02-06 11:00;4.820872;225.129199
2020-02-06 12:00;17.670845;233.389187
2020-02-06 13:00;7.393684;162.335224
2020-02-06 14:00;7.296686;81.134863
2020-02-06 15:00;10.411425;221.381983
2020-02-06 16:00;20.394214;224.649780
2020-02-06 17:00;12.277337;111.994744
2020-02-06 18:00;18.298910;113.741692
2020-02-06 19:00;9.649485;247.575915
2020-02-06 20:00;6.242551;169.156504
2020-02-06 21:00;3.892207;254.768932
2020-02-06 22:00;21.152338;248.755686
2020-02-06 23:00;9.829810;134.330099
2020-02-07 00:00;19.887312;263.866294
2020-02-07 01:00;4.274587;246.144248
2020-02-07 02:00;11.720941;138.956068
2020-02-07 03:00;1.000000;234.721678
2020-02-07 04:00;22.502904;197.365472
2020-02-07 05:00;9.112866;206.345541
2020-02-07 06:00;9.447779;174.098219
2020-02-07 07:00;20.575694;216.202402
2020-02-07 08:00;10.173183;286.744090
2020-02-07 09:00;15.930416;220.522891
2020-02-07 10:00;1.000000;249.676952
2020-02-07 11:00;8.488088;329.233097
2020-02-07 12:00;13.733502;215.480791
2020-02-07 13:00;1.505708;286.839783
2020-02-07 14:00;9.398628;260.377205
2020-02-07 15:00;8.537676;178.686980
2020-02-07 16:00;9.251690;276.449077
2020-02-07 17:00;17.333857;202.382298
2020-02-07 18:00;9.741841;233.773012
2020-02-07 19:00;6.770357;263.383970
2020-02-07 20:00;22.747138;229.505139
2020-02-07 21:00;4.299743;291.112022
2020-02-07 22:00;14.003117;266.644232
2020-02-07 23:00;15.538057;206.280110
2020-02-08 00:00;14.971790;223.464805
2020-02-08 01:00;6.263691;249.872581
2020-02-08 02:00;12.407276;226.782170
2020-02-08 03:00;6.253137;62.100382
2020-02-08 04:00;6.620052;267.992472
2020-02-08 05:00;12.149683;251.087346
2020-02-08 06:00;25.840383;207.778334
2020-02-08 07:00;20.922160;246.111223
2020-02-08 08:00;11.141677;269.619906
2020-02-08 09:00;10.613345;197.468267
2020-02-08 10:00;8.976499;200.448045
2020-02-08 11:00;10.237559;157.524255
2020-02-08 12:00;3.117471;239.016020
2020-02-08 13:00;13.045443;201.133255
2020-02-08 14:00;2.352693;199.882683
2020-02-08 15:00;7.345118;233.562466
2020-02-08 16:00;6.763875;67.799872
2020-02-08 17:00;7.710841;207.576216
2020-02-08 18:00;20.687395;234.220564
2020-02-08 19:00;5.228098;191.581334
2020-02-08 20:00;11.062403;127.015623
2020-02-08 21:00;11.803437;90.557475
2020-02-08 22:00;6.847560;256.058814
2020-02-08 23:00;19.017912;203.498390
2020-02-09 00:00;4.051449;53.204369
2020-02-09 01:00;14.112071;185.559672
2020-02-09 02:00;15.169876;226.783427
2020-02-09 03:00;8.750857;170.898363
2020-02-09 04:00;19.285678;260.628467
2020-02-09 05:00;13.539168;341.008607
2020-02-09 06:00;7.395122;21.546466
2020-02-09 07:00;8.801315;38.346206
2020-02-09 08:00;14.561610;301.428205
2020-02-09 09:00;10.643887;215.472179
2020-02-09 10:00;25.769109;209.753000
2020-02-09 11:00;5.203319;352.429831
2020-02-09 12:00;12.201159;137.516844
2020-02-09 13:00;11.120458;221.413810
2020-02-09 14:00;8.908491;93.645769
2020-02-09 15:00;16.445041;223.923030
2020-02-09 16:00;5.778459;184.564437
2020-02-09 17:00;6.338589;275.882271
2020-02-09 18:00;11.526262;352.175722
2020-02-09 19:00;6.318936;93.169816
2020-02-09 20:00;14.958311;207.853381
2020-02-09 21:00;16.569587;243.732482
2020-02-09 22:00;25.939562;231.846823
2020-02-09 23:00;15.368041;259.865000
2020-02-10 00:00;12.528625;150.893339
2020-02-10 01:00;15.520980;228.078127
2020-02-10 02:00;26.311404;266.586530
2020-02-10 03:00;5.019198;340.732067
2020-02-10 04:00;15.751609;11.464613
2020-02-10 05:00;25.332513;251.430936
2020-02-10 06:00;11.298959;251.784042
2020-02-10 07:00;20.955034;230.532871
2020-02-10 08:00;14.004216;194.027184
2020-02-10 09:00;6.853674;214.076370
2020-02-10 10:00;7.228987;302.302990
2020-02-10 11:00;8.892306;209.356350
2020-02-10 12:00;7.541105;172.793758
2020-02-10 13:00;2.938449;213.074962
2020-02-10 14:00;11.871489;237.838962
2020-02-10 15:00;12.320944;306.407191
2020-02-10 16:00;11.048866;237.354951
2020-02-10 17:00;7.972945;242.928029
2020-02-10 18:00;10.561874;271.380143
2020-02-10 19:00;7.006908;141.575640
2020-02-10 20:00;6.306442;265.612259
2020-02-10 21:00;15.016355;40.919271
2020-02-10 22:00;14.651878;147.006927
2020-02-10 23:00;5.353982;236.693824
2020-02-11 00:00;27.097826;242.498595
2020-02-11 01:00;5.541781;199.334434
2020-02-11 02:00;6.526513;249.521125
2020-02-11 03:00;5.742996;309.887164
2020-02-11 04:00;9.685030;242.582168
2020-02-11 05:00;8.692249;228.606864
2020-02-11 06:00;13.138629;253.911191
2020-02-11 07:00;5.479154;178.988168
2020-02-11 08:00;3.414578;320.794349
2020-02-11 09:00;10.821141;21.730623
2020-02-11 10:00;5.601590;190.129385
2020-02-11 11:00;10.285214;305.881839
2020-02-11 12:00;18.142073;221.072931
2020-02-11 13:00;14.768575;288.649011
2020-02-11 14:00;9.092219;216.748027
2020-02-11 15:00;3.890184;231.951010
2020-02-11 16:00;2.274184;260.062066
2020-02-11 17:00;16.885489;250.633940
2020-02-11 18:00;9.032567;246.721902
2020-02-11 19:00;6.213387;39.173444
2020-02-11 20:00;7.091747;192.184474
2020-02-11 21:00;4.395134;226.365628
2020-02-11 22:00;1.904093;92.177123
2020-02-11 23:00;12.125565;246.909478
2020-02-12 00:00;6.433121;220.960065
2020-02-12 01:00;10.033267;238.457931
2020-02-12 02:00;2.569025;237.294760
2020-02-12 03:00;4.852198;238.727037
2020-02-12 04:00;12.289099;112.937548
2020-02-12 05:00;8.737085;201.189090
2020-02-12 06:00;5.657192;203.109902
2020-02-12 07:00;15.669618;28.572387
2020-02-12 08:00;19.379958;172.865709
2020-02-12 09:00;5.994517;253.095663
2020-02-12 10:00;14.318014;260.543438
2020-02-12 11:00;13.784458;288.298877
2020-02-12 12:00;14.072727;198.719917
2020-02-12 13:00;19.254776;257.848335
2020-02-12 14:00;7.094989;202.372406
2020-02-12 15:00;29.276791;290.373070
2020-02-12 16:00;13.990322;256.948394
2020-02-12 17:00;7.381311;296.502084
2020-02-12 18:00;17.789928;247.625089
2020-02-12 19:00;20.924217;185.403072
2020-02-12 20:00;16.511110;173.533276
2020-02-12 21:00;10.370712;187.856716
2020-02-12 22:00;4.112797;194.445575
2020-02-12 23:00;12.621703;229.210265
2020-02-13 00:00;3.352527;209.140676
2020-02-13 01:00;18.035727;245.132079
2020-02-13 02:00;12.610463;260.822405
2020-02-13 03:00;9.128930;3.039443
2020-02-13 04:00;4.482913;159.109240
2020-02-13 05:00;8.345611;359.918576
2020-02-13 06:00;22.031991;188.470229
2020-02-13 07:00;10.660336;278.121433
2020-02-13 08:00;4.620439;278.146593
2020-02-13 09:00;14.365568;230.638356
2020-02-13 10:00;1.160131;219.467919
2020-02-13 11:00;18.929205;266.977308
2020-02-13 12:00;18.062565;222.659283
2020-02-13 13:00;10.572839;280.845474
2020-02-13 14:00;19.861267;282.735082
2020-02-13 15:00;11.185171;288.869054
2020-02-13 16:00;10.422596;306.745917
2020-02-13 17:00;10.968147;195.290325
2020-02-13 18:00;16.827004;246.684737
2020-02-13 19:00;7.577388;340.607517
2020-02-13 20:00;32.486170;233.984643
2020-02-13 21:00;5.381533;206.686448
2020-02-13 22:00;14.825358;248.021929
2020-02-13 23:00;6.692114;336.819457
2020-02-14 00:00;11.661432;199.220795
2020-02-14 01:00;19.018933;208.210721
2020-02-14 02:00;12.636592;255.742198
2020-02-14 03:00;11.931355;275.833857
2020-02-14 04:00;16.567831;201.756247
2020-02-14 05:00;16.652351;267.841943
2020-02-14 06:00;21.065564;219.464103
2020-02-14 07:00;15.877722;226.498573
2020-02-14 08:00;1.000000;307.394833
2020-02-14 09:00;16.376375;190.631269
2020-02-14 10:00;22.118638;221.682206
2020-02-14 11:00;17.563503;226.954398
2020-02-14 12:00;11.037169;242.910054
2020-02-14 13:00;15.162132;227.067318
2020-02-14 14:00;7.747429;100.442853
2020-02-14 15:00;11.558732;242.012310
2020-02-14 16:00;8.699618;236.966325
2020-02-14 17:00;4.699000;243.264584
2020-02-14 18:00;1.245241;156.737601
2020-02-14 19:00;12.172201;255.437264
2020-02-14 20:00;14.169225;190.844016
2020-02-14 21:00;12.617565;164.167407
2020-02-14 22:00;12.520185;288.347177
2020-02-14 23:00;22.006801;195.006965
2020-02-15 00:00;8.861086;14.157243
2020-02-15 01:00;1.540110;169.223147
2020-02-15 02:00;8.113448;100.161726
2020-02-15 03:00;3.909294;256.927917
2020-02-15 04:00;7.877658;203.312126
2020-02-15 05:00;18.583658;253.043600
2020-02-15 06:00;12.087580;253.324237
2020-02-15 07:00;11.432817;280.755677
2020-02-15 08:00;14.899794;39.111131
2020-02-15 09:00;6.460886;276.630379
2020-02-15 10:00;6.190400;300.224315
2020-02-15 11:00;13.852556;295.533880
2020-02-15 12:00;15.415593;260.512693
2020-02-15 13:00;10.993704;255.720813
2020-02-15 14:00;3.144673;230.665953
2020-02-15 15:00;9.281851;247.804652
2020-02-15 16:00;18.688520;213.168395
2020-02-15 17:00;17.100851;272.326316
2020-02-15 18:00;17.872373;261.068573
2020-02-15 19:00;1.725513;104.972713
2020-02-15 20:00;6.226447;54.074222
2020-02-15 21:00;11.729977;257.072479
2020-02-15 22:00;5.668956;141.244954
2020-02-15 23:00;18.187343;247.656945
2020-02-16 00:00;30.707525;251.892780
2020-02-16 01:00;2.520150;288.724911
2020-02-16 02:00;10.087733;251.120209
2020-02-16 03:00;11.418837;122.673076
2020-02-16 04:00;12.175945;274.658053
2020-02-16 05:00;11.497046;297.164185
2020-02-16 06:00;14.815874;248.419712
2020-02-16 07:00;16.448523;253.202523
2020-02-16 08:00;7.181914;206.082525
2020-02-16 09:00;5.036898;197.173875
2020-02-16 10:00;9.338813;250.222189
2020-02-16 11:00;13.309283;203.699058
2020-02-16 12:00;12.274715;84.425727
2020-02-16 13:00;1.910939;262.767812
2020-02-16 14:00;22.289724;271.731160
2020-02-16 15:00;3.088423;256.527332
2020-02-16 16:00;5.999083;218.056291
2020-02-16 17:00;10.563919;153.690710
2020-02-16 18:00;2.585249;148.759438
2020-02-16 19:00;5.638603;281.570491
2020-02-16 20:00;4.121858;263.570417
2020-02-16 21:00;24.086087;245.783716
2020-02-16 22:00;22.958885;223.251541
2020-02-16 23:00;6.375979;241.102765
2020-02-17 00:00;14.424551;64.312451
2020-02-17 01:00;20.247842;185.879695
2020-02-17 02:00;15.419768;198.154537
2020-02-17 03:00;13.317360;275.898872
2020-02-17 04:00;18.913946;111.140741
2020-02-17 05:00;8.004650;268.534230
2020-02-17 06:00;7.642180;215.587911
2020-02-17 07:00;15.556212;262.324935
2020-02-17 08:00;6.389411;317.988748
2020-02-17 09:00;9.764745;244.527489
2020-02-17 10:00;9.974775;229.568957
2020-02-17 11:00;8.778168;230.004960
2020-02-17 12:00;15.021905;220.169446
2020-02-17 13:00;7.570171;234.624732
2020-02-17 14:00;18.744692;162.717150
2020-02-17 15:00;11.137707;270.680989
2020-02-17 16:00;4.935612;273.659031
2020-02-17 17:00;8.963757;224.502914
2020-02-17 18:00;14.233313;191.708588
2020-02-17 19:00;22.143331;217.365176
2020-02-17 20:00;13.284504;65.716866
2020-02-17 21:00;8.283386;261.893227
2020-02-17 22:00;2.364922;229.487625
2020-02-17 23:00;11.611800;271.404617
2020-02-18 00:00;8.428857;342.267129
2020-02-18 01:00;6.641813;218.550385
2020-02-18 02:00;10.692084;246.587275
2020-02-18 03:00;28.117555;236.643033
2020-02-18 04:00;6.280199;219.377101
2020-02-18 05:00;21.760760;152.075529
2020-02-18 06:00;9.276531;157.233498
2020-02-18 07:00;7.546607;251.330263
2020-02-18 08:00;14.498510;178.997719
2020-02-18 09:00;16.321207;261.011399
2020-02-18 10:00;11.446455;301.570948
2020-02-18 11:00;15.376369;270.395420
2020-02-18 12:00;10.008767;273.081762
2020-02-18 13:00;15.005609;214.103962
2020-02-18 14:00;13.711655;264.974747
2020-02-18 15:00;7.911329;263.934895
2020-02-18 16:00;15.031944;266.653051
2020-02-18 17:00;8.790751;79.966936
2020-02-18 18:00;7.913518;263.055719
2020-02-18 19:00;16.920653;305.093695
2020-02-18 20:00;22.515743;302.943455
2020-02-18 21:00;10.273155;201.244061
2020-02-18 22:00;16.543546;223.804674
2020-02-18 23:00;4.224669;206.243560
2020-02-19 00:00;3.846333;236.403372
2020-02-19 01:00;5.809592;277.877675
2020-02-19 02:00;17.581624;252.691653
2020-02-19 03:00;4.594229;256.223110
2020-02-19 04:00;10.590254;94.598102
2020-02-19 05:00;21.171153;220.623279
2020-02-19 06:00;11.121231;218.888135
2020-02-19 07:00;14.555611;307.700818
2020-02-19 08:00;35.035666;208.271124
2020-02-19 09:00;5.347204;270.258420
2020-02-19 10:00;8.215962;311.991925
2020-02-19 11:00;5.021561;353.186709
2020-02-19 12:00;12.537275;292.910143
2020-02-19 13:00;16.481456;223.363310
2020-02-19 14:00;11.567071;318.648330
2020-02-19 15:00;7.837710;190.669157
2020-02-19 16:00;10.438918;211.133271
2020-02-19 17:00;15.097328;316.605489
2020-02-19 18:00;5.711156;213.862634
2020-02-19 19:00;25.171819;260.400873
2020-02-19 20:00;4.031729;354.647627
2020-02-19 21:00;16.185303;250.737136
2020-02-19 22:00;15.469721;249.348219
2020-02-19 23:00;21.232758;265.396963
2020-02-20 00:00;12.319428;272.294223
2020-02-20 01:00;16.959489;250.636150
2020-02-20 02:00;5.399797;287.173244
2020-02-20 03:00;6.396187;227.255283
2020-02-20 04:00;20.155042;195.600413
2020-02-20 05:00;6.921949;186.335183
2020-02-20 06:00;17.765886;53.554280
2020-02-20 07:00;5.711276;105.054729
2020-02-20 08:00;2.168505;232.729116
2020-02-20 09:00;9.205813;203.671982
2020-02-20 10:00;18.717944;218.668520
2020-02-20 11:00;11.376984;71.145365
2020-02-20 12:00;11.984732;249.296470
2020-02-20 13:00;9.593358;216.899424
2020-02-20 14:00;4.078944;355.005961
2020-02-20 15:00;19.189793;233.419406
2020-02-20 16:00;13.918149;256.403461
2020-02-20 17:00;6.404376;265.096532
2020-02-20 18:00;18.065888;259.268621
2020-02-20 19:00;5.143416;80.800756
2020-02-20 20:00;12.823587;180.672304
2020-02-20 21:00;19.442279;212.051935
2020-02-20 22:00;4.272103;249.942849
2020-02-20 23:00;2.264985;206.192761
2020-02-21 00:00;5.919761;248.841673
2020-02-21 01:00;28.919762;219.350842
2020-02-21 02:00;4.499346;5.117281
2020-02-21 03:00;4.745978;279.182745
2020-02-21 04:00;16.232758;247.655642
2020-02-21 05:00;15.782684;287.958966
2020-02-21 06:00;15.509706;179.698691
2020-02-21 07:00;9.131499;279.575942
2020-02-21 08:00;9.050008;271.817814
2020-02-21 09:00;5.208690;135.174903
2020-02-21 10:00;2.317465;236.910525
2020-02-21 11:00;20.441660;293.977854
2020-02-21 12:00;6.852264;11.263577
2020-02-21 13:00;19.802765;224.553760
2020-02-21 14:00;5.729821;231.852336
2020-02-21 15:00;2.430007;194.393293
2020-02-21 16:00;6.035522;247.220237
2020-02-21 17:00;3.303350;286.279367
2020-02-21 18:00;9.146701;204.464264
2020-02-21 19:00;8.485045;279.170753
2020-02-21 20:00;10.170680;239.280223
2020-02-21 21:00;8.920246;58.274066
2020-02-21 22:00;7.251221;236.293111
2020-02-21 23:00;21.850216;335.966290
2020-02-22 00:00;20.233424;276.231580
2020-02-22 01:00;6.025992;207.846240
2020-02-22 02:00;10.754695;266.061436
2020-02-22 03:00;16.813124;236.892177
2020-02-22 04:00;21.345128;265.890093
2020-02-22 05:00;18.691850;219.467934
2020-02-22 06:00;12.006553;207.175040
2020-02-22 07:00;6.176829;242.774194
2020-02-22 08:00;14.848627;213.088964
2020-02-22 09:00;10.715053;288.161029
2020-02-22 10:00;6.083301;271.424200
2020-02-22 11:00;10.099791;199.327584
2020-02-22 12:00;3.687363;144.076039
2020-02-22 13:00;16.318015;291.008455
2020-02-22 14:00;14.961786;109.944262
2020-02-22 15:00;13.989142;213.689602
2020-02-22 16:00;10.214952;194.281137
2020-02-22 17:00;14.138026;192.914255
2020-02-22 18:00;5.450870;40.012757
2020-02-22 19:00;16.689465;106.183052
2020-02-22 20:00;5.329408;359.208750
2020-02-22 21:00;10.174924;159.252443
2020-02-22 22:00;9.308169;305.412889
2020-02-22 23:00;13.054705;293.174745
2020-02-23 00:00;25.081295;159.176142
2020-02-23 01:00;7.609558;242.143953
2020-02-23 02:00;4.501582;309.182797
2020-02-23 03:00;18.702224;261.390596
2020-02-23 04:00;18.811047;268.468479
2020-02-23 05:00;13.387703;232.994657
2020-02-23 06:00;6.878816;358.654663
2020-02-23 07:00;23.645019;280.018009
2020-02-23 08:00;1.000000;351.631213
2020-02-23 09:00;13.306295;153.206735
2020-02-23 10:00;5.239611;223.713250
2020-02-23 11:00;3.223087;284.142415
2020-02-23 12:00;9.080267;245.456718
2020-02-23 13:00;12.076054;120.605690
2020-02-23 14:00;10.537130;319.027122
2020-02-23 15:00;1.095404;263.484138
2020-02-23 16:00;10.028344;268.700095
2020-02-23 17:00;6.436309;273.968275
2020-02-23 18:00;19.351594;318.927252
2020-02-23 19:00;9.348493;280.779149
2020-02-23 20:00;12.598419;302.255112
2020-02-23 21:00;4.756169;211.359433
2020-02-23 22:00;1.862649;70.696810
2020-02-23 23:00;15.711055;216.783584
2020-02-24 00:00;12.526889;238.455263
2020-02-24 01:00;8.511568;301.070068
2020-02-24 02:00;9.109476;300.036056
2020-02-24 03:00;14.680597;55.387768
2020-02-24 04:00;5.372372;248.468008
2020-02-24 05:00;8.712891;149.632200
2020-02-24 06:00;18.488705;208.207795
2020-02-24 07:00;16.790918;0.903887
2020-02-24 08:00;5.539606;239.801894
2020-02-24 09:00;6.233191;301.781878
2020-02-24 10:00;14.084907;245.330289
2020-02-24 11:00;20.752422;316.744553
2020-02-24 12:00;16.193090;256.251930
2020-02-24 13:00;8.816746;250.804752
2020-02-24 14:00;5.813181;34.588571
2020-02-24 15:00;24.035768;233.983234
2020-02-24 16:00;8.778581;268.563550
2020-02-24 17:00;4.641571;205.305850
2020-02-24 18:00;26.502192;235.604717
2020-02-24 19:00;11.248891;201.647797
2020-02-24 20:00;9.205700;306.226138
2020-02-24 21:00;10.715399;244.166761
2020-02-24 22:00;16.379176;272.217728
2020-02-24 23:00;15.036563;349.252954
2020-02-25 00:00;6.510863;263.207252
2020-02-25 01:00;9.254152;296.779075
2020-02-25 02:00;2.599368;295.597614
2020-02-25 03:00;8.487723;234.427999
2020-02-25 04:00;10.813185;135.105338
2020-02-25 05:00;8.755887;155.100200
2020-02-25 06:00;2.171332;251.208512
2020-02-25 07:00;7.968161;152.375934
2020-02-25 08:00;5.650553;17.224848
2020-02-25 09:00;15.547711;40.134427
2020-02-25 10:00;6.807665;310.438090
2020-02-25 11:00;5.438342;196.642899
2020-02-25 12:00;10.595860;285.253291
2020-02-25 13:00;7.182152;256.617976
2020-02-25 14:00;17.153931;232.006417
2020-02-25 15:00;16.078604;235.018545
2020-02-25 16:00;11.683193;269.047449
2020-02-25 17:00;6.079802;189.901200
2020-02-25 18:00;21.248140;311.426668
2020-02-25 19:00;9.513029;211.530316
2020-02-25 20:00;5.911518;213.215087
2020-02-25 21:00;24.545352;282.726887
2020-02-25 22:00;1.801421;261.616990
2020-02-25 23:00;10.955438;286.388709
2020-02-26 00:00;5.865472;276.609338
2020-02-26 01:00;34.401928;253.173858
2020-02-26 02:00;11.804938;118.875092
2020-02-26 03:00;8.881169;154.934912
2020-02-26 04:00;7.829498;194.817125
2020-02-26 05:00;3.994080;239.398610
2020-02-26 06:00;8.458121;168.152601
2020-02-26 07:00;7.045114;276.554188
2020-02-26 08:00;9.806598;300.589986
2020-02-26 09:00;9.125433;291.243332
2020-02-26 10:00;8.560872;204.374913
2020-02-26 11:00;3.736143;137.757370
2020-02-26 12:00;20.839669;165.572567
2020-02-26 13:00;5.987545;299.150635
2020-02-26 14:00;13.119814;275.252317
2020-02-26 15:00;13.591247;84.808537
2020-02-26 16:00;10.091503;239.772415
2020-02-26 17:00;16.679730;285.196261
2020-02-26 18:00;18.879160;252.038968
2020-02-26 19:00;10.363607;220.208229
2020-02-26 20:00;15.678587;236.458847
2020-02-26 21:00;14.392782;230.608853
2020-02-26 22:00;9.465031;191.699661
2020-02-26 23:00;18.835438;274.571109
2020-02-27 00:00;6.012428;263.171431
2020-02-27 01:00;7.209514;314.256580
2020-02-27 02:00;11.097904;69.891261
2020-02-27 03:00;18.150454;226.391387
2020-02-27 04:00;13.639735;156.979721
2020-02-27 05:00;10.941811;36.697640
2020-02-27 06:00;8.979737;132.253011
2020-02-27 07:00;15.649016;130.178812
2020-02-27 08:00;10.691863;47.604554
2020-02-27 09:00;13.921289;249.688698
2020-02-27 10:00;5.389925;250.130398
2020-02-27 11:00;3.270432;30.905302
2020-02-27 12:00;3.100344;248.723467
2020-02-27 13:00;15.670656;195.045878
2020-02-27 14:00;16.275658;182.912330
2020-02-27 15:00;2.534573;273.173694
2020-02-27 16:00;15.389605;233.795565
2020-02-27 17:00;13.296413;221.725599
2020-02-27 18:00;21.073590;218.729489
2020-02-27 19:00;3.754305;106.299964
2020-02-27 20:00;12.961590;192.566478
2020-02-27 21:00;18.952653;269.573242
2020-02-27 22:00;21.879451;243.899413
2020-02-27 23:00;14.556382;322.677047
2020-02-28 00:00;17.995381;285.894290
2020-02-28 01:00;26.267793;236.908869
2020-02-28 02:00;12.943378;12.955570
2020-02-28 03:00;10.515918;98.161138
2020-02-28 04:00;9.505619;291.031528
2020-02-28 05:00;14.205414;201.328430
2020-02-28 06:00;4.858641;266.083172
2020-02-28 07:00;14.828042;246.859664
2020-02-28 08:00;18.156422;212.833339
2020-02-28 09:00;3.682410;183.674030
2020-02-28 10:00;20.864488;272.651683
2020-02-28 11:00;19.628398;249.489495
2020-02-28 12:00;12.510624;257.307491
2020-02-28 13:00;22.067077;290.836623
2020-02-28 14:00;16.313559;263.401862
2020-02-28 15:00;18.010803;260.459696
2020-02-28 16:00;20.770107;266.224586
2020-02-28 17:00;7.007473;202.739985
2020-02-28 18:00;12.310500;238.793720
2020-02-28 19:00;13.382767;197.780846
2020-02-28 20:00;20.120114;239.191222
2020-02-28 21:00;15.797748;334.761285
2020-02-28 22:00;3.838516;277.166067
2020-02-28 23:00;7.467301;312.037490
2020-02-29 00:00;27.950705;202.018239
2020-02-29 01:00;6.972205;298.189863
2020-02-29 02:00;10.453514;237.518135
2020-02-29 03:00;9.335199;258.453247
2020-02-29 04:00;11.383452;261.428630
2020-02-29 05:00;22.153006;252.684741
2020-02-29 06:00;12.711960;206.148821
2020-02-29 07:00;6.049490;253.813640
2020-02-29 08:00;18.468246;51.945476
2020-02-29 09:00;29.713356;222.031321
2020-02-29 10:00;3.180485;309.235772
2020-02-29 11:00;5.239567;13.881903
2020-02-29 12:00;7.155490;217.814893
2020-02-29 13:00;10.021231;250.373266
2020-02-29 14:00;13.931061;230.984368
2020-02-29 15:00;7.231735;192.148952
2020-02-29 16:00;9.862387;239.084512
2020-02-29 17:00;11.639952;336.270337
2020-02-29 18:00;22.402146;182.601364
2020-02-29 19:00;15.367745;220.153549
2020-02-29 20:00;33.514515;271.684611
2020-02-29 21:00;3.221965;244.638531
2020-02-29 22:00;9.625547;195.530742
2020-02-29 23:00;17.758986;284.357992
2020-03-01 00:00;13.893029;269.822503
2020-03-01 01:00;7.137445;245.401215
2020-03-01 02:00;20.222671;306.168117
2020-03-01 03:00;8.037191;33.905634
2020-03-01 04:00;4.258489;225.906491
2020-03-01 05:00;9.106675;251.326466
2020-03-01 06:00;2.532798;257.611016
2020-03-01 07:00;12.176952;267.368927
2020-03-01 08:00;19.009683;274.285480
2020-03-01 09:00;12.032509;155.892316
2020-03-01 10:00;3.900929;249.024142
2020-03-01 11:00;10.407151;203.339328
2020-03-01 12:00;14.567053;278.992400
2020-03-01 13:00;6.383113;103.729325
2020-03-01 14:00;16.265575;262.069594
2020-03-01 15:00;7.914471;221.067599
2020-03-01 16:00;18.351842;249.892796
2020-03-01 17:00;18.278990;174.647560
2020-03-01 18:00;8.346208;351.413617
2020-03-01 19:00;15.956654;228.420644
2020-03-01 20:00;5.180356;264.631255
2020-03-01 21:00;3.445352;302.243207
2020-03-01 22:00;10.096177;298.687080
2020-03-01 23:00;10.454766;190.984679
2020-03-02 00:00;8.830610;352.074057
2020-03-02 01:00;13.093549;213.758559
2020-03-02 02:00;7.377220;160.671778
2020-03-02 03:00;10.874121;227.473763
2020-03-02 04:00;7.730197;251.414776
2020-03-02 05:00;10.270310;146.815387
2020-03-02 06:00;4.384131;311.485647
2020-03-02 07:00;5.767886;250.374800
2020-03-02 08:00;22.591655;227.198447
2020-03-02 09:00;19.762423;232.438659
2020-03-02 10:00;26.660537;218.951652
2020-03-02 11:00;17.630383;37.046635
2020-03-02 12:00;12.916946;227.691460
2020-03-02 13:00;13.043313;273.620652
2020-03-02 14:00;8.880597;201.396630
2020-03-02 15:00;5.731205;208.440283
2020-03-02 16:00;4.487898;242.877917
2020-03-02 17:00;17.070939;250.829662
2020-03-02 18:00;4.196019;160.662710
2020-03-02 19:00;5.318455;233.571903
2020-03-02 20:00;30.118470;258.705746
2020-03-02 21:00;13.803520;64.175753
2020-03-02 22:00;1.071059;263.802796
2020-03-02 23:00;5.017869;178.753182
2020-03-03 00:00;10.272037;224.060822
2020-03-03 01:00;6.581743;134.776253
2020-03-03 02:00;17.613630;258.038906
2020-03-03 03:00;6.472996;206.160591
2020-03-03 04:00;10.138986;31.538353
2020-03-03 05:00;3.206084;210.126212
2020-03-03 06:00;13.847007;236.222926
2020-03-03 07:00;20.857041;192.414389
2020-03-03 08:00;1.000000;107.525143
2020-03-03 09:00;7.765959;239.426870
2020-03-03 10:00;7.595770;188.457102
2020-03-03 11:00;1.735885;226.134442
2020-03-03 12:00;17.248823;282.131311
2020-03-03 13:00;12.990342;185.788493
2020-03-03 14:00;9.806835;197.628916
2020-03-03 15:00;5.381781;326.032671
2020-03-03 16:00;10.527432;309.512127
2020-03-03 17:00;13.116125;196.229001
2020-03-03 18:00;15.603072;255.313821
2020-03-03 19:00;7.330704;267.936031
2020-03-03 20:00;10.225377;220.689400
2020-03-03 21:00;13.530008;258.326802
2020-03-03 22:00;6.208334;226.454054
2020-03-03 23:00;30.229745;236.510005
2020-03-04 00:00;17.008306;259.225244
2020-03-04 01:00;7.002559;306.355839
2020-03-04 02:00;8.348091;257.764560
2020-03-04 03:00;5.525552;2.245279
2020-03-04 04:00;10.386875;177.840504
2020-03-04 05:00;31.448599;232.258411
2020-03-04 06:00;10.709653;223.677386
2020-03-04 07:00;1.225146;286.228759
2020-03-04 08:00;7.215204;254.292329
2020-03-04 09:00;15.143084;237.895365
2020-03-04 10:00;6.636645;153.732451
2020-03-04 11:00;7.698831;191.309843
2020-03-04 12:00;14.182384;180.248970
2020-03-04 13:00;17.206264;244.479457
2020-03-04 14:00;14.675423;246.237166
2020-03-04 15:00;19.682677;335.777844
2020-03-04 16:00;15.518564;93.482885
2020-03-04 17:00;7.571716;275.749843
2020-03-04 18:00;9.312774;279.116928
2020-03-04 19:00;3.940721;7.426138
2020-03-04 20:00;5.194595;242.688035
2020-03-04 21:00;11.838793;356.662510
2020-03-04 22:00;8.258880;302.130572
2020-03-04 23:00;4.900498;187.204874
2020-03-05 00:00;4.873414;161.238680
2020-03-05 01:00;2.557643;77.843933
2020-03-05 02:00;6.321306;74.959952
2020-03-05 03:00;12.587016;220.017188
2020-03-05 04:00;4.988812;87.131188
2020-03-05 05:00;14.773370;258.444580
2020-03-05 06:00;3.074184;259.860508
2020-03-05 07:00;16.718961;249.857516
2020-03-05 08:00;11.110864;319.136429
2020-03-05 09:00;12.847699;273.099537
2020-03-05 10:00;11.180968;61.643757
2020-03-05 11:00;16.725422;226.738786
2020-03-05 12:00;7.584300;172.549568
2020-03-05 13:00;7.881156;257.101701
2020-03-05 14:00;2.856575;347.847890
2020-03-05 15:00;35.110108;263.536761
2020-03-05 16:00;7.761701;273.325381
2020-03-05 17:00;8.903804;209.968353
2020-03-05 18:00;8.307929;197.056946
2020-03-05 19:00;11.597023;167.687488
2020-03-05 20:00;5.802733;305.053595
2020-03-05 21:00;22.218575;203.094860
2020-03-05 22:00;8.759765;231.789451
2020-03-05 23:00;2.344881;20.872619
2020-03-06 00:00;17.056207;276.087106
2020-03-06 01:00;14.725725;179.158762
2020-03-06 02:00;10.787732;238.625613
2020-03-06 03:00;18.452678;282.503592
2020-03-06 04:00;24.773156;279.021492
2020-03-06 05:00;30.993001;254.325920
2020-03-06 06:00;6.317521;230.867132
2020-03-06 07:00;7.996461;301.518921
2020-03-06 08:00;5.504971;205.873892
2020-03-06 09:00;16.556632;274.334485
2020-03-06 10:00;11.386327;257.786226
2020-03-06 11:00;6.501617;260.686284
2020-03-06 12:00;4.028850;249.303309
2020-03-06 13:00;6.229692;0.352309
2020-03-06 14:00;22.758458;272.577580
2020-03-06 15:00;12.674076;199.643432
2020-03-06 16:00;7.091964;196.370682
2020-03-06 17:00;12.089187;245.685863
2020-03-06 18:00;12.843549;241.825278
2020-03-06 19:00;17.693214;245.728106
2020-03-06 20:00;8.280462;100.613820
2020-03-06 21:00;19.688080;269.546971
2020-03-06 22:00;13.590828;266.296157
2020-03-06 23:00;3.155998;301.177921
2020-03-07 00:00;20.387529;247.815020
2020-03-07 01:00;17.532993;285.635536
2020-03-07 02:00;5.120678;220.889751
2020-03-07 03:00;9.201915;126.054239
2020-03-07 04:00;11.605902;128.301732
2020-03-07 05:00;20.230055;211.302850
2020-03-07 06:00;16.595206;298.028005
2020-03-07 07:00;7.156121;196.974538
2020-03-07 08:00;13.771866;270.296443
2020-03-07 09:00;21.201875;255.308161
2020-03-07 10:00;18.322187;185.533763
2020-03-07 11:00;7.242035;246.375233
2020-03-07 12:00;17.639098;189.926492
2020-03-07 13:00;21.459805;227.308076
2020-03-07 14:00;6.443690;247.108526
2020-03-07 15:00;11.499990;229.189502
2020-03-07 16:00;6.047174;273.278197
2020-03-07 17:00;6.288457;181.148908
2020-03-07 18:00;4.366143;185.799622
2020-03-07 19:00;12.708350;290.323299
2020-03-07 20:00;12.075215;195.413206
2020-03-07 21:00;10.108954;228.924937
2020-03-07 22:00;8.118391;283.665470
2020-03-07 23:00;16.598018;257.701112
2020-03-08 00:00;4.248997;251.882832
2020-03-08 01:00;6.776657;194.772753
2020-03-08 02:00;9.256949;322.920735
2020-03-08 03:00;15.850455;239.010789
2020-03-08 04:00;12.483793;324.591943
2020-03-08 05:00;4.950787;209.640249
2020-03-08 06:00;9.535013;45.415932
2020-03-08 07:00;10.819695;330.988152
2020-03-08 08:00;1.526363;12.616160
2020-03-08 09:00;8.326511;163.154958
2020-03-08 10:00;22.178172;228.162815
2020-03-08 11:00;12.216603;136.003020
2020-03-08 12:00;23.741189;315.637786
2020-03-08 13:00;6.100542;204.855413
2020-03-08 14:00;9.537660;271.410225
2020-03-08 15:00;4.653089;278.650941
2020-03-08 16:00;4.837213;4.695169
2020-03-08 17:00;14.159721;173.597115
2020-03-08 18:00;14.076611;7.087632
2020-03-08 19:00;19.080068;212.014579
2020-03-08 20:00;1.000000;247.793263
2020-03-08 21:00;6.982803;251.740475
2020-03-08 22:00;13.786722;290.677081
2020-03-08 23:00;14.607630;236.314270
2020-03-09 00:00;3.489482;359.089841
2020-03-09 01:00;12.821798;312.565091
2020-03-09 02:00;11.307969;79.589542
2020-03-09 03:00;13.393435;2.253794
2020-03-09 04:00;7.971037;194.615328
2020-03-09 05:00;16.396575;246.342339
2020-03-09 06:00;10.477492;319.634404
2020-03-09 07:00;18.031517;115.555394
2020-03-09 08:00;2.206887;283.002672
2020-03-09 09:00;20.625718;70.737372
2020-03-09 10:00;22.314341;221.459564
2020-03-09 11:00;13.921549;316.790803
2020-03-09 12:00;16.438664;260.561230
2020-03-09 13:00;1.672125;208.385801
2020-03-09 14:00;3.271002;265.637436
2020-03-09 15:00;10.243653;226.841495
2020-03-09 16:00;9.024406;213.245645
2020-03-09 17:00;14.959597;243.928558
2020-03-09 18:00;8.049470;271.599775
2020-03-09 19:00;16.516514;197.473119
2020-03-09 20:00;10.457381;141.324800
2020-03-09 21:00;14.316156;244.736589
2020-03-09 22:00;1.683584;249.168708
2020-03-09 23:00;19.502343;265.210487
2020-03-10 00:00;10.837464;220.616599
2020-03-10 01:00;9.424272;194.785652
2020-03-10 02:00;14.147660;270.578895
2020-03-10 03:00;14.682071;333.600199
2020-03-10 04:00;12.630373;264.860182
2020-03-10 05:00;5.325336;209.348459
2020-03-10 06:00;8.638033;221.518788
2020-03-10 07:00;5.439815;250.656906
2020-03-10 08:00;18.150265;173.667738
2020-03-10 09:00;10.256250;246.969046
2020-03-10 10:00;16.555380;269.610564
2020-03-10 11:00;7.419178;232.182760
2020-03-10 12:00;8.022043;190.213469
2020-03-10 13:00;5.359118;233.058734
2020-03-10 14:00;17.365205;287.754794
2020-03-10 15:00;16.048478;314.546712
2020-03-10 16:00;9.373844;249.418400
2020-03-10 17:00;20.912447;235.565871
2020-03-10 18:00;2.034457;120.469813
2020-03-10 19:00;18.808525;185.892237
2020-03-10 20:00;11.045711;236.888936
2020-03-10 21:00;9.082661;247.901790
2020-03-10 22:00;13.511943;58.714036
2020-03-10 23:00;11.970518;152.449014
2020-03-11 00:00;6.627831;185.987226
2020-03-11 01:00;8.281671;184.824042
2020-03-11 02:00;5.811231;245.156353
2020-03-11 03:00;6.798901;19.115875
2020-03-11 04:00;5.946762;133.923739
2020-03-11 05:00;5.262411;188.938054
2020-03-11 06:00;9.620676;292.240256
2020-03-11 07:00;14.673567;216.672634
2020-03-11 08:00;10.373365;247.811615
2020-03-11 09:00;5.674868;181.207850
2020-03-11 10:00;15.981959;227.959736
2020-03-11 11:00;5.304871;169.528100
2020-03-11 12:00;7.627080;223.116161
2020-03-11 13:00;2.966684;293.286107
2020-03-11 14:00;5.571789;160.549688
2020-03-11 15:00;5.898227;279.164072
2020-03-11 16:00;6.394680;115.511792
2020-03-11 17:00;6.145305;225.566453
2020-03-11 18:00;5.243901;66.992369
2020-03-11 19:00;4.975360;213.659955
2020-03-11 20:00;21.942606;166.529129
2020-03-11 21:00;15.306186;225.549394
2020-03-11 22:00;7.756715;245.697084
2020-03-11 23:00;21.662847;264.733214
2020-03-12 00:00;7.004483;238.067525
2020-03-12 01:00;2.468442;251.961206
2020-03-12 02:00;18.426792;298.805003
2020-03-12 03:00;1.000000;278.335613
2020-03-12 04:00;17.360465;138.050595
2020-03-12 05:00;13.503979;227.289335
2020-03-12 06:00;15.677359;236.528406
2020-03-12 07:00;10.840112;208.503010
2020-03-12 08:00;11.903734;266.987585
2020-03-12 09:00;4.095163;73.428622
2020-03-12 10:00;13.279934;225.006376
2020-03-12 11:00;6.058553;286.094004
2020-03-12 12:00;25.558985;187.367772
2020-03-12 13:00;18.813061;23.939674
2020-03-12 14:00;5.886275;259.206560
2020-03-12 15:00;11.795653;240.844715
2020-03-12 16:00;10.759832;199.285368
2020-03-12 17:00;4.878556;239.210135
2020-03-12 18:00;4.036674;268.262926
2020-03-12 19:00;28.474732;252.503749
2020-03-12 20:00;7.957789;251.119200
2020-03-12 21:00;25.242105;250.760681
2020-03-12 22:00;2.817312;244.731709
2020-03-12 23:00;20.726493;196.555872
2020-03-13 00:00;5.671743;327.235870
2020-03-13 01:00;5.155059;255.079319
2020-03-13 02:00;15.083535;159.960309
2020-03-13 03:00;10.957255;266.501229
2020-03-13 04:00;9.442993;134.385147
2020-03-13 05:00;9.734229;142.336177
2020-03-13 06:00;3.677005;213.877747
2020-03-13 07:00;6.363720;232.865555
2020-03-13 08:00;12.191285;254.470224
2020-03-13 09:00;22.028456;226.909067
2020-03-13 10:00;15.584845;280.845109
2020-03-13 11:00;4.399647;295.998950
2020-03-13 12:00;7.775721;86.692858
2020-03-13 13:00;8.639533;178.354292
2020-03-13 14:00;6.137442;132.043241
2020-03-13 15:00;17.907460;265.493091
2020-03-13 16:00;5.685344;263.800542
2020-03-13 17:00;11.258706;236.584219
2020-03-13 18:00;14.349608;245.232327
2020-03-13 19:00;2.730867;239.121464
2020-03-13 20:00;7.006202;268.769647
2020-03-13 21:00;10.566580;205.481442
2020-03-13 22:00;6.638918;261.099494
2020-03-13 23:00;11.890925;175.165893
2020-03-14 00:00;8.505370;70.327079
2020-03-14 01:00;11.900997;252.089565
2020-03-14 02:00;16.933902;239.986905
2020-03-14 03:00;13.147208;165.358673
2020-03-14 04:00;11.754803;8.457472
2020-03-14 05:00;2.480034;96.773933
2020-03-14 06:00;8.999369;332.799506
2020-03-14 07:00;9.350149;256.054757
2020-03-14 08:00;6.444317;207.121625
2020-03-14 09:00;23.903669;257.929560
2020-03-14 10:00;6.146621;294.603050
2020-03-14 11:00;9.235867;198.767004
2020-03-14 12:00;18.598190;334.246512
2020-03-14 13:00;7.575096;224.707486
2020-03-14 14:00;10.193066;268.959276
2020-03-14 15:00;15.501275;211.086123
2020-03-14 16:00;5.283505;253.664197
2020-03-14 17:00;16.568815;195.412121
2020-03-14 18:00;9.534249;216.935210
2020-03-14 19:00;1.195386;245.564265
2020-03-14 20:00;16.866007;217.046244
2020-03-14 21:00;7.020990;231.549951
2020-03-14 22:00;16.088730;274.158350
2020-03-14 23:00;8.542426;41.780510
2020-03-15 00:00;6.209544;198.148639
2020-03-15 01:00;17.799301;241.647074
2020-03-15 02:00;23.029666;220.253362
2020-03-15 03:00;10.699574;204.868783
2020-03-15 04:00;20.886296;244.621148
2020-03-15 05:00;5.743979;220.247160
2020-03-15 06:00;8.698364;251.764907
2020-03-15 07:00;13.310188;258.899997
2020-03-15 08:00;5.415120;232.957478
2020-03-15 09:00;9.416101;237.611601
2020-03-15 10:00;12.841802;275.813415
2020-03-15 11:00;7.281385;285.993657
2020-03-15 12:00;28.253218;234.413850
2020-03-15 13:00;20.910770;221.290989
2020-03-15 14:00;8.017976;187.104794
2020-03-15 15:00;6.206382;161.824765
2020-03-15 16:00;8.341942;198.841542
2020-03-15 17:00;5.825011;210.168810
2020-03-15 18:00;15.584170;238.161256
2020-03-15 19:00;11.421347;190.962261
2020-03-15 20:00;12.663748;290.039192
2020-03-15 21:00;6.739519;277.224451
2020-03-15 22:00;13.430012;283.580963
2020-03-15 23:00;9.381551;222.048842
2020-03-16 00:00;8.071534;131.710696
2020-03-16 01:00;6.084998;78.193327
2020-03-16 02:00;2.178566;330.751684
2020-03-16 03:00;17.416134;193.212802
2020-03-16 04:00;13.881980;222.023114
2020-03-16 05:00;15.553981;289.819556
2020-03-16 06:00;8.660773;327.143424
2020-03-16 07:00;24.411244;236.789573
2020-03-16 08:00;6.106901;225.501802
2020-03-16 09:00;12.870380;190.152156
2020-03-16 10:00;9.619910;299.865821
2020-03-16 11:00;14.460692;250.786376
2020-03-16 12:00;7.551629;150.787341
2020-03-16 13:00;14.156131;313.962590
2020-03-16 14:00;2.718934;261.485845
2020-03-16 15:00;13.842758;227.596013
2020-03-16 16:00;14.795613;273.033270
2020-03-16 17:00;7.273218;265.554386
2020-03-16 18:00;2.850033;248.188087
2020-03-16 19:00;4.328551;257.039177
2020-03-16 20:00;8.623403;183.342248
2020-03-16 21:00;9.726132;281.761648
2020-03-16 22:00;11.241154;328.079958
2020-03-16 23:00;10.765252;149.673305
2020-03-17 00:00;15.433932;195.263535
2020-03-17 01:00;9.008360;200.958929
2020-03-17 02:00;3.229674;268.648295
2020-03-17 03:00;11.997673;262.652097
2020-03-17 04:00;11.042302;322.597490
2020-03-17 05:00;4.453104;269.412152
2020-03-17 06:00;10.040931;220.609883
2020-03-17 07:00;15.188417;229.701281
2020-03-17 08:00;10.415525;205.389165
2020-03-17 09:00;4.115545;242.183305
2020-03-17 10:00;13.344476;272.526408
2020-03-17 11:00;8.671908;216.309744
2020-03-17 12:00;11.875185;308.351778
2020-03-17 13:00;19.460631;279.692782
2020-03-17 14:00;9.492465;294.583242
2020-03-17 15:00;12.757231;232.609526
2020-03-17 16:00;11.492602;191.386770
2020-03-17 17:00;7.872172;92.235849
2020-03-17 18:00;13.254252;259.308344
2020-03-17 19:00;14.103652;230.234894
2020-03-17 20:00;12.473365;265.247781
2020-03-17 21:00;28.698859;245.265922
2020-03-17 22:00;11.939929;219.358619
2020-03-17 23:00;12.948257;272.697535
2020-03-18 00:00;8.416625;95.821874
2020-03-18 01:00;17.031101;348.577634
2020-03-18 02:00;8.392874;179.303468
2020-03-18 03:00;18.234741;245.480796
2020-03-18 04:00;1.000000;317.461934
2020-03-18 05:00;14.707330;52.757392
2020-03-18 06:00;10.294553;196.156150
2020-03-18 07:00;8.818645;289.333332
2020-03-18 08:00;3.055162;58.680286
2020-03-18 09:00;14.117928;304.005012
2020-03-18 10:00;21.457084;241.161031
2020-03-18 11:00;1.496985;170.560833
2020-03-18 12:00;2.963346;212.138704
2020-03-18 13:00;7.529431;216.985842
2020-03-18 14:00;9.990264;234.445588
2020-03-18 15:00;5.153612;224.737124
2020-03-18 16:00;6.101313;262.628421
2020-03-18 17:00;13.094850;199.252331
2020-03-18 18:00;17.820982;57.184530
2020-03-18 19:00;8.993230;172.859061
2020-03-18 20:00;11.997292;247.047677
2020-03-18 21:00;25.291479;208.909731
2020-03-18 22:00;6.953914;84.166294
2020-03-18 23:00;8.230790;241.528257
2020-03-19 00:00;13.136126;29.676067
2020-03-19 01:00;12.143814;283.211080
2020-03-19 02:00;8.053699;175.586571
2020-03-19 03:00;1.000000;224.830848
2020-03-19 04:00;11.817213;169.125357
2020-03-19 05:00;14.000923;238.564689
2020-03-19 06:00;10.952792;202.095973
2020-03-19 07:00;12.297696;268.706413
2020-03-19 08:00;7.059842;54.716324
2020-03-19 09:00;3.872914;200.342625
2020-03-19 10:00;26.748470;228.099126
2020-03-19 11:00;15.682769;225.614695
2020-03-19 12:00;13.127284;172.273945
2020-03-19 13:00;19.685280;255.908065
2020-03-19 14:00;14.159796;156.258108
2020-03-19 15:00;4.872174;281.171806
2020-03-19 16:00;14.329481;228.447729
2020-03-19 17:00;10.259264;273.355237
2020-03-19 18:00;4.928480;7.259543
2020-03-19 19:00;9.682939;212.241253
2020-03-19 20:00;15.528765;262.811185
2020-03-19 21:00;7.706614;219.555108
2020-03-19 22:00;15.965925;185.833787
2020-03-19 23:00;22.894558;236.952309
2020-03-20 00:00;3.498257;191.802564
2020-03-20 01:00;17.168251;239.548247
2020-03-20 02:00;10.660672;177.532489
2020-03-20 03:00;4.644033;273.693393
2020-03-20 04:00;19.567655;248.605310
2020-03-20 05:00;4.894334;190.066973
2020-03-20 06:00;10.156473;160.067329
2020-03-20 07:00;8.859992;217.685911
2020-03-20 08:00;9.814292;252.427586
2020-03-20 09:00;8.273548;234.474022
2020-03-20 10:00;12.268973;226.640530
2020-03-20 11:00;10.672642;249.451671
2020-03-20 12:00;13.506024;169.356814
2020-03-20 13:00;8.669729;21.375482
2020-03-20 14:00;2.473350;172.072219
2020-03-20 15:00;4.006298;191.218284
2020-03-20 16:00;14.039546;244.026628
2020-03-20 17:00;11.772991;200.482020
2020-03-20 18:00;6.641565;110.903801
2020-03-20 19:00;7.728367;208.671170
2020-03-20 20:00;8.512231;251.057886
2020-03-20 21:00;6.496341;172.774329
2020-03-20 22:00;26.883974;227.596231
2020-03-20 23:00;1.066113;182.282796
2020-03-21 00:00;6.837200;239.284263
2020-03-21 01:00;16.478155;324.624106
2020-03-21 02:00;2.602112;354.917767
2020-03-21 03:00;5.416866;290.390705
2020-03-21 04:00;14.175051;294.720502
2020-03-21 05:00;7.808030;220.253612
2020-03-21 06:00;19.336106;258.267487
2020-03-21 07:00;8.057456;234.791766
2020-03-21 08:00;14.227222;248.520425
2020-03-21 09:00;6.848983;171.406102
2020-03-21 10:00;6.220203;230.597579
2020-03-21 11:00;26.005838;302.725862
2020-03-21 12:00;17.874305;151.521801
2020-03-21 13:00;9.108571;236.725612
2020-03-21 14:00;9.607172;239.239189
2020-03-21 15:00;6.216066;91.070447
2020-03-21 16:00;13.116448;168.882043
2020-03-21 17:00;18.939093;44.814908
2020-03-21 18:00;16.920871;212.747174
2020-03-21 19:00;16.313341;181.808899
2020-03-21 20:00;10.368794;207.007500
2020-03-21 21:00;18.770171;251.412813
2020-03-21 22:00;8.557363;201.032132
2020-03-21 23:00;18.410256;190.955952
2020-03-22 00:00;2.010572;226.708346
2020-03-22 01:00;8.686309;254.161373
2020-03-22 02:00;9.130860;215.626760
2020-03-22 03:00;18.011673;194.274727
2020-03-22 04:00;7.455546;163.955759
2020-03-22 05:00;4.413427;212.832913
2020-03-22 06:00;9.678766;269.550795
2020-03-22 07:00;11.808591;186.057673
2020-03-22 08:00;5.728593;21.640737
2020-03-22 09:00;11.742223;233.864807
2020-03-22 10:00;8.145740;244.527298
2020-03-22 11:00;10.761740;284.369621
2020-03-22 12:00;15.691318;209.596290
2020-03-22 13:00;6.533034;252.742645
2020-03-22 14:00;4.724488;174.518626
2020-03-22 15:00;18.109447;263.880418
2020-03-22 16:00;16.067929;224.213494
2020-03-22 17:00;9.594241;199.552900
2020-03-22 18:00;13.791958;267.049188
2020-03-22 19:00;4.023360;201.106777
2020-03-22 20:00;11.863473;209.645141
2020-03-22 21:00;17.517878;293.788645
2020-03-22 22:00;15.063252;203.389122
2020-03-22 23:00;7.313905;217.039824
2020-03-23 00:00;10.730389;204.105431
2020-03-23 01:00;24.432465;267.468033
2020-03-23 02:00;7.969317;353.941091
2020-03-23 03:00;16.540832;283.763849
2020-03-23 04:00;18.067331;246.265311
2020-03-23 05:00;7.246728;228.909678
2020-03-23 06:00;4.889622;208.616150
2020-03-23 07:00;13.717379;234.909204
2020-03-23 08:00;6.150873;291.463773
2020-03-23 09:00;13.668015;247.449834
2020-03-23 10:00;12.734304;120.305674
2020-03-23 11:00;4.752334;49.349031
2020-03-23 12:00;13.088174;17.352999
2020-03-23 13:00;9.355990;242.986378
2020-03-23 14:00;14.694074;4.391451
2020-03-23 15:00;17.339860;261.160052
2020-03-23 16:00;4.956532;252.638034
2020-03-23 17:00;16.976382;98.131156
2020-03-23 18:00;7.844483;172.977928
2020-03-23 19:00;4.395677;257.517087
2020-03-23 20:00;12.259127;167.226409
2020-03-23 21:00;5.702601;20.014876
2020-03-23 22:00;5.099247;205.887436
2020-03-23 23:00;5.220031;287.392848
2020-03-24 00:00;5.397290;103.132614
2020-03-24 01:00;7.024324;242.283256
2020-03-24 02:00;5.902228;283.740385
2020-03-24 03:00;3.000540;266.272189
2020-03-24 04:00;5.179350;149.407866
2020-03-24 05:00;7.422117;169.341593
2020-03-24 06:00;5.680570;77.799139
2020-03-24 07:00;13.304532;252.923027
2020-03-24 08:00;10.402372;287.571205
2020-03-24 09:00;12.620552;307.415733
2020-03-24 10:00;5.969234;228.449009
2020-03-24 11:00;17.883542;183.989317
2020-03-24 12:00;12.361352;181.188321
2020-03-24 13:00;22.933373;235.725796
2020-03-24 14:00;4.844349;184.884313
2020-03-24 15:00;13.164645;162.171111
2020-03-24 16:00;9.532094;81.055905
2020-03-24 17:00;14.929339;225.084241
2020-03-24 18:00;9.209049;314.387869
2020-03-24 19:00;9.469270;241.689189
2020-03-24 20:00;11.114024;1.732012
2020-03-24 21:00;10.006822;139.815010
2020-03-24 22:00;15.546081;300.599246
2020-03-24 23:00;5.849662;286.870224
2020-03-25 00:00;6.108355;246.443534
2020-03-25 01:00;14.765687;221.380170
2020-03-25 02:00;5.261597;347.782618
2020-03-25 03:00;9.747650;216.494780
2020-03-25 04:00;6.258054;253.869843
2020-03-25 05:00;19.957611;277.046797
2020-03-25 06:00;10.795862;7.895242
2020-03-25 07:00;4.744390;99.723213
2020-03-25 08:00;11.603004;255.619845
2020-03-25 09:00;2.024005;219.346871
2020-03-25 10:00;14.986757;273.241949
2020-03-25 11:00;14.304013;308.269005
2020-03-25 12:00;10.670782;340.447200
2020-03-25 13:00;18.968476;243.403190
2020-03-25 14:00;11.169254;34.075974
2020-03-25 15:00;11.366012;255.247366
2020-03-25 16:00;13.421951;199.918777
2020-03-25 17:00;8.439028;169.409194
2020-03-25 18:00;20.614925;274.205130
2020-03-25 19:00;10.859063;245.172716
2020-03-25 20:00;5.006403;153.107364
2020-03-25 21:00;7.947666;235.522274
2020-03-25 22:00;9.916878;328.262226
2020-03-25 23:00;9.347872;309.700309
2020-03-26 00:00;4.184928;20.379013
2020-03-26 01:00;3.861912;268.011208
2020-03-26 02:00;25.476544;345.208896
2020-03-26 03:00;9.225856;238.614480
2020-03-26 04:00;2.028097;244.816835
2020-03-26 05:00;16.256449;220.894688
2020-03-26 06:00;13.400745;246.530435
2020-03-26 07:00;11.909077;250.768626
2020-03-26 08:00;13.921087;268.056020
2020-03-26 09:00;7.803319;244.375753
2020-03-26 10:00;8.714066;251.154226
2020-03-26 11:00;14.381416;286.486458
2020-03-26 12:00;17.542077;208.429237
2020-03-26 13:00;14.756075;290.964485
2020-03-26 14:00;5.373009;338.078122
2020-03-26 15:00;6.691336;276.240274
2020-03-26 16:00;4.009383;166.379657
2020-03-26 17:00;20.140825;243.477211
2020-03-26 18:00;22.528586;227.926857
2020-03-26 19:00;4.917473;65.097089
2020-03-26 20:00;5.533000;228.758978
2020-03-26 21:00;17.172174;47.166378
2020-03-26 22:00;11.634985;236.434372
2020-03-26 23:00;15.472062;241.079565
2020-03-27 00:00;12.200849;197.192962
2020-03-27 01:00;17.602496;241.984923
2020-03-27 02:00;10.297665;238.962387
2020-03-27 03:00;17.734216;31.737719
2020-03-27 04:00;3.886044;214.084586
2020-03-27 05:00;3.885534;224.115170
2020-03-27 06:00;13.590106;186.495339
2020-03-27 07:00;5.324048;127.595755
2020-03-27 08:00;4.601089;291.434716
2020-03-27 09:00;17.221010;203.950615
2020-03-27 10:00;6.508763;146.637417
2020-03-27 11:00;2.062321;124.978723
2020-03-27 12:00;12.073910;282.958367
2020-03-27 13:00;6.570780;236.283941
2020-03-27 14:00;16.308275;251.137582
2020-03-27 15:00;5.920660;242.948425
2020-03-27 16:00;14.157682;222.784419
2020-03-27 17:00;14.261689;230.045679
2020-03-27 18:00;8.373755;114.609426
2020-03-27 19:00;10.374208;263.039360
2020-03-27 20:00;10.654830;120.465597
2020-03-27 21:00;21.661995;271.941995
2020-03-27 22:00;1.169684;311.711326
2020-03-27 23:00;13.521427;264.750902
2020-03-28 00:00;8.768557;262.208495
2020-03-28 01:00;3.774532;275.129429
2020-03-28 02:00;11.064614;186.029655
2020-03-28 03:00;8.853805;240.165636
2020-03-28 04:00;5.493695;187.062399
2020-03-28 05:00;4.250411;295.203826
2020-03-28 06:00;24.810374;185.235786
2020-03-28 07:00;22.356301;159.689568
2020-03-28 08:00;21.470018;277.153309
2020-03-28 09:00;6.281786;220.671733
2020-03-28 10:00;6.947413;203.812119
2020-03-28 11:00;22.032217;200.659393
2020-03-28 12:00;11.517302;276.355242
2020-03-28 13:00;5.234089;228.754409
2020-03-28 14:00;5.926439;188.155022
2020-03-28 15:00;7.566157;232.135090
2020-03-28 16:00;28.330818;236.003932
2020-03-28 17:00;26.575542;296.323290
2020-03-28 18:00;4.345514;223.441985
2020-03-28 19:00;16.332611;250.784032
2020-03-28 20:00;4.651584;261.446101
2020-03-28 21:00;13.024345;188.229220
2020-03-28 22:00;8.501820;65.827364
2020-03-28 23:00;3.814478;225.810532
2020-03-29 00:00;11.265968;254.216323
2020-03-29 01:00;9.542876;222.139454
2020-03-29 02:00;14.528860;191.091455
2020-03-29 03:00;16.876527;144.353985
2020-03-29 04:00;15.505211;217.529742
2020-03-29 05:00;14.023302;197.023633
2020-03-29 06:00;24.322734;197.111112
2020-03-29 07:00;9.259690;232.195759
2020-03-29 08:00;20.383510;290.786996
2020-03-29 09:00;2.229586;343.339223
2020-03-29 10:00;8.228180;277.559378
2020-03-29 11:00;18.327062;161.385396
2020-03-29 12:00;3.767277;210.646863
2020-03-29 13:00;10.748523;195.970356
2020-03-29 14:00;17.173323;230.390568
2020-03-29 15:00;24.270441;266.956818
2020-03-29 16:00;8.278167;220.873661
2020-03-29 17:00;7.228082;196.442791
2020-03-29 18:00;28.215513;273.170880
2020-03-29 19:00;17.643926;213.325362
2020-03-29 20:00;6.128759;14.816519
2020-03-29 21:00;6.438625;127.708657
2020-03-29 22:00;18.524076;258.099428
2020-03-29 23:00;8.333761;226.575850
2020-03-30 00:00;6.650132;267.830524
2020-03-30 01:00;19.786297;261.735155
2020-03-30 02:00;14.839213;86.617257
2020-03-30 03:00;9.884193;237.193896
2020-03-30 04:00;5.176632;205.863403
2020-03-30 05:00;12.420356;199.360896
2020-03-30 06:00;2.125894;219.093902
2020-03-30 07:00;1.000000;253.136001
2020-03-30 08:00;10.091250;278.465473
2020-03-30 09:00;16.389522;293.163864
2020-03-30 10:00;12.143305;247.011136
2020-03-30 11:00;10.905296;205.804337
2020-03-30 12:00;9.654757;192.978064
2020-03-30 13:00;17.610305;217.656684
2020-03-30 14:00;17.599039;246.239354
2020-03-30 15:00;6.477878;88.239332
2020-03-30 16:00;15.617845;284.868751
2020-03-30 17:00;1.529497;340.598918
2020-03-30 18:00;15.593993;231.695211
2020-03-30 19:00;14.238389;272.310248
2020-03-30 20:00;15.737766;140.935313
2020-03-30 21:00;14.987687;359.157014
2020-03-30 22:00;2.222762;66.165307
2020-03-30 23:00;14.317172;254.390012
2020-03-31 00:00;6.097232;271.741035
2020-03-31 01:00;9.798201;344.842589
2020-03-31 02:00;20.502979;205.201598
2020-03-31 03:00;19.594898;126.959314
2020-03-31 04:00;12.278027;234.396222
2020-03-31 05:00;7.288675;306.429697
2020-03-31 06:00;8.700628;216.063684
2020-03-31 07:00;4.839361;38.429896
2020-03-31 08:00;3.140133;232.813913
2020-03-31 09:00;5.776097;143.995820
2020-03-31 10:00;8.764994;223.962913
2020-03-31 11:00;5.657713;255.453711
2020-03-31 12:00;23.297718;162.906332
2020-03-31 13:00;8.594848;185.297463
2020-03-31 14:00;15.351187;223.875447
2020-03-31 15:00;13.315768;311.564112
2020-03-31 16:00;16.316697;231.980226
2020-03-31 17:00;8.158565;251.152037
2020-03-31 18:00;14.585896;234.291858
2020-03-31 19:00;2.095149;167.394596
2020-03-31 20:00;10.773999;187.707940
2020-03-31 21:00;13.099692;200.039039
2020-03-31 22:00;12.711803;214.876127
2020-03-31 23:00;13.926922;237.232878
2020-04-01 00:00;23.697000;198.391698
2020-04-01 01:00;13.868945;208.357711
2020-04-01 02:00;18.293908;270.570002
2020-04-01 03:00;12.698458;206.849752
2020-04-01 04:00;5.589617;225.848134
2020-04-01 05:00;7.361431;200.917824
2020-04-01 06:00;14.746827;195.930442
2020-04-01 07:00;8.702293;297.717143
2020-04-01 08:00;15.397082;235.068865
2020-04-01 09:00;14.858934;228.747258
2020-04-01 10:00;6.280422;218.949263
2020-04-01 11:00;15.818386;264.935851
2020-04-01 12:00;13.169945;352.485584
2020-04-01 13:00;12.228224;212.972489
2020-04-01 14:00;8.518733;244.790305
2020-04-01 15:00;8.788644;352.974688
2020-04-01 16:00;1.636250;40.566729
2020-04-01 17:00;3.573106;179.278426
2020-04-01 18:00;15.529419;254.382950
2020-04-01 19:00;10.703772;315.724527
2020-04-01 20:00;5.119513;196.619718
2020-04-01 21:00;24.789223;30.647381
2020-04-01 22:00;11.620869;251.750390
2020-04-01 23:00;15.208448;103.041261
2020-04-02 00:00;15.395090;333.039681
2020-04-02 01:00;8.720057;226.112142
2020-04-02 02:00;8.680924;209.301385
2020-04-02 03:00;15.323145;277.106027
2020-04-02 04:00;9.138567;247.455312
2020-04-02 05:00;17.094385;310.223230
2020-04-02 06:00;21.862924;265.386797
2020-04-02 07:00;10.003774;244.336691
2020-04-02 08:00;14.123724;233.117771
2020-04-02 09:00;5.157005;254.806360
2020-04-02 10:00;5.013917;279.430143
2020-04-02 11:00;1.000000;200.305964
2020-04-02 12:00;24.020993;172.652770
2020-04-02 13:00;14.998383;183.867813
2020-04-02 14:00;5.506986;261.600604
2020-04-02 15:00;8.725349;234.636661
2020-04-02 16:00;16.476507;175.780548
2020-04-02 17:00;25.010577;220.720591
2020-04-02 18:00;6.126855;29.701815
2020-04-02 19:00;4.306671;230.788751
2020-04-02 20:00;9.811255;209.712414
2020-04-02 21:00;11.332570;220.471197
2020-04-02 22:00;1.000000;237.047579
2020-04-02 23:00;9.272836;49.512970
2020-04-03 00:00;18.250319;137.019478
2020-04-03 01:00;21.953205;285.208718
2020-04-03 02:00;6.227755;324.035993
2020-04-03 03:00;6.307857;269.818753
2020-04-03 04:00;9.836915;233.362867
2020-04-03 05:00;13.267376;266.318873
2020-04-03 06:00;12.259394;214.545673
2020-04-03 07:00;13.142934;211.095698
2020-04-03 08:00;17.994197;209.506439
2020-04-03 09:00;7.517165;202.616491
2020-04-03 10:00;7.002729;283.347702
2020-04-03 11:00;2.711520;317.844752
2020-04-03 12:00;21.597646;286.349504
2020-04-03 13:00;22.244393;264.419058
2020-04-03 14:00;28.518179;215.908566
2020-04-03 15:00;24.947023;264.959703
2020-04-03 16:00;30.115850;259.021075
2020-04-03 17:00;14.575030;269.199113
2020-04-03 18:00;10.956801;305.200159
2020-04-03 19:00;7.526627;211.301724
2020-04-03 20:00;9.380643;199.311023
2020-04-03 21:00;5.783538;16.300306
2020-04-03 22:00;14.644402;310.238016
2020-04-03 23:00;6.470890;176.554016
2020-04-04 00:00;6.227629;39.394148
2020-04-04 01:00;4.899470;285.076605
2020-04-04 02:00;20.598497;216.236715
2020-04-04 03:00;5.389551;312.068318
2020-04-04 04:00;10.937969;211.246812
2020-04-04 05:00;3.792363;277.531410
2020-04-04 06:00;7.497001;236.913788
2020-04-04 07:00;5.053343;276.618742
2020-04-04 08:00;14.606236;203.744022
2020-04-04 09:00;17.094679;183.782737
2020-04-04 10:00;15.778431;267.144235
2020-04-04 11:00;6.478412;221.474234
2020-04-04 12:00;3.772726;207.845743
2020-04-04 13:00;4.335151;201.314750
2020-04-04 14:00;7.599208;203.423748
2020-04-04 15:00;13.305735;129.419012
2020-04-04 16:00;10.365125;207.707485
2020-04-04 17:00;13.628218;202.833954
2020-04-04 18:00;11.345231;16.056079
2020-04-04 19:00;18.764836;224.868944
2020-04-04 20:00;10.535695;239.802027
2020-04-04 21:00;13.407154;252.867782
2020-04-04 22:00;12.741151;229.640032
2020-04-04 23:00;17.662250;215.915568
2020-04-05 00:00;19.075122;284.760969
2020-04-05 01:00;4.043458;251.194075
2020-04-05 02:00;7.839618;217.967724
2020-04-05 03:00;20.723034;191.514567
2020-04-05 04:00;1.125424;71.900520
2020-04-05 05:00;19.100702;204.140911
2020-04-05 06:00;6.276669;164.540560
2020-04-05 07:00;10.221942;281.087844
2020-04-05 08:00;2.667753;243.573524
2020-04-05 09:00;12.260219;258.782885
2020-04-05 10:00;7.514758;190.339399
2020-04-05 11:00;11.411453;223.021231
2020-04-05 12:00;17.689815;231.596517
2020-04-05 13:00;20.173307;170.909818
2020-04-05 14:00;7.836272;10.910887
2020-04-05 15:00;8.375803;349.097949
2020-04-05 16:00;9.542671;278.214723
2020-04-05 17:00;7.453248;11.086798
2020-04-05 18:00;18.542842;242.620101
2020-04-05 19:00;2.844257;276.128183
2020-04-05 20:00;9.642471;282.283620
2020-04-05 21:00;10.219750;294.746182
2020-04-05 22:00;3.400313;70.506598
2020-04-05 23:00;11.906761;228.982174
2020-04-06 00:00;9.398591;257.462888
2020-04-06 01:00;13.916315;271.193154
2020-04-06 02:00;10.161248;257.873074
2020-04-06 03:00;10.198230;208.026586
2020-04-06 04:00;16.040912;259.403892
2020-04-06 05:00;6.009318;258.305146
2020-04-06 06:00;4.450375;261.426520
2020-04-06 07:00;27.138474;210.277369
2020-04-06 08:00;16.847491;137.173667
2020-04-06 09:00;10.247721;272.035402
2020-04-06 10:00;3.248691;223.205899
2020-04-06 11:00;11.701009;230.615158
2020-04-06 12:00;8.766141;229.571608
2020-04-06 13:00;3.238576;50.471563
2020-04-06 14:00;6.893635;271.528302
2020-04-06 15:00;10.905053;193.080055
2020-04-06 16:00;8.771351;186.773697
2020-04-06 17:00;5.637023;179.920038
2020-04-06 18:00;7.625277;232.541392
2020-04-06 19:00;17.464782;258.640037
2020-04-06 20:00;9.805977;170.871969
2020-04-06 21:00;11.671213;283.767043
2020-04-06 22:00;5.693619;183.099974
2020-04-06 23:00;14.605749;220.824795
2020-04-07 00:00;10.090105;320.502096
2020-04-07 01:00;6.589889;248.206434
2020-04-07 02:00;9.871880;82.823781
2020-04-07 03:00;10.025359;221.549437
2020-04-07 04:00;9.585769;219.495501
2020-04-07 05:00;7.768627;241.563771
2020-04-07 06:00;4.273962;264.519749
2020-04-07 07:00;16.834100;230.358603
2020-04-07 08:00;5.669000;234.643108
2020-04-07 09:00;6.927072;166.703787
2020-04-07 10:00;9.638558;70.016310
2020-04-07 11:00;5.956312;304.854302
2020-04-07 12:00;16.286525;171.949493
2020-04-07 13:00;23.847416;287.753714
2020-04-07 14:00;14.394571;229.573787
2020-04-07 15:00;6.624765;171.287939
2020-04-07 16:00;4.327526;291.018960
2020-04-07 17:00;15.818772;284.942411
2020-04-07 18:00;7.599272;222.386312
2020-04-07 19:00;3.358598;270.354695
2020-04-07 20:00;24.178472;227.543691
2020-04-07 21:00;23.553548;241.782420
2020-04-07 22:00;5.233296;243.606442
2020-04-07 23:00;14.066348;231.914631
2020-04-08 00:00;12.752780;144.865720
2020-04-08 01:00;15.724941;253.501215
2020-04-08 02:00;6.494136;74.610058
2020-04-08 03:00;18.154946;250.359761
2020-04-08 04:00;27.699664;221.779437
2020-04-08 05:00;31.475979;244.683653
2020-04-08 06:00;14.463974;173.989078
2020-04-08 07:00;13.993470;43.344449
2020-04-08 08:00;7.284743;254.255154
2020-04-08 09:00;9.239880;217.113800
2020-04-08 10:00;9.190348;188.790553
2020-04-08 11:00;9.905561;295.795091
2020-04-08 12:00;23.301331;234.768304
2020-04-08 13:00;9.665456;217.228504
2020-04-08 14:00;4.072842;231.262252
2020-04-08 15:00;8.927516;208.018713
2020-04-08 16:00;2.351065;272.824535
2020-04-08 17:00;7.465323;152.513055
2020-04-08 18:00;18.147559;262.000033
2020-04-08 19:00;9.190331;247.707120
2020-04-08 20:00;1.532037;168.248542
2020-04-08 21:00;13.712363;198.455756
2020-04-08 22:00;10.272839;249.954011
2020-04-08 23:00;10.260615;147.076788
2020-04-09 00:00;2.272483;58.962128
2020-04-09 01:00;11.565341;204.114067
2020-04-09 02:00;1.730084;262.165280
2020-04-09 03:00;8.236999;233.118952
2020-04-09 04:00;7.402813;277.062134
2020-04-09 05:00;9.983678;228.992032
2020-04-09 06:00;8.219620;243.981206
2020-04-09 07:00;8.016572;5.899747
2020-04-09 08:00;20.710976;261.969802
2020-04-09 09:00;20.567148;323.274891
2020-04-09 10:00;16.560503;180.134444
2020-04-09 11:00;18.009643;334.188144
2020-04-09 12:00;8.928913;298.243244
2020-04-09 13:00;8.258509;257.912693
2020-04-09 14:00;14.060309;229.642463
2020-04-09 15:00;18.297208;267.369245
2020-04-09 16:00;17.895887;251.637224
2020-04-09 17:00;10.207048;217.158232
2020-04-09 18:00;5.533852;216.609818
2020-04-09 19:00;10.879342;269.934634
2020-04-09 20:00;7.116113;252.015665
2020-04-09 21:00;6.505418;277.718887
2020-04-09 22:00;21.187500;254.018333
2020-04-09 23:00;17.472439;218.510164
2020-04-10 00:00;22.675520;293.344066
2020-04-10 01:00;6.859209;23.695821
2020-04-10 02:00;19.575975;224.134672
2020-04-10 03:00;30.969331;212.602624
2020-04-10 04:00;10.842694;190.958694
2020-04-10 05:00;13.344332;261.790778
2020-04-10 06:00;13.989875;304.007293
2020-04-10 07:00;11.177180;216.052131
2020-04-10 08:00;11.309429;272.997052
2020-04-10 09:00;5.623007;270.282460
2020-04-10 10:00;16.350478;218.250153
2020-04-10 11:00;9.410528;194.218620
2020-04-10 12:00;9.699254;236.351122
2020-04-10 13:00;5.328224;184.074694
2020-04-10 14:00;19.402666;204.635153
2020-04-10 15:00;12.747879;226.427830
2020-04-10 16:00;7.765378;234.465442
2020-04-10 17:00;5.107444;220.566943
2020-04-10 18:00;3.767841;234.912928
2020-04-10 19:00;14.984137;288.371411
2020-04-10 20:00;15.499302;261.949416
2020-04-10 21:00;6.780946;288.272919
2020-04-10 22:00;5.559516;271.361029
2020-04-10 23:00;6.899516;248.119358
2020-04-11 00:00;8.219856;43.342926
2020-04-11 01:00;6.502134;193.236952
2020-04-11 02:00;15.392645;239.279515
2020-04-11 03:00;8.507911;225.698733
2020-04-11 04:00;14.726360;207.290992
2020-04-11 05:00;17.525910;254.339661
2020-04-11 06:00;15.180475;131.492168
2020-04-11 07:00;6.676607;80.201461
2020-04-11 08:00;14.886300;243.004245
2020-04-11 09:00;7.373486;220.856230
2020-04-11 10:00;6.817429;25.729854
2020-04-11 11:00;3.135077;309.077856
2020-04-11 12:00;16.729799;223.645044
2020-04-11 13:00;5.354715;234.357137
2020-04-11 14:00;10.595551;224.350095
2020-04-11 15:00;11.303342;236.153793
2020-04-11 16:00;17.977561;169.812850
2020-04-11 17:00;15.919064;213.367735
2020-04-11 18:00;2.923768;52.679160
2020-04-11 19:00;11.976914;279.322350
2020-04-11 20:00;2.076096;263.225822
2020-04-11 21:00;2.750852;47.194986
2020-04-11 22:00;5.530158;302.282921
2020-04-11 23:00;9.323878;219.784422
2020-04-12 00:00;3.500455;247.179109
2020-04-12 01:00;2.933736;292.450298
2020-04-12 02:00;21.802368;210.513286
2020-04-12 03:00;17.847788;242.251380
2020-04-12 04:00;4.551478;228.981987
2020-04-12 05:00;3.584175;255.550379
2020-04-12 06:00;8.080846;354.790328
2020-04-12 07:00;1.000000;210.455483
2020-04-12 08:00;10.525330;306.201414
2020-04-12 09:00;11.948606;240.723142
2020-04-12 10:00;1.000000;232.644766
2020-04-12 11:00;10.018524;188.247663
2020-04-12 12:00;21.630928;243.597558
2020-04-12 13:00;10.437525;233.027152
2020-04-12 14:00;1.000000;242.002998
2020-04-12 15:00;8.993411;219.881595
2020-04-12 16:00;13.961780;222.519617
2020-04-12 17:00;8.328431;258.446523
2020-04-12 18:00;15.124370;165.227739
2020-04-12 19:00;7.217764;212.018088
2020-04-12 20:00;7.652190;240.299432
2020-04-12 21:00;12.204005;121.329952
2020-04-12 22:00;8.318254;226.331048
2020-04-12 23:00;8.900662;244.767842
2020-04-13 00:00;9.436372;227.768736
2020-04-13 01:00;6.318627;174.875025
2020-04-13 02:00;8.852334;272.916480
2020-04-13 03:00;16.954744;249.379860
2020-04-13 04:00;26.024636;206.492504
2020-04-13 05:00;17.181997;117.053649
2020-04-13 06:00;15.308235;327.871546
2020-04-13 07:00;10.955011;102.456968
2020-04-13 08:00;12.926519;278.729836
2020-04-13 09:00;20.802783;258.865974
2020-04-13 10:00;6.846519;333.030583
2020-04-13 11:00;6.259925;96.526068
2020-04-13 12:00;10.163661;8.545762
2020-04-13 13:00;5.509021;211.213755
2020-04-13 14:00;14.016815;221.062953
2020-04-13 15:00;13.763709;59.911778
2020-04-13 16:00;17.827845;277.931813
2020-04-13 17:00;14.534321;148.794434
2020-04-13 18:00;4.192775;16.112169
2020-04-13 19:00;18.871560;194.562324
2020-04-13 20:00;18.407852;244.088239
2020-04-13 21:00;11.126418;47.031231
2020-04-13 22:00;9.563706;181.304771
2020-04-13 23:00;12.217435;184.010632
2020-04-14 00:00;3.692780;219.282763
2020-04-14 01:00;20.511003;263.087426
2020-04-14 02:00;24.237914;247.486368
2020-04-14 03:00;17.468353;245.986607
2020-04-14 04:00;22.306222;209.954743
2020-04-14 05:00;9.716768;163.121372
2020-04-14 06:00;6.814175;208.744099
2020-04-14 07:00;5.506090;222.116724
2020-04-14 08:00;20.454383;291.773715
2020-04-14 09:00;30.220131;259.933337
2020-04-14 10:00;11.067332;0.110195
2020-04-14 11:00;8.483139;219.634782
2020-04-14 12:00;14.693702;214.475916
2020-04-14 13:00;31.387611;262.421761
2020-04-14 14:00;11.152890;226.978206
2020-04-14 15:00;13.515669;228.208694
2020-04-14 16:00;5.892458;307.124908
2020-04-14 17:00;9.320202;205.636322
2020-04-14 18:00;21.438988;230.143800
2020-04-14 19:00;5.267495;231.260852
2020-04-14 20:00;5.912033;217.203341
2020-04-14 21:00;13.576844;191.213773
2020-04-14 22:00;6.687498;38.135567
2020-04-14 23:00;9.468082;190.564380
2020-04-15 00:00;2.145142;208.233496
2020-04-15 01:00;13.101324;248.969283
2020-04-15 02:00;12.625424;196.469250
2020-04-15 03:00;21.220716;188.838898
2020-04-15 04:00;18.264000;231.019173
2020-04-15 05:00;10.615062;231.713748
2020-04-15 06:00;11.441148;235.097665
2020-04-15 07:00;5.228668;190.705276
2020-04-15 08:00;7.281895;220.767395
2020-04-15 09:00;11.389978;284.957952
2020-04-15 10:00;12.872503;280.738024
2020-04-15 11:00;20.859571;279.795293
2020-04-15 12:00;14.635557;277.971355
2020-04-15 13:00;8.663116;291.197254
2020-04-15 14:00;8.921173;192.261453
2020-04-15 15:00;19.144942;169.395791
2020-04-15 16:00;4.265258;201.045062
2020-04-15 17:00;11.921134;14.717543
2020-04-15 18:00;1.000000;228.605822
2020-04-15 19:00;8.930323;298.157194
2020-04-15 20:00;6.313567;269.380273
2020-04-15 21:00;9.550401;227.602484
2020-04-15 22:00;11.704982;111.819148
2020-04-15 23:00;4.485574;347.106401
2020-04-16 00:00;7.007889;209.354353
2020-04-16 01:00;6.162173;159.355725
2020-04-16 02:00;17.381217;239.492425
2020-04-16 03:00;2.985703;214.259449
2020-04-16 04:00;25.134752;285.456399
2020-04-16 05:00;7.949507;92.510751
2020-04-16 06:00;8.397324;217.362119
2020-04-16 07:00;15.467429;186.795074
2020-04-16 08:00;19.678682;273.818661
2020-04-16 09:00;19.882578;219.290415
2020-04-16 10:00;4.537178;237.536412
2020-04-16 11:00;2.950257;160.862215
2020-04-16 12:00;9.087949;233.471860
2020-04-16 13:00;15.877880;170.610816
2020-04-16 14:00;16.059479;61.203504
2020-04-16 15:00;4.516735;249.130280
2020-04-16 16:00;10.700807;316.243838
2020-04-16 17:00;16.433839;287.140308
2020-04-16 18:00;12.979667;255.332687
2020-04-16 19:00;12.590896;327.036732
2020-04-16 20:00;14.732172;284.706283
2020-04-16 21:00;14.514105;192.934680
2020-04-16 22:00;4.763879;195.017135
2020-04-16 23:00;6.654932;249.375274
2020-04-17 00:00;11.595613;237.571892
2020-04-17 01:00;2.444064;125.227343
2020-04-17 02:00;10.524957;211.127409
2020-04-17 03:00;19.374742;304.592647
2020-04-17 04:00;10.654892;227.711028
2020-04-17 05:00;17.405584;282.385559
2020-04-17 06:00;11.598724;336.550650
2020-04-17 07:00;17.916348;219.516761
2020-04-17 08:00;3.040181;260.173339
2020-04-17 09:00;1.996981;295.754244
2020-04-17 10:00;18.257509;291.038587
2020-04-17 11:00;14.047464;266.311911
2020-04-17 12:00;23.233600;155.669777
2020-04-17 13:00;9.877391;242.759766
2020-04-17 14:00;20.829767;284.406842
2020-04-17 15:00;5.484264;132.310200
2020-04-17 16:00;10.119556;244.350195
2020-04-17 17:00;7.267512;223.455255
2020-04-17 18:00;6.530263;192.657001
2020-04-17 19:00;1.091144;126.178434
2020-04-17 20:00;5.775351;305.256008
2020-04-17 21:00;6.568860;33.730626
2020-04-17 22:00;10.060859;217.557201
2020-04-17 23:00;10.101594;147.467222
2020-04-18 00:00;12.821467;232.549593
2020-04-18 01:00;6.417839;83.019415
2020-04-18 02:00;6.570181;262.513317
2020-04-18 03:00;7.717924;338.370169
2020-04-18 04:00;18.625700;281.400479
2020-04-18 05:00;17.866845;261.052863
2020-04-18 06:00;17.306199;246.526953
2020-04-18 07:00;12.777632;166.392681
2020-04-18 08:00;10.854220;246.900157
2020-04-18 09:00;2.583113;107.878125
2020-04-18 10:00;3.495512;318.506747
2020-04-18 11:00;8.752212;242.570397
2020-04-18 12:00;15.614808;213.308376
2020-04-18 13:00;13.400929;220.986580
2020-04-18 14:00;2.194807;17.979926
2020-04-18 15:00;5.658912;220.835850
2020-04-18 16:00;13.016322;251.031539
2020-04-18 17:00;5.136391;281.258825
2020-04-18 18:00;12.220594;258.194958
2020-04-18 19:00;2.850598;268.339353
2020-04-18 20:00;15.877836;271.188687
2020-04-18 21:00;15.287467;296.174809
2020-04-18 22:00;14.446184;15.604607
2020-04-18 23:00;2.252781;192.690263
2020-04-19 00:00;4.322671;244.318385
2020-04-19 01:00;10.473820;221.598566
2020-04-19 02:00;10.583660;171.209410
2020-04-19 03:00;11.602644;202.461882
2020-04-19 04:00;7.239595;170.080799
2020-04-19 05:00;4.422667;264.127259
2020-04-19 06:00;21.864488;17.168665
2020-04-19 07:00;13.582303;144.293001
2020-04-19 08:00;6.450492;235.961992
2020-04-19 09:00;9.573024;173.542591
2020-04-19 10:00;4.901172;231.256755
2020-04-19 11:00;6.562270;290.782142
2020-04-19 12:00;2.898193;59.041651
2020-04-19 13:00;9.076622;205.896036
2020-04-19 14:00;7.128505;158.948751
2020-04-19 15:00;9.818533;284.998751
2020-04-19 16:00;1.844749;254.412594
2020-04-19 17:00;7.621811;15.585233
2020-04-19 18:00;15.757092;276.497435
2020-04-19 19:00;15.247723;221.426152
2020-04-19 20:00;7.009309;228.309351
2020-04-19 21:00;10.863692;314.340731
2020-04-19 22:00;7.285031;208.630701
2020-04-19 23:00;7.492879;233.535291
2020-04-20 00:00;20.004863;247.823322
2020-04-20 01:00;10.723627;48.253345
2020-04-20 02:00;1.635473;240.219581
2020-04-20 03:00;8.676431;194.266875
2020-04-20 04:00;16.255771;83.133306
2020-04-20 05:00;13.717051;231.513516
2020-04-20 06:00;19.406566;216.587645
2020-04-20 07:00;8.522825;210.826101
2020-04-20 08:00;23.401737;204.939721
2020-04-20 09:00;13.350293;211.670059
2020-04-20 10:00;11.652074;323.391607
2020-04-20 11:00;8.328197;241.275969
2020-04-20 12:00;11.417106;302.078068
2020-04-20 13:00;12.568028;40.553387
2020-04-20 14:00;22.126012;219.172951
2020-04-20 15:00;16.003890;221.130952
2020-04-20 16:00;13.180563;233.945987
2020-04-20 17:00;21.676388;227.749261
2020-04-20 18:00;8.096701;235.473627
2020-04-20 19:00;1.000000;125.528433
2020-04-20 20:00;15.353798;237.339158
2020-04-20 21:00;8.372541;244.619895
2020-04-20 22:00;10.969088;198.292711
2020-04-20 23:00;9.400921;187.480869
2020-04-21 00:00;13.846366;5.465104
2020-04-21 01:00;15.201612;225.394995
2020-04-21 02:00;7.751587;247.059648
2020-04-21 03:00;4.280900;287.494581
2020-04-21 04:00;7.702124;222.133744
2020-04-21 05:00;15.284934;216.039406
2020-04-21 06:00;10.226949;318.606028
2020-04-21 07:00;26.878400;328.033652
2020-04-21 08:00;19.119080;242.013024
2020-04-21 09:00;5.613509;47.139250
2020-04-21 10:00;20.905156;305.771470
2020-04-21 11:00;17.326104;9.092817
2020-04-21 12:00;5.593353;23.077312
2020-04-21 13:00;6.992884;262.777741
2020-04-21 14:00;4.421822;55.529982
2020-04-21 15:00;10.014771;203.982602
2020-04-21 16:00;16.624539;281.259434
2020-04-21 17:00;5.896328;223.513752
2020-04-21 18:00;33.543630;214.580851
2020-04-21 19:00;9.663206;217.945623
2020-04-21 20:00;2.523865;252.384063
2020-04-21 21:00;9.399557;256.961220
2020-04-21 22:00;20.435251;130.322646
2020-04-21 23:00;15.136745;305.066954
2020-04-22 00:00;17.362188;226.626794
2020-04-22 01:00;4.321025;198.252792
2020-04-22 02:00;18.939532;299.212522
2020-04-22 03:00;14.585891;161.358665
2020-04-22 04:00;13.272146;243.588917
2020-04-22 05:00;6.148931;199.229773
2020-04-22 06:00;10.653644;224.901217
2020-04-22 07:00;12.025990;345.717034
2020-04-22 08:00;1.344040;245.648842
2020-04-22 09:00;16.844904;85.148555
2020-04-22 10:00;10.324820;235.804442
2020-04-22 11:00;12.634415;252.248112
2020-04-22 12:00;5.460268;77.011503
2020-04-22 13:00;10.821159;171.810525
2020-04-22 14:00;12.735459;2.293689
2020-04-22 15:00;21.427131;262.155848
2020-04-22 16:00;27.345460;216.650989
2020-04-22 17:00;21.142422;228.507142
2020-04-22 18:00;10.470157;271.728565
2020-04-22 19:00;9.158283;177.425677
2020-04-22 20:00;21.127956;200.752754
2020-04-22 21:00;11.107379;96.942863
2020-04-22 22:00;19.854665;176.370162
2020-04-22 23:00;19.135728;212.615259
2020-04-23 00:00;4.229606;200.115807
2020-04-23 01:00;1.717329;359.102185
2020-04-23 02:00;2.947970;285.931969
2020-04-23 03:00;9.403370;321.171473
2020-04-23 04:00;11.819290;260.756778
2020-04-23 05:00;7.743325;206.377974
2020-04-23 06:00;11.175889;265.588521
2020-04-23 07:00;11.002645;254.717215
2020-04-23 08:00;5.419953;159.258527
2020-04-23 09:00;19.037183;270.837699
2020-04-23 10:00;6.924246;223.075269
2020-04-23 11:00;1.000000;15.915837
2020-04-23 12:00;11.181184;242.007982
2020-04-23 13:00;9.257134;263.991185
2020-04-23 14:00;6.571070;115.890571
2020-04-23 15:00;20.234849;252.432709
2020-04-23 16:00;16.102957;175.970207
2020-04-23 17:00;4.956673;250.229763
2020-04-23 18:00;11.217835;344.143461
2020-04-23 19:00;19.173913;221.697794
2020-04-23 20:00;6.282575;131.896739
2020-04-23 21:00;17.190707;189.277914
2020-04-23 22:00;17.918109;178.905884
2020-04-23 23:00;7.493592;142.037053
2020-04-24 00:00;7.675684;207.732399
2020-04-24 01:00;20.649517;249.566176
2020-04-24 02:00;2.659699;263.061826
2020-04-24 03:00;8.841559;220.875452
2020-04-24 04:00;11.422551;204.038950
2020-04-24 05:00;18.844335;324.980945
2020-04-24 06:00;23.548157;249.167948
2020-04-24 07:00;2.924684;196.856078
2020-04-24 08:00;10.816723;256.814533
2020-04-24 09:00;6.906780;216.766340
2020-04-24 10:00;8.083398;256.271215
2020-04-24 11:00;10.953934;268.916134
2020-04-24 12:00;12.184334;184.107718
2020-04-24 13:00;10.664085;257.207415
2020-04-24 14:00;8.996213;134.599247
2020-04-24 15:00;16.210647;259.149482
2020-04-24 16:00;12.975688;171.398001
2020-04-24 17:00;13.634758;100.526988
2020-04-24 18:00;14.123178;252.395685
2020-04-24 19:00;8.130318;218.525838
2020-04-24 20:00;24.329443;279.664808
2020-04-24 21:00;12.481532;212.544420
2020-04-24 22:00;23.865344;244.171130
2020-04-24 23:00;3.673045;230.028270
2020-04-25 00:00;13.005120;19.576100
2020-04-25 01:00;12.969686;242.956548
2020-04-25 02:00;6.037275;85.896698
2020-04-25 03:00;13.621973;214.105256
2020-04-25 04:00;16.847098;335.075210
2020-04-25 05:00;8.482179;261.997272
2020-04-25 06:00;8.543972;219.157351
2020-04-25 07:00;8.521315;269.246863
2020-04-25 08:00;2.982425;90.342346
2020-04-25 09:00;14.795208;229.656685
2020-04-25 10:00;17.442960;222.010159
2020-04-25 11:00;8.508541;238.292178
2020-04-25 12:00;17.198394;224.150310
2020-04-25 13:00;10.702177;56.073391
2020-04-25 14:00;5.321392;235.355798
2020-04-25 15:00;6.064093;176.300927
2020-04-25 16:00;9.064711;243.737203
2020-04-25 17:00;2.792490;357.529131
2020-04-25 18:00;4.312292;271.912005
2020-04-25 19:00;5.708552;269.734599
2020-04-25 20:00;15.561667;258.106062
2020-04-25 21:00;6.807768;218.867402
2020-04-25 22:00;11.105712;222.730264
2020-04-25 23:00;12.099648;232.035275
2020-04-26 00:00;13.066241;281.515547
2020-04-26 01:00;25.549922;281.971891
2020-04-26 02:00;8.963634;188.969246
2020-04-26 03:00;5.371011;297.552301
2020-04-26 04:00;11.946547;298.620108
2020-04-26 05:00;11.241061;289.875473
2020-04-26 06:00;6.630078;218.070337
2020-04-26 07:00;15.984572;237.297382
2020-04-26 08:00;15.294806;241.749610
2020-04-26 09:00;4.812593;278.611472
2020-04-26 10:00;13.113820;222.920828
2020-04-26 11:00;16.171755;260.712655
2020-04-26 12:00;5.823675;249.582238
2020-04-26 13:00;21.342753;250.522095
2020-04-26 14:00;12.341933;276.890580
2020-04-26 15:00;17.419780;245.133057
2020-04-26 16:00;19.708651;195.153735
2020-04-26 17:00;23.083767;271.584164
2020-04-26 18:00;9.589481;76.253886
2020-04-26 19:00;13.422777;271.423411
2020-04-26 20:00;10.812410;249.266221
2020-04-26 21:00;10.735725;342.218803
2020-04-26 22:00;15.364804;132.957354
2020-04-26 23:00;10.335059;217.773788
2020-04-27 00:00;3.572044;249.457593
2020-04-27 01:00;5.105154;83.655585
2020-04-27 02:00;11.781377;124.284571
2020-04-27 03:00;6.489564;215.089557
2020-04-27 04:00;22.687402;227.132856
2020-04-27 05:00;5.936309;215.504139
2020-04-27 06:00;9.037009;212.213564
2020-04-27 07:00;14.865279;302.256214
2020-04-27 08:00;5.166212;247.497270
2020-04-27 09:00;18.411932;259.625284
2020-04-27 10:00;7.975983;241.786353
2020-04-27 11:00;6.829047;267.040998
2020-04-27 12:00;24.654090;211.326753
2020-04-27 13:00;13.861234;272.974485
2020-04-27 14:00;11.398382;142.924114
2020-04-27 15:00;10.157074;254.025641
2020-04-27 16:00;6.691219;202.721239
2020-04-27 17:00;5.635597;57.722818
2020-04-27 18:00;15.697709;264.204439
2020-04-27 19:00;9.515747;208.897154
2020-04-27 20:00;6.615476;252.182280
2020-04-27 21:00;7.631188;248.593041
2020-04-27 22:00;12.981958;233.818269
2020-04-27 23:00;5.449368;105.101595
2020-04-28 00:00;16.974496;255.988465
2020-04-28 01:00;19.106105;304.659326
2020-04-28 02:00;2.838232;184.096963
2020-04-28 03:00;13.997839;341.980927
2020-04-28 04:00;19.268101;230.582401
2020-04-28 05:00;7.942495;236.809138
2020-04-28 06:00;26.704548;246.710721
2020-04-28 07:00;11.742890;343.220206
2020-04-28 08:00;7.297446;230.505970
2020-04-28 09:00;9.323884;199.240168
2020-04-28 10:00;6.122314;169.739991
2020-04-28 11:00;5.271919;207.254511
2020-04-28 12:00;11.102682;222.125077
2020-04-28 13:00;4.083765;344.040100
2020-04-28 14:00;17.735334;210.391633
2020-04-28 15:00;11.362009;203.692752
2020-04-28 16:00;10.013807;250.721286
2020-04-28 17:00;11.380639;172.801708
2020-04-28 18:00;3.159253;199.847394
2020-04-28 19:00;7.717201;176.432617
2020-04-28 20:00;22.345369;234.649283
2020-04-28 21:00;12.131056;137.013883
2020-04-28 22:00;8.618833;208.596152
2020-04-28 23:00;14.013039;186.270481
2020-04-29 00:00;19.855837;263.561809
2020-04-29 01:00;11.998536;260.890269
2020-04-29 02:00;16.599577;292.022478
2020-04-29 03:00;23.749997;233.844402
2020-04-29 04:00;22.273655;265.833097
2020-04-29 05:00;2.919871;279.536010
2020-04-29 06:00;5.032212;313.221413
2020-04-29 07:00;7.568395;196.265693
2020-04-29 08:00;20.518802;116.507481
2020-04-29 09:00;9.846229;298.272984
2020-04-29 10:00;16.179854;191.468009
2020-04-29 11:00;5.979871;265.005449
2020-04-29 12:00;16.268414;204.242192
2020-04-29 13:00;20.882107;271.444534
2020-04-29 14:00;5.485124;201.999640
2020-04-29 15:00;5.695009;250.979471
2020-04-29 16:00;17.256947;268.633029
2020-04-29 17:00;22.035351;248.015437
2020-04-29 18:00;6.368837;234.082339
2020-04-29 19:00;6.521669;277.100575
2020-04-29 20:00;13.084567;279.434810
2020-04-29 21:00;19.052594;175.955275
2020-04-29 22:00;6.479932;21.236334
2020-04-29 23:00;5.341936;223.136577
2020-04-30 00:00;1.184067;10.583526
2020-04-30 01:00;19.583422;261.101729
2020-04-30 02:00;16.830635;205.710555
2020-04-30 03:00;7.947859;195.996631
2020-04-30 04:00;4.816736;227.926001
2020-04-30 05:00;3.963903;125.976820
2020-04-30 06:00;20.189130;179.005521
2020-04-30 07:00;15.961132;203.553685
2020-04-30 08:00;13.826215;180.795870
2020-04-30 09:00;12.402704;197.834445
2020-04-30 10:00;20.641997;337.425118
2020-04-30 11:00;13.093131;193.807391
2020-04-30 12:00;8.328116;250.863213
2020-04-30 13:00;17.672980;243.703691
2020-04-30 14:00;7.432218;119.675358
2020-04-30 15:00;5.894920;307.201240
2020-04-30 16:00;8.934064;205.403423
2020-04-30 17:00;8.006311;317.632047
2020-04-30 18:00;14.405367;218.849339
2020-04-30 19:00;12.420872;224.174186
2020-04-30 20:00;22.659357;254.117683
2020-04-30 21:00;7.561072;260.994319
2020-04-30 22:00;3.758080;222.291382
2020-04-30 23:00;11.036083;286.609631
2020-05-01 00:00;14.194790;230.492693
2020-05-01 01:00;10.438071;235.943928
2020-05-01 02:00;13.587798;208.853069
2020-05-01 03:00;11.783151;99.287715
2020-05-01 04:00;12.312228;266.099907
2020-05-01 05:00;11.819172;331.972067
2020-05-01 06:00;3.299729;164.644657
2020-05-01 07:00;10.298674;231.465202
2020-05-01 08:00;7.250316;260.764592
2020-05-01 09:00;2.205263;225.395013
2020-05-01 10:00;2.493072;236.614518
2020-05-01 11:00;4.542597;1.944242
2020-05-01 12:00;17.384299;176.321278
2020-05-01 13:00;19.174919;267.814716
2020-05-01 14:00;19.631711;173.276984
2020-05-01 15:00;4.665394;269.080445
2020-05-01 16:00;26.481288;260.123590
2020-05-01 17:00;22.988420;222.431816
2020-05-01 18:00;6.887234;256.350226
2020-05-01 19:00;17.980662;244.446737
2020-05-01 20:00;4.978447;221.389377
2020-05-01 21:00;17.863886;298.048001
2020-05-01 22:00;8.483164;268.136240
2020-05-01 23:00;20.734171;250.726567
2020-05-02 00:00;14.978894;208.554267
2020-05-02 01:00;3.629676;191.567098
2020-05-02 02:00;10.074305;79.572885
2020-05-02 03:00;5.620101;203.006069
2020-05-02 04:00;9.728870;189.687838
2020-05-02 05:00;14.523791;193.241744
2020-05-02 06:00;7.272073;44.483864
2020-05-02 07:00;2.067329;141.857216
2020-05-02 08:00;27.238603;208.471507
2020-05-02 09:00;27.488445;242.251660
2020-05-02 10:00;8.924070;282.139179
2020-05-02 11:00;21.259573;247.746617
2020-05-02 12:00;15.028292;279.404059
2020-05-02 13:00;9.114706;205.667419
2020-05-02 14:00;15.362972;231.241489
2020-05-02 15:00;14.091973;226.674239
2020-05-02 16:00;11.404120;209.425095
2020-05-02 17:00;8.525949;350.658865
2020-05-02 18:00;8.191789;234.328799
2020-05-02 19:00;16.155936;249.224594
2020-05-02 20:00;10.929462;230.295258
2020-05-02 21:00;13.970288;315.769238
2020-05-02 22:00;11.629870;250.913330
2020-05-02 23:00;6.535426;275.408212
2020-05-03 00:00;1.000000;241.514191
2020-05-03 01:00;10.265356;245.361715
2020-05-03 02:00;1.000000;279.227847
2020-05-03 03:00;27.460856;224.893449
2020-05-03 04:00;12.187875;256.171667
2020-05-03 05:00;8.608435;274.837073
2020-05-03 06:00;4.745675;271.593149
2020-05-03 07:00;6.873769;269.114525
2020-05-03 08:00;6.980271;261.877726
2020-05-03 09:00;14.027130;230.126176
2020-05-03 10:00;9.421540;75.666624
2020-05-03 11:00;9.034631;222.399557
2020-05-03 12:00;4.667244;225.294441
2020-05-03 13:00;30.370861;232.568414
2020-05-03 14:00;15.936449;258.972049
2020-05-03 15:00;10.437532;296.332740
2020-05-03 16:00;2.338271;286.245049
2020-05-03 17:00;1.457373;94.972881
2020-05-03 18:00;5.671504;264.213974
2020-05-03 19:00;14.865661;165.236198
2020-05-03 20:00;14.403549;179.149355
2020-05-03 21:00;2.298106;219.589407
2020-05-03 22:00;8.848004;244.895145
2020-05-03 23:00;11.122663;328.785384
2020-05-04 00:00;12.605313;260.251499
2020-05-04 01:00;6.898805;264.015350
2020-05-04 02:00;9.270176;260.355908
2020-05-04 03:00;23.607738;193.092272
2020-05-04 04:00;5.749975;252.962479
2020-05-04 05:00;5.247066;12.199289
2020-05-04 06:00;5.466765;357.760861
2020-05-04 07:00;14.695297;219.242421
2020-05-04 08:00;12.475018;163.577896
2020-05-04 09:00;5.666586;174.116493
2020-05-04 10:00;5.129960;257.655463
2020-05-04 11:00;24.570110;289.968303
2020-05-04 12:00;13.357162;232.998541
2020-05-04 13:00;15.745156;99.559670
2020-05-04 14:00;14.770333;333.640607
2020-05-04 15:00;2.315090;241.737587
2020-05-04 16:00;22.627238;354.030846
2020-05-04 17:00;4.863545;217.269393
2020-05-04 18:00;15.866629;198.409666
2020-05-04 19:00;16.453761;186.468678
2020-05-04 20:00;10.299583;274.862906
2020-05-04 21:00;19.662990;205.414650
2020-05-04 22:00;12.970325;170.156561
2020-05-04 23:00;22.411261;218.532955
2020-05-05 00:00;20.599554;127.998506
2020-05-05 01:00;8.539891;181.910454
2020-05-05 02:00;12.151937;246.493792
2020-05-05 03:00;17.818274;211.746227
2020-05-05 04:00;28.691302;263.761395
2020-05-05 05:00;13.677224;4.176901
2020-05-05 06:00;17.577817;243.429884
2020-05-05 07:00;21.260367;261.207918
2020-05-05 08:00;3.485073;288.064449
2020-05-05 09:00;5.001235;316.366945
2020-05-05 10:00;7.292459;57.315266
2020-05-05 11:00;5.502168;250.543081
2020-05-05 12:00;17.905140;292.307871
2020-05-05 13:00;21.791168;244.468818
2020-05-05 14:00;14.681181;313.057311
2020-05-05 15:00;15.061129;260.994537
2020-05-05 16:00;17.622093;220.495101
2020-05-05 17:00;15.002278;246.465463
2020-05-05 18:00;6.945056;128.159086
2020-05-05 19:00;9.404495;178.327626
2020-05-05 20:00;7.223574;230.433021
2020-05-05 21:00;8.466029;283.148828
2020-05-05 22:00;15.131110;317.327613
2020-05-05 23:00;12.051531;240.365342
2020-05-06 00:00;11.297242;241.338936
2020-05-06 01:00;7.032901;234.715166
2020-05-06 02:00;4.053953;253.058150
2020-05-06 03:00;22.650646;319.393977
2020-05-06 04:00;20.181652;284.941770
2020-05-06 05:00;1.722266;237.948839
2020-05-06 06:00;17.389741;308.485834
2020-05-06 07:00;10.280105;167.971286
2020-05-06 08:00;17.949404;292.541796
2020-05-06 09:00;14.631200;140.966201
2020-05-06 10:00;8.807238;279.351083
2020-05-06 11:00;12.726193;164.093052
2020-05-06 12:00;9.135013;259.167815
2020-05-06 13:00;5.215558;68.393022
2020-05-06 14:00;6.524297;39.317144
2020-05-06 15:00;14.988380;195.740562
2020-05-06 16:00;11.954363;228.491150
2020-05-06 17:00;22.495998;299.240896
2020-05-06 18:00;10.049843;255.528543
2020-05-06 19:00;29.662768;247.257016
2020-05-06 20:00;6.781269;231.956024
2020-05-06 21:00;4.853332;243.308660
2020-05-06 22:00;8.020208;296.349842
2020-05-06 23:00;19.058308;234.204618
2020-05-07 00:00;19.522490;269.142950
2020-05-07 01:00;16.624691;265.581481
2020-05-07 02:00;22.096545;242.843321
2020-05-07 03:00;19.881289;129.370831
2020-05-07 04:00;9.551458;187.956946
2020-05-07 05:00;19.012242;289.373955
2020-05-07 06:00;1.921328;176.342451
2020-05-07 07:00;20.502334;297.384026
2020-05-07 08:00;18.616227;258.626179
2020-05-07 09:00;13.376565;236.447059
2020-05-07 10:00;20.335875;197.784255
2020-05-07 11:00;20.151499;199.626927
2020-05-07 12:00;9.786776;232.085464
2020-05-07 13:00;6.321653;246.521611
2020-05-07 14:00;12.819463;286.455414
2020-05-07 15:00;6.451490;182.727017
2020-05-07 16:00;8.589589;343.152895
2020-05-07 17:00;4.078383;204.883779
2020-05-07 18:00;13.365815;232.486166
2020-05-07 19:00;16.198368;269.794684
2020-05-07 20:00;4.428009;215.279315
2020-05-07 21:00;13.701162;191.923614
2020-05-07 22:00;16.919166;224.594836
2020-05-07 23:00;2.916698;279.679289
2020-05-08 00:00;5.311462;199.672292
2020-05-08 01:00;21.233721;185.708461
2020-05-08 02:00;10.011326;199.373504
2020-05-08 03:00;11.719022;284.927186
2020-05-08 04:00;13.761294;263.725965
2020-05-08 05:00;14.421685;296.638277
2020-05-08 06:00;3.178964;226.908714
2020-05-08 07:00;6.349258;317.240355
2020-05-08 08:00;14.226858;224.419098
2020-05-08 09:00;11.975414;195.802753
2020-05-08 10:00;16.295761;180.836753
2020-05-08 11:00;9.947683;289.967097
2020-05-08 12:00;13.774267;249.096683
2020-05-08 13:00;18.620167;254.663042
2020-05-08 14:00;8.526247;260.701794
2020-05-08 15:00;11.051243;242.985685
2020-05-08 16:00;6.040097;172.685751
2020-05-08 17:00;25.524090;198.418392
2020-05-08 18:00;5.482044;259.792306
2020-05-08 19:00;4.122500;308.142060
2020-05-08 20:00;3.668328;238.768790
2020-05-08 21:00;8.361453;35.811609
2020-05-08 22:00;3.157449;244.073632
2020-05-08 23:00;16.413056;292.153347
2020-05-09 00:00;7.881567;200.254526
2020-05-09 01:00;5.452835;204.527904
2020-05-09 02:00;23.264371;115.297082
2020-05-09 03:00;2.238536;209.114905
2020-05-09 04:00;5.943242;198.078773
2020-05-09 05:00;3.547859;274.863686
2020-05-09 06:00;10.086866;189.523028
2020-05-09 07:00;14.688472;244.761134
2020-05-09 08:00;8.188881;156.198666
2020-05-09 09:00;9.070136;247.468558
2020-05-09 10:00;13.793583;169.385085
2020-05-09 11:00;15.334089;249.140799
2020-05-09 12:00;16.451339;196.283044
2020-05-09 13:00;2.166300;104.088828
2020-05-09 14:00;7.807671;161.610933
2020-05-09 15:00;20.846972;255.020782
2020-05-09 16:00;27.080212;222.036174
2020-05-09 17:00;20.673161;246.643644
2020-05-09 18:00;8.871686;290.479747
2020-05-09 19:00;11.774498;212.105615
2020-05-09 20:00;25.610009;209.850638
2020-05-09 21:00;7.253468;292.512564
2020-05-09 22:00;13.898830;205.316567
2020-05-09 23:00;21.335952;279.645863
2020-05-10 00:00;10.431793;116.325410
2020-05-10 01:00;12.981510;262.469842
2020-05-10 02:00;10.283696;293.301728
2020-05-10 03:00;8.637866;293.024313
2020-05-10 04:00;10.905533;180.235401
2020-05-10 05:00;9.217184;75.016401
2020-05-10 06:00;17.493701;32.000834
2020-05-10 07:00;6.512202;97.581483
2020-05-10 08:00;8.012200;7.132469
2020-05-10 09:00;10.649691;258.114068
2020-05-10 10:00;15.388289;249.149438
2020-05-10 11:00;11.416353;30.281567
2020-05-10 12:00;5.780767;277.436985
2020-05-10 13:00;14.728177;286.997658
2020-05-10 14:00;5.629715;358.691115
2020-05-10 15:00;8.667844;305.046151
2020-05-10 16:00;15.974194;241.810943
2020-05-10 17:00;19.460557;234.024417
2020-05-10 18:00;8.384377;272.425032
2020-05-10 19:00;14.760647;213.147968
2020-05-10 20:00;14.792859;256.386211
2020-05-10 21:00;6.366135;158.573029
2020-05-10 22:00;7.178587;337.329073
2020-05-10 23:00;12.855350;253.559776
2020-05-11 00:00;2.390226;62.082944
2020-05-11 01:00;9.665749;228.513162
2020-05-11 02:00;5.274600;282.181315
2020-05-11 03:00;4.703808;260.078918
2020-05-11 04:00;10.713270;257.474608
2020-05-11 05:00;9.113671;88.394656
2020-05-11 06:00;4.708324;357.440225
2020-05-11 07:00;1.972749;2.055500
2020-05-11 08:00;22.342153;320.744391
2020-05-11 09:00;4.432351;19.437328
2020-05-11 10:00;18.536002;295.212132
2020-05-11 11:00;10.217397;97.258647
2020-05-11 12:00;5.082719;215.588927
2020-05-11 13:00;5.199039;263.600350
2020-05-11 14:00;12.265871;236.020088
2020-05-11 15:00;9.153286;353.744964
2020-05-11 16:00;14.742471;259.378544
2020-05-11 17:00;10.885157;255.304817
2020-05-11 18:00;3.817857;270.605245
2020-05-11 19:00;15.054132;230.474676
2020-05-11 20:00;11.359912;168.998534
2020-05-11 21:00;6.771632;104.510505
2020-05-11 22:00;11.101864;285.339973
2020-05-11 23:00;8.995954;223.855936
2020-05-12 00:00;14.848356;267.535623
2020-05-12 01:00;5.108084;192.287047
2020-05-12 02:00;17.639077;214.716987
2020-05-12 03:00;2.400573;198.474954
2020-05-12 04:00;1.000000;243.361439
2020-05-12 05:00;11.745412;198.997821
2020-05-12 06:00;15.921115;297.969652
2020-05-12 07:00;12.273383;71.164810
2020-05-12 08:00;11.441288;241.525624
2020-05-12 09:00;11.610832;265.053645
2020-05-12 10:00;5.567015;39.578656
2020-05-12 11:00;5.867563;253.606475
2020-05-12 12:00;16.455391;210.720520
2020-05-12 13:00;17.608970;243.055229
2020-05-12 14:00;11.171559;224.728367
2020-05-12 15:00;1.411850;54.338872
2020-05-12 16:00;4.247729;226.451303
2020-05-12 17:00;24.162035;242.480171
2020-05-12 18:00;25.034788;276.754572
2020-05-12 19:00;25.452408;212.048580
2020-05-12 20:00;13.839446;234.831048
2020-05-12 21:00;13.552129;231.831427
2020-05-12 22:00;20.057141;218.666011
2020-05-12 23:00;11.851715;329.561033
2020-05-13 00:00;8.179388;84.330888
2020-05-13 01:00;28.750754;216.945070
2020-05-13 02:00;9.826131;217.523445
2020-05-13 03:00;6.078521;251.947178
2020-05-13 04:00;18.248903;284.327764
2020-05-13 05:00;10.632697;236.414114
2020-05-13 06:00;4.760958;269.837490
2020-05-13 07:00;19.339210;178.852135
2020-05-13 08:00;6.926382;188.844198
2020-05-13 09:00;5.307699;286.386307
2020-05-13 10:00;16.756779;227.139884
2020-05-13 11:00;9.109140;217.759388
2020-05-13 12:00;15.276370;278.893836
2020-05-13 13:00;7.557152;205.581437
2020-05-13 14:00;5.251800;320.702747
2020-05-13 15:00;3.491908;261.490352
2020-05-13 16:00;11.799159;208.223494
2020-05-13 17:00;5.817034;17.270726
2020-05-13 18:00;19.540874;135.310208
2020-05-13 19:00;19.581582;294.421153
2020-05-13 20:00;1.875677;278.640769
2020-05-13 21:00;5.779063;252.684637
2020-05-13 22:00;14.378281;325.772638
2020-05-13 23:00;17.447625;187.956739
2020-05-14 00:00;7.083368;310.627981
2020-05-14 01:00;4.535714;358.857426
2020-05-14 02:00;14.299212;264.314181
2020-05-14 03:00;7.023505;227.125480
2020-05-14 04:00;6.527859;273.626538
2020-05-14 05:00;12.387385;293.060243
2020-05-14 06:00;2.830705;301.950235
2020-05-14 07:00;15.645035;262.269676
2020-05-14 08:00;21.662991;264.821719
2020-05-14 09:00;8.504339;103.611410
2020-05-14 10:00;5.947298;160.681254
2020-05-14 11:00;19.492662;273.647650
2020-05-14 12:00;19.168539;210.446996
2020-05-14 13:00;7.904686;198.205715
2020-05-14 14:00;13.946452;246.392709
2020-05-14 15:00;8.099977;176.542294
2020-05-14 16:00;18.931701;215.561326
2020-05-14 17:00;10.310227;230.176109
2020-05-14 18:00;16.797521;213.591091
2020-05-14 19:00;22.969027;221.881439
2020-05-14 20:00;10.139371;286.432324
2020-05-14 21:00;7.589372;241.883464
2020-05-14 22:00;14.490730;201.191433
2020-05-14 23:00;13.595950;153.657180
2020-05-15 00:00;11.098069;133.627002
2020-05-15 01:00;7.732426;249.456326
2020-05-15 02:00;12.341159;284.012573
2020-05-15 03:00;14.999945;299.246890
2020-05-15 04:00;13.781757;266.992538
2020-05-15 05:00;2.403913;344.192487
2020-05-15 06:00;12.967711;220.260523
2020-05-15 07:00;23.682359;232.049580
2020-05-15 08:00;11.941905;274.320751
2020-05-15 09:00;14.986340;267.082231
2020-05-15 10:00;20.295264;225.276019
2020-05-15 11:00;5.316625;339.440523
2020-05-15 12:00;15.598250;327.894722
2020-05-15 13:00;21.420665;203.172079
2020-05-15 14:00;12.658356;92.035092
2020-05-15 15:00;22.896651;205.130387
2020-05-15 16:00;3.225733;52.350726
2020-05-15 17:00;10.395063;180.820064
2020-05-15 18:00;1.852222;8.356152
2020-05-15 19:00;26.853878;235.682407
2020-05-15 20:00;7.032657;258.125383
2020-05-15 21:00;15.482769;353.485245
2020-05-15 22:00;3.795985;184.485300
2020-05-15 23:00;4.842848;309.059289
2020-05-16 00:00;10.239364;211.102629
2020-05-16 01:00;1.673995;295.206907
2020-05-16 02:00;10.449537;244.672387
2020-05-16 03:00;6.714379;284.715737
2020-05-16 04:00;11.594583;244.115334
2020-05-16 05:00;12.755394;245.932458
2020-05-16 06:00;10.598799;246.049132
2020-05-16 07:00;8.528343;308.828096
2020-05-16 08:00;12.938351;296.616005
2020-05-16 09:00;8.427348;200.848191
2020-05-16 10:00;11.715240;196.828303
2020-05-16 11:00;6.416875;299.010694
2020-05-16 12:00;23.104353;187.293717
2020-05-16 13:00;1.099931;218.600988
2020-05-16 14:00;5.240690;262.205733
2020-05-16 15:00;8.863956;204.279158
2020-05-16 16:00;3.778267;123.137968
2020-05-16 17:00;10.492188;7.522466
2020-05-16 18:00;7.387803;301.010304
2020-05-16 19:00;6.637181;248.207492
2020-05-16 20:00;16.953794;259.399512
2020-05-16 21:00;5.382618;296.985895
2020-05-16 22:00;5.484934;231.399821
2020-05-16 23:00;8.984655;253.902477
2020-05-17 00:00;12.051710;301.652801
2020-05-17 01:00;7.263925;219.937599
2020-05-17 02:00;3.865816;165.038011
2020-05-17 03:00;8.354191;226.910726
2020-05-17 04:00;8.837867;34.803666
2020-05-17 05:00;7.461100;246.532761
2020-05-17 06:00;7.561129;227.904971
2020-05-17 07:00;1.000000;181.990383
2020-05-17 08:00;6.931290;201.307371
2020-05-17 09:00;13.742991;139.504276
2020-05-17 10:00;10.145756;258.519888
2020-05-17 11:00;18.293827;229.867883
2020-05-17 12:00;20.582484;253.677194
2020-05-17 13:00;12.127006;99.591120
2020-05-17 14:00;15.948379;281.624935
2020-05-17 15:00;23.577741;223.856132
2020-05-17 16:00;9.528177;211.794175
2020-05-17 17:00;3.819387;241.356486
2020-05-17 18:00;3.676025;255.775018
2020-05-17 19:00;8.678103;306.293069
2020-05-17 20:00;10.408852;263.101412
2020-05-17 21:00;8.380071;178.186582
2020-05-17 22:00;9.506309;236.497846
2020-05-17 23:00;16.163656;270.136072
2020-05-18 00:00;8.715694;170.433857
2020-05-18 01:00;25.716604;230.073152
2020-05-18 02:00;14.218945;251.391220
2020-05-18 03:00;10.233204;282.026776
2020-05-18 04:00;13.957270;200.473397
2020-05-18 05:00;7.752729;249.168644
2020-05-18 06:00;13.063814;178.283660
2020-05-18 07:00;5.716540;264.430482
2020-05-18 08:00;12.928901;200.057863
2020-05-18 09:00;11.476038;302.772361
2020-05-18 10:00;8.152066;270.506289
2020-05-18 11:00;17.760048;141.777321
2020-05-18 12:00;16.198601;242.822207
2020-05-18 13:00;8.290885;218.933035
2020-05-18 14:00;13.883734;65.393221
2020-05-18 15:00;12.740681;223.478531
2020-05-18 16:00;13.745788;195.587913
2020-05-18 17:00;9.248015;169.608724
2020-05-18 18:00;18.166600;209.684131
2020-05-18 19:00;6.650025;230.843673
2020-05-18 20:00;25.958495;234.158053
2020-05-18 21:00;12.841742;330.470057
2020-05-18 22:00;11.612719;288.456457
2020-05-18 23:00;12.994161;246.863020
2020-05-19 00:00;8.899133;304.192740
2020-05-19 01:00;23.506555;165.592927
2020-05-19 02:00;13.103884;225.519318
2020-05-19 03:00;7.354849;257.448286
2020-05-19 04:00;13.555562;236.102622
2020-05-19 05:00;10.149353;296.039577
2020-05-19 06:00;9.504726;266.331597
2020-05-19 07:00;4.809658;203.780789
2020-05-19 08:00;11.916820;187.842375
2020-05-19 09:00;4.150819;245.569208
2020-05-19 10:00;9.508960;282.153226
2020-05-19 11:00;7.280685;52.339902
2020-05-19 12:00;17.224518;207.471122
2020-05-19 13:00;10.610619;325.520520
2020-05-19 14:00;1.743690;241.052701
2020-05-19 15:00;13.103259;339.676626
2020-05-19 16:00;5.531822;327.096817
2020-05-19 17:00;11.594140;229.719429
2020-05-19 18:00;23.036850;200.487228
2020-05-19 19:00;13.303242;281.915217
2020-05-19 20:00;9.431393;196.298811
2020-05-19 21:00;3.676727;275.878660
2020-05-19 22:00;33.071377;273.787574
2020-05-19 23:00;3.636913;65.844112
2020-05-20 00:00;14.754342;206.524730
2020-05-20 01:00;11.619919;201.242876
2020-05-20 02:00;16.788324;231.591313
2020-05-20 03:00;14.215296;200.592298
2020-05-20 04:00;2.930509;206.978843
2020-05-20 05:00;6.047858;301.300282
2020-05-20 06:00;21.391681;266.267513
2020-05-20 07:00;14.723918;263.885777
2020-05-20 08:00;1.636558;239.279842
2020-05-20 09:00;14.745898;227.852428
2020-05-20 10:00;6.479652;239.094234
2020-05-20 11:00;1.350503;137.477585
2020-05-20 12:00;4.641395;258.065877
2020-05-20 13:00;15.254590;236.734320
2020-05-20 14:00;7.120396;232.787476
2020-05-20 15:00;10.700979;333.710194
2020-05-20 16:00;11.381262;239.922717
2020-05-20 17:00;9.786882;201.952399
2020-05-20 18:00;10.170436;295.796007
2020-05-20 19:00;7.160680;203.932097
2020-05-20 20:00;4.677683;203.784033
2020-05-20 21:00;15.696400;278.864162
2020-05-20 22:00;24.528690;255.644763
2020-05-20 23:00;12.721705;46.823345
2020-05-21 00:00;20.464198;243.543307
2020-05-21 01:00;10.121681;238.943389
2020-05-21 02:00;12.512662;208.356386
2020-05-21 03:00;17.893128;247.582501
2020-05-21 04:00;26.075568;325.580851
2020-05-21 05:00;6.074682;274.249809
2020-05-21 06:00;7.087238;181.652531
2020-05-21 07:00;13.533849;226.761592
2020-05-21 08:00;22.910773;230.260732
2020-05-21 09:00;6.650069;221.856523
2020-05-21 10:00;5.521285;301.369114
2020-05-21 11:00;11.251064;247.452411
2020-05-21 12:00;3.845391;241.479978
2020-05-21 13:00;3.569416;259.662467
2020-05-21 14:00;9.422969;245.612441
2020-05-21 15:00;12.729908;3.423982
2020-05-21 16:00;13.606432;263.850975
2020-05-21 17:00;10.346288;101.326082
2020-05-21 18:00;17.025561;253.823183
2020-05-21 19:00;5.352322;20.935765
2020-05-21 20:00;2.219003;108.660269
2020-05-21 21:00;11.004457;288.760004
2020-05-21 22:00;2.200052;184.123818
2020-05-21 23:00;9.292589;308.437989
2020-05-22 00:00;10.413752;204.415960
2020-05-22 01:00;7.461797;192.566480
2020-05-22 02:00;10.678787;8.950424
2020-05-22 03:00;7.201041;177.509587
2020-05-22 04:00;14.947441;263.415102
2020-05-22 05:00;13.102639;248.754011
2020-05-22 06:00;9.984150;205.224479
2020-05-22 07:00;12.464492;197.308102
2020-05-22 08:00;5.743687;65.700973
2020-05-22 09:00;7.229644;251.239603
2020-05-22 10:00;12.375371;167.983986
2020-05-22 11:00;19.046901;294.650822
2020-05-22 12:00;3.393300;206.215232
2020-05-22 13:00;3.171331;315.734786
2020-05-22 14:00;14.969711;300.871559
2020-05-22 15:00;17.176833;270.227780
2020-05-22 16:00;6.491187;259.933882
2020-05-22 17:00;7.967357;231.845686
2020-05-22 18:00;13.523053;189.884368
2020-05-22 19:00;3.332714;223.610209
2020-05-22 20:00;3.857284;285.136344
2020-05-22 21:00;15.172505;270.035494
2020-05-22 22:00;28.714426;270.107706
2020-05-22 23:00;18.370698;292.231131
2020-05-23 00:00;9.419170;257.034534
2020-05-23 01:00;22.960757;237.834766
2020-05-23 02:00;12.489330;270.552170
2020-05-23 03:00;14.676321;298.303012
2020-05-23 04:00;10.517947;267.537023
2020-05-23 05:00;12.471228;256.718820
2020-05-23 06:00;11.129095;264.143072
2020-05-23 07:00;18.157794;57.283255
2020-05-23 08:00;8.759544;240.009370
2020-05-23 09:00;3.017642;202.049806
2020-05-23 10:00;4.478280;238.776199
2020-05-23 11:00;4.447229;182.932991
2020-05-23 12:00;3.698192;281.047221
2020-05-23 13:00;15.791690;262.862035
2020-05-23 14:00;9.078950;222.485576
2020-05-23 15:00;18.776229;248.094028
2020-05-23 16:00;7.099521;229.564900
2020-05-23 17:00;13.064381;222.715300
2020-05-23 18:00;8.949225;162.049110
2020-05-23 19:00;3.682301;25.101629
2020-05-23 20:00;6.892584;277.235478
2020-05-23 21:00;11.214337;227.997773
2020-05-23 22:00;4.530983;255.125951
2020-05-23 23:00;7.756463;263.842719
2020-05-24 00:00;8.349264;216.819307
2020-05-24 01:00;7.735784;241.832698
2020-05-24 02:00;12.675737;269.580554
2020-05-24 03:00;7.475131;180.580902
2020-05-24 04:00;12.503374;244.122592
2020-05-24 05:00;13.136825;217.474685
2020-05-24 06:00;28.157585;222.256138
2020-05-24 07:00;3.742992;303.817946
2020-05-24 08:00;7.419593;215.462980
2020-05-24 09:00;6.814692;214.200331
2020-05-24 10:00;4.229625;185.862906
2020-05-24 11:00;11.634692;174.544588
2020-05-24 12:00;5.903418;231.550677
2020-05-24 13:00;6.901132;216.011220
2020-05-24 14:00;12.613421;264.181283
2020-05-24 15:00;5.366407;247.089304
2020-05-24 16:00;25.798578;208.143833
2020-05-24 17:00;14.888743;291.397141
2020-05-24 18:00;12.263664;138.969142
2020-05-24 19:00;25.399535;176.283800
2020-05-24 20:00;5.602697;247.941728
2020-05-24 21:00;3.188288;299.951793
2020-05-24 22:00;12.511172;227.681288
2020-05-24 23:00;1.000000;80.094302
2020-05-25 00:00;4.310963;244.101805
2020-05-25 01:00;6.646194;246.079522
2020-05-25 02:00;1.128073;24.412139
2020-05-25 03:00;7.348593;280.104080
2020-05-25 04:00;9.645184;251.118754
2020-05-25 05:00;5.419405;182.177743
2020-05-25 06:00;8.253710;211.981886
2020-05-25 07:00;17.146744;202.671539
2020-05-25 08:00;15.251337;252.408104
2020-05-25 09:00;10.181958;244.203132
2020-05-25 10:00;9.590417;252.343680
2020-05-25 11:00;11.278046;222.697164
2020-05-25 12:00;11.556722;214.507901
2020-05-25 13:00;1.000000;275.606291
2020-05-25 14:00;8.990145;254.105072
2020-05-25 15:00;15.526076;231.623124
2020-05-25 16:00;11.044180;181.798073
2020-05-25 17:00;11.372930;194.969388
2020-05-25 18:00;22.857687;198.546909
2020-05-25 19:00;11.941160;237.858422
2020-05-25 20:00;11.973573;117.578242
2020-05-25 21:00;4.255027;244.929539
2020-05-25 22:00;13.154435;175.268071
2020-05-25 23:00;10.270410;234.227215
2020-05-26 00:00;12.348169;306.753077
2020-05-26 01:00;8.071848;222.408639
2020-05-26 02:00;5.613536;250.187563
2020-05-26 03:00;3.622181;302.949548
2020-05-26 04:00;3.522265;232.568714
2020-05-26 05:00;1.570655;281.052322
2020-05-26 06:00;16.194164;227.763913
2020-05-26 07:00;18.652774;235.168310
2020-05-26 08:00;26.259849;259.388655
2020-05-26 09:00;11.833018;249.477488
2020-05-26 10:00;23.889144;348.133669
2020-05-26 11:00;16.585383;18.005929
2020-05-26 12:00;21.478658;324.215899
2020-05-26 13:00;9.267013;263.025230
2020-05-26 14:00;6.844342;339.638227
2020-05-26 15:00;1.620330;267.717146
2020-05-26 16:00;4.855237;66.991683
2020-05-26 17:00;16.124688;198.295445
2020-05-26 18:00;7.997381;205.872216
2020-05-26 19:00;10.805980;236.612892
2020-05-26 20:00;10.775460;221.115640
2020-05-26 21:00;5.961423;223.656193
2020-05-26 22:00;14.391450;244.316897
2020-05-26 23:00;4.904820;16.878042
2020-05-27 00:00;7.812957;313.097626
2020-05-27 01:00;12.751341;211.200000
2020-05-27 02:00;21.327989;238.573132
2020-05-27 03:00;13.614843;211.827411
2020-05-27 04:00;12.938808;212.707042
2020-05-27 05:00;2.003297;230.538861
2020-05-27 06:00;10.514165;183.239088
2020-05-27 07:00;10.494197;138.519308
2020-05-27 08:00;11.462649;200.534746
2020-05-27 09:00;13.055991;233.878643
2020-05-27 10:00;6.675688;282.625910
2020-05-27 11:00;17.474310;240.646305
2020-05-27 12:00;5.318686;110.349774
2020-05-27 13:00;17.886941;261.158855
2020-05-27 14:00;9.343441;237.892678
2020-05-27 15:00;21.533233;203.136040
2020-05-27 16:00;14.436016;202.908820
2020-05-27 17:00;17.342841;255.479918
2020-05-27 18:00;13.632907;31.485510
2020-05-27 19:00;15.193570;228.770798
2020-05-27 20:00;21.571643;257.992487
2020-05-27 21:00;8.698449;146.624161
2020-05-27 22:00;7.201055;213.909203
2020-05-27 23:00;13.422250;255.106382
2020-05-28 00:00;3.139021;220.013707
2020-05-28 01:00;9.320333;200.583088
2020-05-28 02:00;9.474071;227.932001
2020-05-28 03:00;7.239792;260.466590
2020-05-28 04:00;17.229632;158.110380
2020-05-28 05:00;41.867784;257.797567
2020-05-28 06:00;7.452246;93.105326
2020-05-28 07:00;9.876851;167.818889
2020-05-28 08:00;2.815245;258.461231
2020-05-28 09:00;4.154984;256.822629
2020-05-28 10:00;11.924381;189.763280
2020-05-28 11:00;5.257421;216.331577
2020-05-28 12:00;19.350534;209.353932
2020-05-28 13:00;16.445008;263.721421
2020-05-28 14:00;4.743597;231.222193
2020-05-28 15:00;10.384819;273.271837
2020-05-28 16:00;11.197085;213.481811
2020-05-28 17:00;8.845755;269.824931
2020-05-28 18:00;3.809543;240.057727
2020-05-28 19:00;9.986096;31.650080
2020-05-28 20:00;6.273331;269.163797
2020-05-28 21:00;6.423238;267.862382
2020-05-28 22:00;7.171543;260.137103
2020-05-28 23:00;10.603671;235.508158
2020-05-29 00:00;19.367007;276.631062
2020-05-29 01:00;3.757100;281.780714
2020-05-29 02:00;6.904680;229.111157
2020-05-29 03:00;6.667329;243.762874
2020-05-29 04:00;12.637221;93.441342
2020-05-29 05:00;13.677805;216.137887
2020-05-29 06:00;11.940734;270.603037
2020-05-29 07:00;2.883016;218.130605
2020-05-29 08:00;4.289750;329.810874
2020-05-29 09:00;17.126362;238.665444
2020-05-29 10:00;12.213546;271.139753
2020-05-29 11:00;25.943401;244.879300
2020-05-29 12:00;6.575228;174.300649
2020-05-29 13:00;14.758901;225.206806
2020-05-29 14:00;19.154475;254.781972
2020-05-29 15:00;12.741380;261.260761
2020-05-29 16:00;14.479074;256.252613
2020-05-29 17:00;6.285352;284.464035
2020-05-29 18:00;12.256408;248.843428
2020-05-29 19:00;5.527448;84.535799
2020-05-29 20:00;8.150495;217.614907
2020-05-29 21:00;4.051654;247.397889
2020-05-29 22:00;10.078020;3.888723
2020-05-29 23:00;3.785360;252.179200
2020-05-30 00:00;19.577691;249.929737
2020-05-30 01:00;4.744843;296.443319
2020-05-30 02:00;10.413332;215.304788
2020-05-30 03:00;8.092342;197.929203
2020-05-30 04:00;10.023996;196.085374
2020-05-30 05:00;8.376241;223.347189
2020-05-30 06:00;6.483364;344.483823
2020-05-30 07:00;19.114517;234.522387
2020-05-30 08:00;4.092368;215.875146
2020-05-30 09:00;8.311892;201.203847
2020-05-30 10:00;8.142962;39.228779
2020-05-30 11:00;3.454940;261.700417
2020-05-30 12:00;18.172782;279.036121
2020-05-30 13:00;24.570048;283.698752
2020-05-30 14:00;4.555902;286.631990
2020-05-30 15:00;10.497181;250.641213
2020-05-30 16:00;2.743996;218.170251
2020-05-30 17:00;14.949153;72.933932
2020-05-30 18:00;13.180287;160.616425
2020-05-30 19:00;11.646782;243.780735
2020-05-30 20:00;13.070872;266.086998
2020-05-30 21:00;14.143035;227.963058
2020-05-30 22:00;13.996013;291.000443
2020-05-30 23:00;5.535142;207.590563
2020-05-31 00:00;18.727926;195.172766
2020-05-31 01:00;15.999757;187.126202
2020-05-31 02:00;7.325925;171.829402
2020-05-31 03:00;13.912023;270.093982
2020-05-31 04:00;13.615655;178.648147
2020-05-31 05:00;10.929220;232.695501
2020-05-31 06:00;7.362083;212.211974
2020-05-31 07:00;6.052147;278.497744
2020-05-31 08:00;5.783274;295.809962
2020-05-31 09:00;6.793079;243.167000
2020-05-31 10:00;21.341334;284.946466
2020-05-31 11:00;13.979039;239.666605
2020-05-31 12:00;5.155233;248.146562
2020-05-31 13:00;18.347956;256.746112
2020-05-31 14:00;11.190082;201.565878
2020-05-31 15:00;3.306287;207.436848
2020-05-31 16:00;5.969481;203.340229
2020-05-31 17:00;3.542412;215.645780
2020-05-31 18:00;8.694166;346.890835
2020-05-31 19:00;2.724174;319.986711
2020-05-31 20:00;3.951876;214.771046
2020-05-31 21:00;9.372512;230.563846
2020-05-31 22:00;17.333207;215.448529
2020-05-31 23:00;16.058013;244.533521
2020-06-01 00:00;5.089137;290.297777
2020-06-01 01:00;1.895632;238.715230
2020-06-01 02:00;8.920480;225.993794
2020-06-01 03:00;6.642489;108.028193
2020-06-01 04:00;5.345514;262.145613
2020-06-01 05:00;12.066029;242.773806
2020-06-01 06:00;7.825216;198.486462
2020-06-01 07:00;7.633008;198.908052
2020-06-01 08:00;13.117593;243.443158
2020-06-01 09:00;9.455668;224.391834
2020-06-01 10:00;12.591685;208.585047
2020-06-01 11:00;8.181870;267.217342
2020-06-01 12:00;21.168075;206.705884
2020-06-01 13:00;13.116706;102.900643
2020-06-01 14:00;12.978253;337.102943
2020-06-01 15:00;6.216652;264.179682
2020-06-01 16:00;8.908399;224.913160
2020-06-01 17:00;22.390370;228.723176
2020-06-01 18:00;5.344660;259.342857
2020-06-01 19:00;4.016279;239.640514
2020-06-01 20:00;14.008716;235.034565
2020-06-01 21:00;11.004892;235.470295
2020-06-01 22:00;15.087629;253.112900
2020-06-01 23:00;16.877104;244.055428
2020-06-02 00:00;10.925649;237.143839
2020-06-02 01:00;14.053490;30.072192
2020-06-02 02:00;9.839896;214.829553
2020-06-02 03:00;6.827495;339.319504
2020-06-02 04:00;4.105366;100.060025
2020-06-02 05:00;10.141871;255.761314
2020-06-02 06:00;28.041645;320.776525
2020-06-02 07:00;3.292101;232.188641
2020-06-02 08:00;10.242569;264.159246
2020-06-02 09:00;18.050667;171.778768
2020-06-02 10:00;4.276153;230.530379
2020-06-02 11:00;5.137554;217.537465
2020-06-02 12:00;12.769740;200.310419
2020-06-02 13:00;24.764952;263.814306
2020-06-02 14:00;4.628519;213.122140
2020-06-02 15:00;13.929562;203.620546
2020-06-02 16:00;31.771213;275.039991
2020-06-02 17:00;6.774709;174.238260
2020-06-02 18:00;8.079554;276.173996
2020-06-02 19:00;18.221841;277.314945
2020-06-02 20:00;13.483265;168.443625
2020-06-02 21:00;16.966829;232.020929
2020-06-02 22:00;19.181936;250.038740
2020-06-02 23:00;8.239460;310.340738
2020-06-03 00:00;20.033907;221.430488
2020-06-03 01:00;14.057719;234.196751
2020-06-03 02:00;8.103616;266.061099
2020-06-03 03:00;5.027256;199.852239
2020-06-03 04:00;8.318738;260.374215
2020-06-03 05:00;9.148073;105.879582
2020-06-03 06:00;9.259286;203.294844
2020-06-03 07:00;7.705497;250.478376
2020-06-03 08:00;14.894871;242.730515
2020-06-03 09:00;29.552159;239.170929
2020-06-03 10:00;5.252244;245.311247
2020-06-03 11:00;8.464819;71.055147
2020-06-03 12:00;4.182796;212.217985
2020-06-03 13:00;9.799293;229.808710
2020-06-03 14:00;3.188072;205.805578
2020-06-03 15:00;4.972787;253.935853
2020-06-03 16:00;8.044380;254.334298
2020-06-03 17:00;6.273387;266.479233
2020-06-03 18:00;22.030027;243.513485
2020-06-03 19:00;16.377505;247.384415
2020-06-03 20:00;39.009117;220.432716
2020-06-03 21:00;7.956072;262.804536
2020-06-03 22:00;17.233806;8.507081
2020-06-03 23:00;9.182520;259.762393
2020-06-04 00:00;7.352480;223.978531
2020-06-04 01:00;9.912617;212.898866
2020-06-04 02:00;9.998076;253.638928
2020-06-04 03:00;6.673631;297.209283
2020-06-04 04:00;5.026002;283.151879
2020-06-04 05:00;13.785077;224.272289
2020-06-04 06:00;13.935079;191.366626
2020-06-04 07:00;5.536864;171.100670
2020-06-04 08:00;15.162170;0.741743
2020-06-04 09:00;12.056466;245.732459
2020-06-04 10:00;9.776454;172.449515
2020-06-04 11:00;19.901491;126.610536
2020-06-04 12:00;14.147936;277.694684
2020-06-04 13:00;8.976807;10.537441
2020-06-04 14:00;12.108982;280.658125
2020-06-04 15:00;6.508737;199.393276
2020-06-04 16:00;7.007163;264.136841
2020-06-04 17:00;7.909991;83.067490
2020-06-04 18:00;11.917894;220.038974
2020-06-04 19:00;8.530443;280.115835
2020-06-04 20:00;24.588619;204.537010
2020-06-04 21:00;7.702780;232.911606
2020-06-04 22:00;6.412287;239.646366
2020-06-04 23:00;17.844483;253.481553
2020-06-05 00:00;14.791709;293.824554
2020-06-05 01:00;7.327122;48.084783
2020-06-05 02:00;9.915725;258.274322
2020-06-05 03:00;5.852958;236.769300
2020-06-05 04:00;10.258020;144.418351
2020-06-05 05:00;19.481171;278.931843
2020-06-05 06:00;4.895025;265.634994
2020-06-05 07:00;16.707521;282.047277
2020-06-05 08:00;11.465673;210.864277
2020-06-05 09:00;2.623540;244.967260
2020-06-05 10:00;10.883881;306.544680
2020-06-05 11:00;4.267863;267.878356
2020-06-05 12:00;9.779485;242.638021
2020-06-05 13:00;1.769708;250.363097
2020-06-05 14:00;12.064229;273.769884
2020-06-05 15:00;3.994084;232.793853
2020-06-05 16:00;7.853124;213.208961
2020-06-05 17:00;21.435669;276.601787
2020-06-05 18:00;31.194940;263.953973
2020-06-05 19:00;8.553349;110.271572
2020-06-05 20:00;10.246122;74.661236
2020-06-05 21:00;4.998165;235.379992
2020-06-05 22:00;18.257006;89.003677
2020-06-05 23:00;21.057100;234.106917
2020-06-06 00:00;7.290140;266.207357
2020-06-06 01:00;13.483896;204.596591
2020-06-06 02:00;29.399342;239.400231
2020-06-06 03:00;13.620512;188.356482
2020-06-06 04:00;18.435013;209.799547
2020-06-06 05:00;13.897990;251.825603
2020-06-06 06:00;9.748589;130.677389
2020-06-06 07:00;4.273775;95.069884
2020-06-06 08:00;1.229119;184.652717
2020-06-06 09:00;6.642815;263.110908
2020-06-06 10:00;1.195649;244.179861
2020-06-06 11:00;8.518688;214.478454
2020-06-06 12:00;11.641043;305.212980
2020-06-06 13:00;18.890384;306.050532
2020-06-06 14:00;4.307686;170.001242
2020-06-06 15:00;8.454276;253.921794
2020-06-06 16:00;10.161636;184.032486
2020-06-06 17:00;17.799458;264.177519
2020-06-06 18:00;16.342404;245.570877
2020-06-06 19:00;20.680024;232.746249
2020-06-06 20:00;9.330648;348.793390
2020-06-06 21:00;9.673102;228.399296
2020-06-06 22:00;20.742633;271.060392
2020-06-06 23:00;8.726669;313.647715
2020-06-07 00:00;13.134948;307.797394
2020-06-07 01:00;3.754413;223.118230
2020-06-07 02:00;28.087373;233.454411
2020-06-07 03:00;21.782211;277.120979
2020-06-07 04:00;13.918619;211.171580
2020-06-07 05:00;5.067649;305.391788
2020-06-07 06:00;7.305927;118.924537
2020-06-07 07:00;5.761506;244.850310
2020-06-07 08:00;9.192915;254.770693
2020-06-07 09:00;18.565096;354.001968
2020-06-07 10:00;9.943926;236.938728
2020-06-07 11:00;11.511920;219.968495
2020-06-07 12:00;4.712671;225.870281
2020-06-07 13:00;22.014969;263.011472
2020-06-07 14:00;20.436308;299.373262
2020-06-07 15:00;10.801513;204.396479
2020-06-07 16:00;11.376659;227.661155
2020-06-07 17:00;6.933969;232.324699
2020-06-07 18:00;9.196608;132.335147
2020-06-07 19:00;10.417063;292.536676
2020-06-07 20:00;9.788066;270.998025
2020-06-07 21:00;2.576571;244.236965
2020-06-07 22:00;16.648551;223.209004
2020-06-07 23:00;10.103038;201.612254
2020-06-08 00:00;6.364505;238.210944
2020-06-08 01:00;14.622280;213.834924
2020-06-08 02:00;8.935512;247.526608
2020-06-08 03:00;20.740500;224.668406
2020-06-08 04:00;8.399435;163.469571
2020-06-08 05:00;12.640088;265.846019
2020-06-08 06:00;14.603565;314.963980
2020-06-08 07:00;7.078299;197.089940
2020-06-08 08:00;19.538580;112.412227
2020-06-08 09:00;17.769701;198.775217
2020-06-08 10:00;9.265302;234.734189
2020-06-08 11:00;8.671009;243.996327
2020-06-08 12:00;18.223199;303.860232
2020-06-08 13:00;23.760701;296.314632
2020-06-08 14:00;29.825351;243.983781
2020-06-08 15:00;15.262624;211.778161
2020-06-08 16:00;4.482273;143.204773
2020-06-08 17:00;2.831298;269.621771
2020-06-08 18:00;19.788354;231.218161
2020-06-08 19:00;11.711898;266.478975
2020-06-08 20:00;7.311103;212.569677
2020-06-08 21:00;8.140584;209.020808
2020-06-08 22:00;6.415144;119.116298
2020-06-08 23:00;15.190529;259.932633
2020-06-09 00:00;5.974866;253.116798
2020-06-09 01:00;10.661328;227.174694
2020-06-09 02:00;18.431042;272.785961
2020-06-09 03:00;13.496096;235.066065
2020-06-09 04:00;10.570664;130.368251
2020-06-09 05:00;5.624211;215.703216
2020-06-09 06:00;9.557807;166.707187
2020-06-09 07:00;10.770507;245.748784
2020-06-09 08:00;19.401342;264.308186
2020-06-09 09:00;27.729227;171.081574
2020-06-09 10:00;3.345032;333.142208
2020-06-09 11:00;6.312169;227.686459
2020-06-09 12:00;6.357695;194.857776
2020-06-09 13:00;8.335370;302.569562
2020-06-09 14:00;10.105587;294.808213
2020-06-09 15:00;20.959609;212.551770
2020-06-09 16:00;12.752165;237.935911
2020-06-09 17:00;17.855043;222.854676
2020-06-09 18:00;8.968383;258.939865
2020-06-09 19:00;9.196769;228.209461
2020-06-09 20:00;13.076489;266.951864
2020-06-09 21:00;17.505326;53.972751
2020-06-09 22:00;17.999160;309.405961
2020-06-09 23:00;12.753354;130.778426
2020-06-10 00:00;26.214977;267.110298
2020-06-10 01:00;9.354282;276.491072
2020-06-10 02:00;19.996449;248.476748
2020-06-10 03:00;15.010302;1.253191
2020-06-10 04:00;15.636216;255.497438
2020-06-10 05:00;14.091435;241.715536
2020-06-10 06:00;7.607335;314.452424
2020-06-10 07:00;12.772849;213.058732
2020-06-10 08:00;34.704164;281.816320
2020-06-10 09:00;12.398187;214.294611
2020-06-10 10:00;8.297608;260.946090
2020-06-10 11:00;13.011137;268.597295
2020-06-10 12:00;4.056867;300.407621
2020-06-10 13:00;15.408235;124.727604
2020-06-10 14:00;13.059514;216.731489
2020-06-10 15:00;3.746028;196.390660
2020-06-10 16:00;9.959920;247.439764
2020-06-10 17:00;19.901068;251.398383
2020-06-10 18:00;17.322298;237.243550
2020-06-10 19:00;14.711413;327.325462
2020-06-10 20:00;5.006398;332.985374
2020-06-10 21:00;5.983058;195.268284
2020-06-10 22:00;13.596711;47.119148
2020-06-10 23:00;13.964204;256.594799
2020-06-11 00:00;7.281519;146.512755
2020-06-11 01:00;7.622707;264.738348
2020-06-11 02:00;16.987124;271.231919
2020-06-11 03:00;9.449017;272.279106
2020-06-11 04:00;7.618025;14.195400
2020-06-11 05:00;16.611497;268.706595
2020-06-11 06:00;12.055155;235.914062
2020-06-11 07:00;19.394715;294.787402
2020-06-11 08:00;11.864848;279.557518
2020-06-11 09:00;5.656603;215.644376
2020-06-11 10:00;8.794963;165.385903
2020-06-11 11:00;23.020804;276.510128
2020-06-11 12:00;6.691245;124.787212
2020-06-11 13:00;17.388789;256.776357
2020-06-11 14:00;20.693816;270.319629
2020-06-11 15:00;6.822511;171.845204
2020-06-11 16:00;20.994657;231.238914
2020-06-11 17:00;5.374029;240.316746
2020-06-11 18:00;12.214104;63.582785
2020-06-11 19:00;8.686411;239.950021
2020-06-11 20:00;12.284789;230.885222
2020-06-11 21:00;15.863708;199.401148
2020-06-11 22:00;9.561202;259.752912
2020-06-11 23:00;13.336819;216.901020
2020-06-12 00:00;8.914392;226.368931
2020-06-12 01:00;27.020607;273.948166
2020-06-12 02:00;12.100896;160.218121
2020-06-12 03:00;7.704170;174.646957
2020-06-12 04:00;9.630017;256.499781
2020-06-12 05:00;4.131241;280.148418
2020-06-12 06:00;8.199159;187.999951
2020-06-12 07:00;10.064236;242.846542
2020-06-12 08:00;13.185522;214.376523
2020-06-12 09:00;13.650728;198.681574
2020-06-12 10:00;12.908202;195.505271
2020-06-12 11:00;5.418076;221.852019
2020-06-12 12:00;6.902772;223.347267
2020-06-12 13:00;5.893715;245.654795
2020-06-12 14:00;10.136577;196.215334
2020-06-12 15:00;9.635053;221.482015
2020-06-12 16:00;31.205181;216.685627
2020-06-12 17:00;8.335376;213.601429
2020-06-12 18:00;14.921858;285.566756
2020-06-12 19:00;20.382739;249.504494
2020-06-12 20:00;22.295481;315.133308
2020-06-12 21:00;13.185638;88.811859
2020-06-12 22:00;8.820107;252.983299
2020-06-12 23:00;8.081038;283.957262
2020-06-13 00:00;21.866379;281.001016
2020-06-13 01:00;8.029534;183.295263
2020-06-13 02:00;18.923356;298.567060
2020-06-13 03:00;2.692211;232.098790
2020-06-13 04:00;10.117227;249.990854
2020-06-13 05:00;12.964304;128.541719
2020-06-13 06:00;21.362327;274.611121
2020-06-13 07:00;11.794438;253.213235
2020-06-13 08:00;12.364292;255.662932
2020-06-13 09:00;12.175471;208.526178
2020-06-13 10:00;3.985537;114.063045
2020-06-13 11:00;7.765242;259.961739
2020-06-13 12:00;5.189075;152.950144
2020-06-13 13:00;7.457248;269.745446
2020-06-13 14:00;10.857359;235.672245
2020-06-13 15:00;11.507100;351.865098
2020-06-13 16:00;4.733580;189.805098
2020-06-13 17:00;4.148493;149.700697
2020-06-13 18:00;7.767113;175.957074
2020-06-13 19:00;21.586624;138.687840
2020-06-13 20:00;1.640450;208.855258
2020-06-13 21:00;12.424074;294.723755
2020-06-13 22:00;13.729394;262.572703
2020-06-13 23:00;12.596027;231.299181
2020-06-14 00:00;11.275513;197.291196
2020-06-14 01:00;8.844361;303.197722
2020-06-14 02:00;11.062899;134.815425
2020-06-14 03:00;1.252259;169.457661
2020-06-14 04:00;3.177045;213.674782
2020-06-14 05:00;14.111381;189.573315
2020-06-14 06:00;13.985026;268.585504
2020-06-14 07:00;1.199029;204.067501
2020-06-14 08:00;6.274948;257.930508
2020-06-14 09:00;26.773857;292.691226
2020-06-14 10:00;27.121429;207.801590
2020-06-14 11:00;3.675243;132.239999
2020-06-14 12:00;11.683628;180.173934
2020-06-14 13:00;9.979603;230.621167
2020-06-14 14:00;5.267569;231.018875
2020-06-14 15:00;6.819625;229.098415
2020-06-14 16:00;12.643210;213.748098
2020-06-14 17:00;12.060666;212.217196
2020-06-14 18:00;8.352312;276.594072
2020-06-14 19:00;15.534363;116.992255
2020-06-14 20:00;9.538879;208.439702
2020-06-14 21:00;4.166392;310.233858
2020-06-14 22:00;5.617560;135.774839
2020-06-14 23:00;15.027314;306.975608
2020-06-15 00:00;9.704633;182.072613
2020-06-15 01:00;5.443609;204.236006
2020-06-15 02:00;15.144841;232.905766
2020-06-15 03:00;11.125575;231.537853
2020-06-15 04:00;27.720472;300.146941
2020-06-15 05:00;16.805138;195.268239
2020-06-15 06:00;10.593659;280.010074
2020-06-15 07:00;25.749954;233.249694
2020-06-15 08:00;2.602553;70.904219
2020-06-15 09:00;10.158435;231.813436
2020-06-15 10:00;12.722181;230.189668
2020-06-15 11:00;13.705733;274.432623
2020-06-15 12:00;4.337129;223.809384
2020-06-15 13:00;4.029004;259.260345
2020-06-15 14:00;3.579778;56.627505
2020-06-15 15:00;8.899569;209.531650
2020-06-15 16:00;6.862723;269.821003
2020-06-15 17:00;19.451844;171.775308
2020-06-15 18:00;6.832942;235.909832
2020-06-15 19:00;18.087857;274.238056
2020-06-15 20:00;5.026352;69.199938
2020-06-15 21:00;1.806751;213.192014
2020-06-15 22:00;1.000000;227.384114
2020-06-15 23:00;16.925540;96.011940
2020-06-16 00:00;6.202524;298.171003
2020-06-16 01:00;15.149090;240.065504
2020-06-16 02:00;5.423821;2.425812
2020-06-16 03:00;32.557651;310.152577
2020-06-16 04:00;19.009760;327.290066
2020-06-16 05:00;6.633035;158.756064
2020-06-16 06:00;11.933507;216.328185
2020-06-16 07:00;19.532945;243.397536
2020-06-16 08:00;24.887075;272.025417
2020-06-16 09:00;23.322637;214.925669
2020-06-16 10:00;12.529681;19.861730
2020-06-16 11:00;12.149046;235.396418
2020-06-16 12:00;5.188992;47.752968
2020-06-16 13:00;9.017782;272.342855
2020-06-16 14:00;7.158940;219.211883
2020-06-16 15:00;17.503442;274.695968
2020-06-16 16:00;8.477301;163.157828
2020-06-16 17:00;18.027613;306.210000
2020-06-16 18:00;29.424004;245.745999
2020-06-16 19:00;15.682107;310.170796
2020-06-16 20:00;13.779326;206.825109
2020-06-16 21:00;4.852468;268.967630
2020-06-16 22:00;20.792138;217.208357
2020-06-16 23:00;6.303548;249.972369
2020-06-17 00:00;9.279395;221.013739
2020-06-17 01:00;10.765805;217.765421
2020-06-17 02:00;4.386437;0.103071
2020-06-17 03:00;16.527006;140.787400
2020-06-17 04:00;7.077951;238.041285
2020-06-17 05:00;30.213028;322.706736
2020-06-17 06:00;6.347021;158.571441
2020-06-17 07:00;32.095471;222.971345
2020-06-17 08:00;7.454764;257.132256
2020-06-17 09:00;2.824762;344.725266
2020-06-17 10:00;10.565239;55.498681
2020-06-17 11:00;17.417864;195.830652
2020-06-17 12:00;9.627572;207.497260
2020-06-17 13:00;12.480037;277.719603
2020-06-17 14:00;9.189842;210.188470
2020-06-17 15:00;2.553028;74.232904
2020-06-17 16:00;26.940786;227.066938
2020-06-17 17:00;20.889602;209.578618
2020-06-17 18:00;5.438569;166.383215
2020-06-17 19:00;1.617356;268.931047
2020-06-17 20:00;11.860580;197.212405
2020-06-17 21:00;1.974533;252.210666
2020-06-17 22:00;11.088698;27.603698
2020-06-17 23:00;10.756813;229.281664
2020-06-18 00:00;8.053354;237.208057
2020-06-18 01:00;10.530281;240.173288
2020-06-18 02:00;10.540631;247.125282
2020-06-18 03:00;5.626874;200.521827
2020-06-18 04:00;13.015829;221.945277
2020-06-18 05:00;21.116426;254.474066
2020-06-18 06:00;7.948647;213.445860
2020-06-18 07:00;1.233706;302.384241
2020-06-18 08:00;3.909360;237.455099
2020-06-18 09:00;7.591429;78.575422
2020-06-18 10:00;11.907876;243.060127
2020-06-18 11:00;8.296427;285.769277
2020-06-18 12:00;9.198356;212.243439
2020-06-18 13:00;14.239175;218.455908
2020-06-18 14:00;12.795155;61.433803
2020-06-18 15:00;4.355533;197.747465
2020-06-18 16:00;10.484612;28.401813
2020-06-18 17:00;13.982575;262.055071
2020-06-18 18:00;9.265829;174.669706
2020-06-18 19:00;10.456758;251.721381
2020-06-18 20:00;1.477429;353.778153
2020-06-18 21:00;11.583039;300.789379
2020-06-18 22:00;9.426965;110.462869
2020-06-18 23:00;7.600420;273.444799
2020-06-19 00:00;16.380857;154.072736
2020-06-19 01:00;7.841830;214.288905
2020-06-19 02:00;10.517176;262.578126
2020-06-19 03:00;4.657908;231.204542
2020-06-19 04:00;14.849078;263.044760
2020-06-19 05:00;27.109192;250.237477
2020-06-19 06:00;8.699370;358.969109
2020-06-19 07:00;9.705788;116.407812
2020-06-19 08:00;18.989154;244.679828
2020-06-19 09:00;11.806689;326.200422
2020-06-19 10:00;5.429245;271.763473
2020-06-19 11:00;5.368640;236.060831
2020-06-19 12:00;16.412081;289.793393
2020-06-19 13:00;6.497658;259.096057
2020-06-19 14:00;4.593271;233.777693
2020-06-19 15:00;7.460738;210.030366
2020-06-19 16:00;8.487326;118.945570
2020-06-19 17:00;14.585842;277.972708
2020-06-19 18:00;11.715445;358.850082
2020-06-19 19:00;5.798221;22.366213
2020-06-19 20:00;5.207099;301.207258
2020-06-19 21:00;10.283511;237.741533
2020-06-19 22:00;18.923046;220.003525
2020-06-19 23:00;6.104159;279.916356
2020-06-20 00:00;11.868083;240.435239
2020-06-20 01:00;7.091625;224.100419
2020-06-20 02:00;23.198438;214.527181
2020-06-20 03:00;13.859752;179.852029
2020-06-20 04:00;11.400382;237.266106
2020-06-20 05:00;3.442524;239.300541
2020-06-20 06:00;2.533502;282.659592
2020-06-20 07:00;14.133159;262.540306
2020-06-20 08:00;5.387871;213.900419
2020-06-20 09:00;13.887152;268.219303
2020-06-20 10:00;13.503604;250.260935
2020-06-20 11:00;6.297367;294.814387
2020-06-20 12:00;10.222418;271.626707
2020-06-20 13:00;10.108477;236.372244
2020-06-20 14:00;6.613128;276.530683
2020-06-20 15:00;6.178798;17.166040
2020-06-20 16:00;8.084251;217.449445
2020-06-20 17:00;5.627080;248.473622
2020-06-20 18:00;13.468467;259.489893
2020-06-20 19:00;14.176961;218.398954
2020-06-20 20:00;6.907467;289.261785
2020-06-20 21:00;16.742708;242.031935
2020-06-20 22:00;7.034413;265.380116
2020-06-20 23:00;24.849197;237.463015
2020-06-21 00:00;10.916401;227.484643
2020-06-21 01:00;11.728913;187.994609
2020-06-21 02:00;1.353705;195.682354
2020-06-21 03:00;6.176739;230.347089
2020-06-21 04:00;19.723133;278.780632
2020-06-21 05:00;2.234705;236.784910
2020-06-21 06:00;19.247935;192.583686
2020-06-21 07:00;5.222420;267.180106
2020-06-21 08:00;10.641383;12.478673
2020-06-21 09:00;13.485057;284.907901
2020-06-21 10:00;14.585176;271.661993
2020-06-21 11:00;9.314872;292.687794
2020-06-21 12:00;5.630020;287.860724
2020-06-21 13:00;5.821120;12.892438
2020-06-21 14:00;16.232100;22.756169
2020-06-21 15:00;16.852437;229.163775
2020-06-21 16:00;3.363091;236.461270
2020-06-21 17:00;23.026494;240.493766
2020-06-21 18:00;3.097316;259.440754
2020-06-21 19:00;5.962864;221.183090
2020-06-21 20:00;8.885308;214.429397
2020-06-21 21:00;8.332293;289.698838
2020-06-21 22:00;14.131014;231.580012
2020-06-21 23:00;3.415750;277.796051
2020-06-22 00:00;7.445622;311.262842
2020-06-22 01:00;13.946286;204.414043
2020-06-22 02:00;14.381164;288.679056
2020-06-22 03:00;5.208518;236.009706
2020-06-22 04:00;10.052117;291.314313
2020-06-22 05:00;12.293251;220.345311
2020-06-22 06:00;8.597030;123.020472
2020-06-22 07:00;4.230775;318.354543
2020-06-22 08:00;9.108267;194.220318
2020-06-22 09:00;9.823399;301.943185
2020-06-22 10:00;11.297318;210.839313
2020-06-22 11:00;18.515094;195.524071
2020-06-22 12:00;5.973519;241.224681
2020-06-22 13:00;15.594081;229.019396
2020-06-22 14:00;17.632432;281.687890
2020-06-22 15:00;3.888827;237.129541
2020-06-22 16:00;23.039878;224.744891
2020-06-22 17:00;10.815116;61.876287
2020-06-22 18:00;15.208682;214.829355
2020-06-22 19:00;10.587583;276.212159
2020-06-22 20:00;11.841514;277.634210
2020-06-22 21:00;6.085219;309.514656
2020-06-22 22:00;3.271221;313.534342
2020-06-22 23:00;8.917748;214.702139
2020-06-23 00:00;16.738469;214.954193
2020-06-23 01:00;4.713423;5.780026
2020-06-23 02:00;3.052340;350.714843
2020-06-23 03:00;2.518141;235.598677
2020-06-23 04:00;10.593352;232.417011
2020-06-23 05:00;15.562485;199.805469
2020-06-23 06:00;23.508289;285.519363
2020-06-23 07:00;17.941000;188.119415
2020-06-23 08:00;2.497264;221.182953
2020-06-23 09:00;23.773697;268.012133
2020-06-23 10:00;18.350962;261.955417
2020-06-23 11:00;2.520168;232.754696
2020-06-23 12:00;9.679630;273.314294
2020-06-23 13:00;10.208743;228.444934
2020-06-23 14:00;1.597474;309.371170
2020-06-23 15:00;29.720192;276.693827
2020-06-23 16:00;5.247329;143.112776
2020-06-23 17:00;17.684987;270.029505
2020-06-23 18:00;12.955174;232.336664
2020-06-23 19:00;15.047513;253.480646
2020-06-23 20:00;15.032340;282.825473
2020-06-23 21:00;24.386851;211.114110
2020-06-23 22:00;16.379080;177.213084
2020-06-23 23:00;9.738032;332.726056
2020-06-24 00:00;4.048309;278.294305
2020-06-24 01:00;14.792333;123.114323
2020-06-24 02:00;13.105734;220.707341
2020-06-24 03:00;6.031320;192.440052
2020-06-24 04:00;7.068920;29.387400
2020-06-24 05:00;18.597050;250.405130
2020-06-24 06:00;6.205113;201.945304
2020-06-24 07:00;11.594645;6.992222
2020-06-24 08:00;10.238119;231.376129
2020-06-24 09:00;13.627527;217.559678
2020-06-24 10:00;12.357550;224.354587
2020-06-24 11:00;6.379374;261.250954
2020-06-24 12:00;11.369418;122.063314
2020-06-24 13:00;3.070368;256.338733
2020-06-24 14:00;12.398749;262.583550
2020-06-24 15:00;8.134611;258.702949
2020-06-24 16:00;12.279919;224.646781
2020-06-24 17:00;7.583348;246.490119
2020-06-24 18:00;1.637083;12.419043
2020-06-24 19:00;6.309954;242.837897
2020-06-24 20:00;4.439653;340.138293
2020-06-24 21:00;5.520486;283.314057
2020-06-24 22:00;5.131365;174.971425
2020-06-24 23:00;17.032991;202.549374
2020-06-25 00:00;16.937563;319.773968
2020-06-25 01:00;14.601558;265.723142
2020-06-25 02:00;14.483503;288.397951
2020-06-25 03:00;9.016075;212.395725
2020-06-25 04:00;6.606199;290.712784
2020-06-25 05:00;11.014593;45.453165
2020-06-25 06:00;9.018696;245.608713
2020-06-25 07:00;3.665849;259.050620
2020-06-25 08:00;11.609644;294.133082
2020-06-25 09:00;22.589125;269.900719
2020-06-25 10:00;1.597185;185.840631
2020-06-25 11:00;20.325952;222.143625
2020-06-25 12:00;13.393558;162.772038
2020-06-25 13:00;1.342411;176.262138
2020-06-25 14:00;5.966623;223.716313
2020-06-25 15:00;7.908422;195.522234
2020-06-25 16:00;8.777600;252.582086
2020-06-25 17:00;17.474768;173.039845
2020-06-25 18:00;3.526350;66.420865
2020-06-25 19:00;6.351194;265.098385
2020-06-25 20:00;8.294557;318.212437
2020-06-25 21:00;7.094469;213.654636
2020-06-25 22:00;14.979715;273.408032
2020-06-25 23:00;2.578705;224.215324
2020-06-26 00:00;5.430410;197.864687
2020-06-26 01:00;3.137684;305.038500
2020-06-26 02:00;5.541264;223.622172
2020-06-26 03:00;8.121355;165.977185
2020-06-26 04:00;25.833738;295.626151
2020-06-26 05:00;3.474134;43.555630
2020-06-26 06:00;16.752876;225.055661
2020-06-26 07:00;4.142122;212.939262
2020-06-26 08:00;13.822983;359.051274
2020-06-26 09:00;10.448181;225.392913
2020-06-26 10:00;10.551817;248.612649
2020-06-26 11:00;10.206081;289.050308
2020-06-26 12:00;5.160986;124.407991
2020-06-26 13:00;7.333115;82.021436
2020-06-26 14:00;14.593035;230.571892
2020-06-26 15:00;4.106187;84.594896
2020-06-26 16:00;14.154866;204.192890
2020-06-26 17:00;7.527300;191.681535
2020-06-26 18:00;8.311721;223.590000
2020-06-26 19:00;19.178488;238.871084
2020-06-26 20:00;3.483275;13.988942
2020-06-26 21:00;1.869906;292.443900
2020-06-26 22:00;4.075857;52.735205
2020-06-26 23:00;13.848349;194.678095
2020-06-27 00:00;2.312736;180.163413
2020-06-27 01:00;21.544301;273.015333
2020-06-27 02:00;22.311388;282.135068
2020-06-27 03:00;7.462483;312.687330
2020-06-27 04:00;5.414759;230.808316
2020-06-27 05:00;6.740078;253.629227
2020-06-27 06:00;17.717465;228.005278
2020-06-27 07:00;2.588110;289.867370
2020-06-27 08:00;19.126555;272.500497
2020-06-27 09:00;1.180757;84.014707
2020-06-27 10:00;10.264268;27.596600
2020-06-27 11:00;21.047983;205.026485
2020-06-27 12:00;13.791470;159.611170
2020-06-27 13:00;12.626564;190.457516
2020-06-27 14:00;6.722184;246.869714
2020-06-27 15:00;13.847860;281.743064
2020-06-27 16:00;20.518122;284.239868
2020-06-27 17:00;8.966483;196.629659
2020-06-27 18:00;13.722827;241.787821
2020-06-27 19:00;2.850607;193.267791
2020-06-27 20:00;21.771340;278.212213
2020-06-27 21:00;17.790071;254.249633
2020-06-27 22:00;24.613158;200.280564
2020-06-27 23:00;9.959533;49.082921
2020-06-28 00:00;16.961521;259.574014
2020-06-28 01:00;15.941971;180.546393
2020-06-28 02:00;3.339082;194.680868
2020-06-28 03:00;13.914102;252.666141
2020-06-28 04:00;1.739846;216.900279
2020-06-28 05:00;3.394333;230.707909
2020-06-28 06:00;13.290642;77.632830
2020-06-28 07:00;14.433779;260.223981
2020-06-28 08:00;10.299520;196.294649
2020-06-28 09:00;9.622312;64.815674
2020-06-28 10:00;4.983175;142.800128
2020-06-28 11:00;8.131013;148.612766
2020-06-28 12:00;7.414850;265.689876
2020-06-28 13:00;7.167943;286.811049
2020-06-28 14:00;15.416216;306.391561
2020-06-28 15:00;31.350203;157.409072
2020-06-28 16:00;15.367028;223.929999
2020-06-28 17:00;5.106926;217.338030
2020-06-28 18:00;14.277201;290.794347
2020-06-28 19:00;8.621835;263.357495
2020-06-28 20:00;22.099255;188.953923
2020-06-28 21:00;3.624832;150.954675
2020-06-28 22:00;17.048876;186.661516
2020-06-28 23:00;15.382042;254.701788
2020-06-29 00:00;9.052498;163.776085
2020-06-29 01:00;13.595176;255.466464
2020-06-29 02:00;13.344119;247.042897
2020-06-29 03:00;6.714791;233.685574
2020-06-29 04:00;17.766821;248.348414
2020-06-29 05:00;10.301007;265.021079
2020-06-29 06:00;3.304191;212.643196
2020-06-29 07:00;19.304728;252.548744
2020-06-29 08:00;16.564118;290.965156
2020-06-29 09:00;8.014668;253.850770
2020-06-29 10:00;5.741477;248.074188
2020-06-29 11:00;3.604424;239.492132
2020-06-29 12:00;18.933180;217.369203
2020-06-29 13:00;3.940194;289.998342
2020-06-29 14:00;1.501042;345.153910
2020-06-29 15:00;17.738039;241.408474
2020-06-29 16:00;18.592657;229.559792
2020-06-29 17:00;26.997588;227.554125
2020-06-29 18:00;18.321881;0.225809
2020-06-29 19:00;14.304264;215.350611
2020-06-29 20:00;13.949579;272.631324
2020-06-29 21:00;2.228371;341.411352
2020-06-29 22:00;8.824200;248.474174
2020-06-29 23:00;6.056284;199.568426
2020-06-30 00:00;19.000945;237.683673
2020-06-30 01:00;10.257249;317.719404
2020-06-30 02:00;13.280896;250.932545
2020-06-30 03:00;9.992425;233.144158
2020-06-30 04:00;8.793220;74.808600
2020-06-30 05:00;7.394069;258.556519
2020-06-30 06:00;7.906487;130.883253
2020-06-30 07:00;23.683613;284.942629
2020-06-30 08:00;7.160259;278.035163
2020-06-30 09:00;15.228710;257.994915
2020-06-30 10:00;8.609076;242.634555
2020-06-30 11:00;17.359590;8.867299
2020-06-30 12:00;7.829629;251.047667
2020-06-30 13:00;16.969019;230.028432
2020-06-30 14:00;20.674098;286.544960
2020-06-30 15:00;11.981756;237.913914
2020-06-30 16:00;1.549474;303.850882
2020-06-30 17:00;8.585547;181.281805
2020-06-30 18:00;12.854227;265.482088
2020-06-30 19:00;3.734465;186.320482
2020-06-30 20:00;10.434550;266.695229
2020-06-30 21:00;1.530009;211.787202
2020-06-30 22:00;11.124771;207.966675
2020-06-30 23:00;13.265677;160.746375
2020-07-01 00:00;22.810156;249.664744
2020-07-01 01:00;17.577325;229.397910
2020-07-01 02:00;5.377797;264.498514
2020-07-01 03:00;13.614840;207.519801
2020-07-01 04:00;14.485179;275.800852
2020-07-01 05:00;9.661283;265.850337
2020-07-01 06:00;10.093013;297.385376
2020-07-01 07:00;8.094675;224.079020
2020-07-01 08:00;11.516576;279.522288
2020-07-01 09:00;24.979438;211.440980
2020-07-01 10:00;8.080701;243.692322
2020-07-01 11:00;16.389611;303.612883
2020-07-01 12:00;5.990578;288.638972
2020-07-01 13:00;9.648774;111.166007
2020-07-01 14:00;12.443881;331.933660
2020-07-01 15:00;3.155857;302.703609
2020-07-01 16:00;6.864813;246.286783
2020-07-01 17:00;9.097103;344.634315
2020-07-01 18:00;10.340489;249.625145
2020-07-01 19:00;6.034374;214.944417
2020-07-01 20:00;15.818900;202.722788
2020-07-01 21:00;6.252069;221.442186
2020-07-01 22:00;13.625275;227.469938
2020-07-01 23:00;28.845686;222.175912
2020-07-02 00:00;13.726191;316.581525
2020-07-02 01:00;3.789050;233.890411
2020-07-02 02:00;7.791138;229.849657
2020-07-02 03:00;11.530429;316.997403
2020-07-02 04:00;18.670409;271.756895
2020-07-02 05:00;8.623644;219.876304
2020-07-02 06:00;18.069219;270.136072
2020-07-02 07:00;10.527067;275.714550
2020-07-02 08:00;5.408673;211.129902
2020-07-02 09:00;12.229874;235.416633
2020-07-02 10:00;17.787744;265.203609
2020-07-02 11:00;21.255313;271.938065
2020-07-02 12:00;11.226730;251.037776
2020-07-02 13:00;5.103950;282.182791
2020-07-02 14:00;10.094449;259.399118
2020-07-02 15:00;8.306206;208.250396
2020-07-02 16:00;15.947131;231.796111
2020-07-02 17:00;9.688454;304.468120
2020-07-02 18:00;2.789135;253.962823
2020-07-02 19:00;8.871788;118.594038
2020-07-02 20:00;3.418400;196.721542
2020-07-02 21:00;12.837872;293.076340
2020-07-02 22:00;15.504501;238.283014
2020-07-02 23:00;7.700247;246.078612
2020-07-03 00:00;24.215943;199.305523
2020-07-03 01:00;8.866956;294.035127
2020-07-03 02:00;12.732674;236.109818
2020-07-03 03:00;3.808500;218.997186
2020-07-03 04:00;15.036449;235.799689
2020-07-03 05:00;9.878941;33.696099
2020-07-03 06:00;13.158793;353.268952
2020-07-03 07:00;6.535354;253.187925
2020-07-03 08:00;11.160349;189.934210
2020-07-03 09:00;17.007872;218.054571
2020-07-03 10:00;10.733901;29.667920
2020-07-03 11:00;2.234459;235.576582
2020-07-03 12:00;13.784641;216.240310
2020-07-03 13:00;33.183772;224.368717
2020-07-03 14:00;11.802904;171.280282
2020-07-03 15:00;5.942785;252.787667
2020-07-03 16:00;2.684600;13.953974
2020-07-03 17:00;9.099064;240.892776
2020-07-03 18:00;14.438256;277.038643
2020-07-03 19:00;6.731846;215.082308
2020-07-03 20:00;21.362958;205.282678
2020-07-03 21:00;19.536674;215.089003
2020-07-03 22:00;9.094899;238.004415
2020-07-03 23:00;22.938726;193.122806
2020-07-04 00:00;25.465282;277.014248
2020-07-04 01:00;19.385174;272.283683
2020-07-04 02:00;16.849031;220.311543
2020-07-04 03:00;13.194972;194.042059
2020-07-04 04:00;8.461130;277.851659
2020-07-04 05:00;6.548067;190.684195
2020-07-04 06:00;16.685039;216.422254
2020-07-04 07:00;13.976909;195.526654
2020-07-04 08:00;4.792205;261.307629
2020-07-04 09:00;13.608471;239.201368
2020-07-04 10:00;10.158896;209.536339
2020-07-04 11:00;9.567426;257.845651
2020-07-04 12:00;10.945265;227.532765
2020-07-04 13:00;16.932171;274.543394
2020-07-04 14:00;8.286872;233.162136
2020-07-04 15:00;10.078522;251.577466
2020-07-04 16:00;8.471681;255.436541
2020-07-04 17:00;29.829514;255.859906
2020-07-04 18:00;11.914583;226.748751
2020-07-04 19:00;13.158345;180.787988
2020-07-04 20:00;19.090242;176.611165
2020-07-04 21:00;15.773537;205.924951
2020-07-04 22:00;10.187554;164.702244
2020-07-04 23:00;20.938411;165.841797
2020-07-05 00:00;2.509909;281.155639
2020-07-05 01:00;17.476895;234.849118
2020-07-05 02:00;13.304072;248.190935
2020-07-05 03:00;22.308692;266.385741
2020-07-05 04:00;20.138484;212.313507
2020-07-05 05:00;3.341555;128.325206
2020-07-05 06:00;9.806020;233.093661
2020-07-05 07:00;9.462363;219.383776
2020-07-05 08:00;7.915762;269.952237
2020-07-05 09:00;22.831045;244.292705
2020-07-05 10:00;15.418357;266.450328
2020-07-05 11:00;14.696229;270.090390
2020-07-05 12:00;3.447674;254.029326
2020-07-05 13:00;13.681446;164.736113
2020-07-05 14:00;9.192727;61.126473
2020-07-05 15:00;4.328353;194.182806
2020-07-05 16:00;4.578465;290.850326
2020-07-05 17:00;4.950375;226.763596
2020-07-05 18:00;7.181521;262.799575
2020-07-05 19:00;9.979125;278.414913
2020-07-05 20:00;29.610438;252.866972
2020-07-05 21:00;2.264390;313.867552
2020-07-05 22:00;7.752622;279.852680
2020-07-05 23:00;10.835870;194.004791
2020-07-06 00:00;6.689493;199.486664
2020-07-06 01:00;12.320148;218.718431
2020-07-06 02:00;16.875785;227.344432
2020-07-06 03:00;25.723909;225.879964
2020-07-06 04:00;8.587613;185.763287
2020-07-06 05:00;31.338359;323.777924
2020-07-06 06:00;10.616791;255.137649
2020-07-06 07:00;6.789905;257.014860
2020-07-06 08:00;8.057548;172.203602
2020-07-06 09:00;23.523835;226.269595
2020-07-06 10:00;1.000000;338.831202
2020-07-06 11:00;14.288255;271.562034
2020-07-06 12:00;21.669047;270.021102
2020-07-06 13:00;22.411509;208.941079
2020-07-06 14:00;12.030256;234.633859
2020-07-06 15:00;7.359347;304.258274
2020-07-06 16:00;14.258417;263.465324
2020-07-06 17:00;12.805089;286.045521
2020-07-06 18:00;15.186099;238.297110
2020-07-06 19:00;4.329480;185.408345
2020-07-06 20:00;17.744882;189.174749
2020-07-06 21:00;10.960147;269.038293
2020-07-06 22:00;14.827293;250.514987
2020-07-06 23:00;22.043945;290.942595
2020-07-07 00:00;7.797069;223.335423
2020-07-07 01:00;16.901448;252.455779
2020-07-07 02:00;21.610611;215.660048
2020-07-07 03:00;4.922435;263.269675
2020-07-07 04:00;1.000000;167.125165
2020-07-07 05:00;12.491171;241.314014
2020-07-07 06:00;3.326912;127.099565
2020-07-07 07:00;9.854607;235.467900
2020-07-07 08:00;6.173673;356.440061
2020-07-07 09:00;13.397029;7.221052
2020-07-07 10:00;12.446757;261.941182
2020-07-07 11:00;1.000000;212.221393
2020-07-07 12:00;16.096532;146.483839
2020-07-07 13:00;9.839495;224.755241
2020-07-07 14:00;13.420245;249.160958
2020-07-07 15:00;32.889694;199.078415
2020-07-07 16:00;17.778376;252.986310
2020-07-07 17:00;21.120150;175.538969
2020-07-07 18:00;13.631450;234.511519
2020-07-07 19:00;9.421755;286.625874
2020-07-07 20:00;22.290003;257.594824
2020-07-07 21:00;15.991917;210.266226
2020-07-07 22:00;12.021340;263.768189
2020-07-07 23:00;12.304523;235.339637
2020-07-08 00:00;24.756285;218.158200
2020-07-08 01:00;7.330020;279.369860
2020-07-08 02:00;18.816233;253.294105
2020-07-08 03:00;6.041890;171.410589
2020-07-08 04:00;11.173584;217.563798
2020-07-08 05:00;9.144977;93.542059
2020-07-08 06:00;17.735807;235.966268
2020-07-08 07:00;22.403048;309.295891
2020-07-08 08:00;3.580047;31.984043
2020-07-08 09:00;6.397370;19.293143
2020-07-08 10:00;13.663955;181.714443
2020-07-08 11:00;6.296447;16.573952
2020-07-08 12:00;11.662946;292.795216
2020-07-08 13:00;17.734110;288.059066
2020-07-08 14:00;10.167896;246.867693
2020-07-08 15:00;13.358134;216.772358
2020-07-08 16:00;5.189590;208.578388
2020-07-08 17:00;5.296850;48.862209
2020-07-08 18:00;11.867862;236.259495
2020-07-08 19:00;9.420476;205.676458
2020-07-08 20:00;22.362521;167.991936
2020-07-08 21:00;11.553547;259.836735
2020-07-08 22:00;26.994040;284.362031
2020-07-08 23:00;3.771713;65.339714
2020-07-09 00:00;10.691886;244.083695
2020-07-09 01:00;9.739828;175.830227
2020-07-09 02:00;7.210798;197.940085
2020-07-09 03:00;10.723605;234.309250
2020-07-09 04:00;23.964246;326.533563
2020-07-09 05:00;12.824537;221.670052
2020-07-09 06:00;12.234716;206.415875
2020-07-09 07:00;12.868445;275.010608
2020-07-09 08:00;12.600363;260.700190
2020-07-09 09:00;15.213500;231.887169
2020-07-09 10:00;4.336515;293.609674
2020-07-09 11:00;4.572592;187.712285
2020-07-09 12:00;10.504415;179.302520
2020-07-09 13:00;4.255037;39.305164
2020-07-09 14:00;10.758291;98.785592
2020-07-09 15:00;11.594528;233.712030
2020-07-09 16:00;13.797391;250.909614
2020-07-09 17:00;5.627061;29.381607
2020-07-09 18:00;9.679211;278.472888
2020-07-09 19:00;17.612109;259.178924
2020-07-09 20:00;9.675277;140.110745
2020-07-09 21:00;6.547959;245.500086
2020-07-09 22:00;11.168530;270.073875
2020-07-09 23:00;5.133449;257.969973
2020-07-10 00:00;22.805719;183.969548
2020-07-10 01:00;7.372389;127.301546
2020-07-10 02:00;6.181702;308.252583
2020-07-10 03:00;10.246182;278.193605
2020-07-10 04:00;21.888821;264.314602
2020-07-10 05:00;11.517987;349.923543
2020-07-10 06:00;10.021331;241.544295
2020-07-10 07:00;12.030321;130.623773
2020-07-10 08:00;10.969112;319.714599
2020-07-10 09:00;18.116734;310.147274
2020-07-10 10:00;15.608714;236.049378
2020-07-10 11:00;19.115329;220.849375
2020-07-10 12:00;8.761308;250.443962
2020-07-10 13:00;9.686055;0.444934
2020-07-10 14:00;16.201757;203.012618
2020-07-10 15:00;27.900177;257.445300
2020-07-10 16:00;8.550073;0.284558
2020-07-10 17:00;12.503691;242.273532
2020-07-10 18:00;12.134126;281.897352
2020-07-10 19:00;7.548126;5.771852
2020-07-10 20:00;1.122512;287.352507
2020-07-10 21:00;8.784866;62.196072
2020-07-10 22:00;9.517980;216.990551
2020-07-10 23:00;8.894085;213.653223
2020-07-11 00:00;37.216858;243.371502
2020-07-11 01:00;18.253877;204.181988
2020-07-11 02:00;17.670541;256.133637
2020-07-11 03:00;3.847758;346.508276
2020-07-11 04:00;5.132983;232.673383
2020-07-11 05:00;7.600727;236.115943
2020-07-11 06:00;15.792708;307.142698
2020-07-11 07:00;26.334227;271.252360
2020-07-11 08:00;2.601461;203.006064
2020-07-11 09:00;27.960248;251.438253
2020-07-11 10:00;16.921915;85.072029
2020-07-11 11:00;18.331457;295.227154
2020-07-11 12:00;8.155627;273.093637
2020-07-11 13:00;3.860036;157.942723
2020-07-11 14:00;28.740080;266.758202
2020-07-11 15:00;22.861282;254.420799
2020-07-11 16:00;5.834778;43.969539
2020-07-11 17:00;1.373081;280.091352
2020-07-11 18:00;11.611553;238.396452
2020-07-11 19:00;7.059718;220.715675
2020-07-11 20:00;12.378218;200.250330
2020-07-11 21:00;4.593432;278.979043
2020-07-11 22:00;5.749027;303.278255
2020-07-11 23:00;14.049645;261.972163
2020-07-12 00:00;18.656153;248.779863
2020-07-12 01:00;8.361621;239.365893
2020-07-12 02:00;5.253817;148.537703
2020-07-12 03:00;8.320507;279.297360
2020-07-12 04:00;4.641131;181.802697
2020-07-12 05:00;17.774376;181.177374
2020-07-12 06:00;1.000000;222.298927
2020-07-12 07:00;8.645784;239.972723
2020-07-12 08:00;8.105235;186.198849
2020-07-12 09:00;7.990415;82.157538
2020-07-12 10:00;1.091671;43.711819
2020-07-12 11:00;18.952204;228.946394
2020-07-12 12:00;7.594722;231.881090
2020-07-12 13:00;10.059806;226.347548
2020-07-12 14:00;5.938805;301.741141
2020-07-12 15:00;11.376688;282.282983
2020-07-12 16:00;8.763275;251.821223
2020-07-12 17:00;14.181320;264.800700
2020-07-12 18:00;14.393325;241.378152
2020-07-12 19:00;13.881094;102.089783
2020-07-12 20:00;26.374688;231.997455
2020-07-12 21:00;12.223631;264.828523
2020-07-12 22:00;5.673777;218.575542
2020-07-12 23:00;4.598401;282.758495
2020-07-13 00:00;19.450143;199.833553
2020-07-13 01:00;11.995709;264.733466
2020-07-13 02:00;2.093469;81.111162
2020-07-13 03:00;9.139475;269.183629
2020-07-13 04:00;6.726888;231.063238
2020-07-13 05:00;9.166305;215.657633
2020-07-13 06:00;25.779036;221.621476
2020-07-13 07:00;17.056120;230.520224
2020-07-13 08:00;14.377605;235.361040
2020-07-13 09:00;1.313894;206.892693
2020-07-13 10:00;10.890228;73.744089
2020-07-13 11:00;13.983475;175.504885
2020-07-13 12:00;11.135792;283.784399
2020-07-13 13:00;11.713335;233.823831
2020-07-13 14:00;7.786698;136.363983
2020-07-13 15:00;9.759099;295.565530
2020-07-13 16:00;10.195770;283.021119
2020-07-13 17:00;24.432569;164.566207
2020-07-13 18:00;15.740844;238.960313
2020-07-13 19:00;12.450636;357.234485
2020-07-13 20:00;22.328507;228.370113
2020-07-13 21:00;9.807932;239.295976
2020-07-13 22:00;16.831326;315.325498
2020-07-13 23:00;14.829079;29.200583
2020-07-14 00:00;7.717375;231.266525
2020-07-14 01:00;4.382217;319.100140
2020-07-14 02:00;11.767637;182.667126
2020-07-14 03:00;5.120249;288.316003
2020-07-14 04:00;21.499385;274.224418
2020-07-14 05:00;11.158582;238.486710
2020-07-14 06:00;17.811346;255.272806
2020-07-14 07:00;16.729130;236.527190
2020-07-14 08:00;14.901662;266.124385
2020-07-14 09:00;3.126482;251.821523
2020-07-14 10:00;10.586426;224.858048
2020-07-14 11:00;14.032341;218.743923
2020-07-14 12:00;11.010147;195.868852
2020-07-14 13:00;3.699583;87.915709
2020-07-14 14:00;12.592607;80.236006
2020-07-14 15:00;16.706538;178.080215
2020-07-14 16:00;11.611304;256.300320
2020-07-14 17:00;9.104795;256.063430
2020-07-14 18:00;12.416002;218.716383
2020-07-14 19:00;3.597958;184.880535
2020-07-14 20:00;4.696332;218.850925
2020-07-14 21:00;14.008886;219.031486
2020-07-14 22:00;3.203776;130.812718
2020-07-14 23:00;9.619256;140.540452
2020-07-15 00:00;17.284351;230.230091
2020-07-15 01:00;7.386315;260.510303
2020-07-15 02:00;13.231465;211.368317
2020-07-15 03:00;18.769537;179.673204
2020-07-15 04:00;9.767689;279.065770
2020-07-15 05:00;2.587623;228.801494
2020-07-15 06:00;9.611791;65.992054
2020-07-15 07:00;1.343015;192.720775
2020-07-15 08:00;13.774861;330.447794
2020-07-15 09:00;15.390845;256.900662
2020-07-15 10:00;9.985928;223.388314
2020-07-15 11:00;16.492292;291.088075
2020-07-15 12:00;8.732160;70.944179
2020-07-15 13:00;12.361887;242.769163
2020-07-15 14:00;19.512981;273.231837
2020-07-15 15:00;5.327822;283.149568
2020-07-15 16:00;18.518850;283.713034
2020-07-15 17:00;6.659869;24.953248
2020-07-15 18:00;12.877537;113.330957
2020-07-15 19:00;18.076816;63.871880
2020-07-15 20:00;8.600038;214.400950
2020-07-15 21:00;1.751323;308.951334
2020-07-15 22:00;11.584421;174.316352
2020-07-15 23:00;4.481711;247.100587
2020-07-16 00:00;8.999590;188.583379
2020-07-16 01:00;21.900239;219.654282
2020-07-16 02:00;23.001559;285.314419
2020-07-16 03:00;14.051180;235.947486
2020-07-16 04:00;10.362656;244.247310
2020-07-16 05:00;6.208041;256.578504
2020-07-16 06:00;18.005823;223.506136
2020-07-16 07:00;16.274297;260.798842
2020-07-16 08:00;6.175620;261.281973
2020-07-16 09:00;4.853492;240.353187
2020-07-16 10:00;5.411079;173.581817
2020-07-16 11:00;9.491312;247.519493
2020-07-16 12:00;17.674353;273.550686
2020-07-16 13:00;19.040464;234.586175
2020-07-16 14:00;19.992133;237.228721
2020-07-16 15:00;3.097687;193.554429
2020-07-16 16:00;4.520586;146.093452
2020-07-16 17:00;15.249117;218.157425
2020-07-16 18:00;20.225765;272.517654
2020-07-16 19:00;24.105343;307.484842
2020-07-16 20:00;11.030112;284.580774
2020-07-16 21:00;19.700256;255.010645
2020-07-16 22:00;3.484339;209.138279
2020-07-16 23:00;3.826594;8.555174
2020-07-17 00:00;4.901268;319.378906
2020-07-17 01:00;15.551590;240.733600
2020-07-17 02:00;12.491424;190.366208
2020-07-17 03:00;8.669462;340.919348
2020-07-17 04:00;10.074866;294.566280
2020-07-17 05:00;19.112281;232.159634
2020-07-17 06:00;15.708860;251.959039
2020-07-17 07:00;23.538146;270.127876
2020-07-17 08:00;16.184187;251.266851
2020-07-17 09:00;10.329493;259.050744
2020-07-17 10:00;9.995814;235.884014
2020-07-17 11:00;27.727376;265.661726
2020-07-17 12:00;8.807201;145.533378
2020-07-17 13:00;20.995130;236.981455
2020-07-17 14:00;11.926745;213.246631
2020-07-17 15:00;18.118723;273.267829
2020-07-17 16:00;18.756231;249.847493
2020-07-17 17:00;1.000000;287.510489
2020-07-17 18:00;16.689053;253.690165
2020-07-17 19:00;14.175477;170.525837
2020-07-17 20:00;16.669319;238.300363
2020-07-17 21:00;6.674439;288.261787
2020-07-17 22:00;19.851989;39.130493
2020-07-17 23:00;21.686230;174.051952
2020-07-18 00:00;15.320120;295.009841
2020-07-18 01:00;17.023321;179.550590
2020-07-18 02:00;14.379016;320.006889
2020-07-18 03:00;14.409947;247.871169
2020-07-18 04:00;5.258749;181.107658
2020-07-18 05:00;7.113555;33.595410
2020-07-18 06:00;25.274794;253.635449
2020-07-18 07:00;10.238474;262.949574
2020-07-18 08:00;15.301223;196.206427
2020-07-18 09:00;14.311679;223.335044
2020-07-18 10:00;8.182396;255.338602
2020-07-18 11:00;3.984506;184.122926
2020-07-18 12:00;2.819934;292.300555
2020-07-18 13:00;13.547709;170.903460
2020-07-18 14:00;2.805737;223.767814
2020-07-18 15:00;7.512552;287.236431
2020-07-18 16:00;6.469108;282.404811
2020-07-18 17:00;7.511877;69.030513
2020-07-18 18:00;4.821917;104.701174
2020-07-18 19:00;17.303920;267.547243
2020-07-18 20:00;6.250333;333.854102
2020-07-18 21:00;11.133456;248.903467
2020-07-18 22:00;9.777688;305.214909
2020-07-18 23:00;19.121932;114.978586
2020-07-19 00:00;16.116473;267.590189
2020-07-19 01:00;14.439113;297.859856
2020-07-19 02:00;5.649066;57.555707
2020-07-19 03:00;12.745545;155.456624
2020-07-19 04:00;11.927689;248.846289
2020-07-19 05:00;15.123639;159.471442
2020-07-19 06:00;8.994777;313.124185
2020-07-19 07:00;5.763750;270.070463
2020-07-19 08:00;13.597947;74.281435
2020-07-19 09:00;11.200256;261.853293
2020-07-19 10:00;5.901090;288.124953
2020-07-19 11:00;12.711287;224.177463
2020-07-19 12:00;11.303681;258.310927
2020-07-19 13:00;8.596563;58.121556
2020-07-19 14:00;8.215331;84.034398
2020-07-19 15:00;8.133960;320.844745
2020-07-19 16:00;10.184418;244.206076
2020-07-19 17:00;5.793859;318.175041
2020-07-19 18:00;6.628071;303.668850
2020-07-19 19:00;20.861679;235.595647
2020-07-19 20:00;17.550546;183.306102
2020-07-19 21:00;12.832105;246.842671
2020-07-19 22:00;20.834710;212.206949
2020-07-19 23:00;17.217931;238.246646
2020-07-20 00:00;18.443357;258.160490
2020-07-20 01:00;11.962151;79.980981
2020-07-20 02:00;12.510068;247.331333
2020-07-20 03:00;21.866498;241.317834
2020-07-20 04:00;8.950970;265.670351
2020-07-20 05:00;9.478979;244.853048
2020-07-20 06:00;14.019582;147.271259
2020-07-20 07:00;9.955094;235.719461
2020-07-20 08:00;19.879292;240.492579
2020-07-20 09:00;18.919037;224.563739
2020-07-20 10:00;16.716602;255.979874
2020-07-20 11:00;19.471794;223.781246
2020-07-20 12:00;15.183734;217.814814
2020-07-20 13:00;17.010670;285.281220
2020-07-20 14:00;14.594329;226.825624
2020-07-20 15:00;4.584774;248.858300
2020-07-20 16:00;2.378816;236.188131
2020-07-20 17:00;15.648262;214.318511
2020-07-20 18:00;9.315689;259.618756
2020-07-20 19:00;1.834302;248.673915
2020-07-20 20:00;15.366956;265.738814
2020-07-20 21:00;14.505291;307.092420
2020-07-20 22:00;14.076791;242.674576
2020-07-20 23:00;4.786780;318.371774
2020-07-21 00:00;7.371860;139.843435
2020-07-21 01:00;19.972532;258.828240
2020-07-21 02:00;19.779755;348.099785
2020-07-21 03:00;18.576805;214.059529
2020-07-21 04:00;16.116787;220.203658
2020-07-21 05:00;7.083946;256.045493
2020-07-21 06:00;7.613380;230.601162
2020-07-21 07:00;10.090978;231.199320
2020-07-21 08:00;19.927361;229.280148
2020-07-21 09:00;7.476280;239.048285
2020-07-21 10:00;7.095717;228.889414
2020-07-21 11:00;1.912884;203.096044
2020-07-21 12:00;5.382523;202.543937
2020-07-21 13:00;13.041896;119.133768
2020-07-21 14:00;15.279153;257.037300
2020-07-21 15:00;24.771150;238.714023
2020-07-21 16:00;10.194736;216.885809
2020-07-21 17:00;1.000000;300.164110
2020-07-21 18:00;22.562861;275.404990
2020-07-21 19:00;4.147292;263.480922
2020-07-21 20:00;21.935048;332.877904
2020-07-21 21:00;3.478336;277.792056
2020-07-21 22:00;12.581834;264.396847
2020-07-21 23:00;9.225832;209.281134
2020-07-22 00:00;10.294239;253.704327
2020-07-22 01:00;10.912021;244.269999
2020-07-22 02:00;1.000000;342.827197
2020-07-22 03:00;17.827372;195.118035
2020-07-22 04:00;4.402792;246.665577
2020-07-22 05:00;11.960265;275.500462
2020-07-22 06:00;3.893859;217.184253
2020-07-22 07:00;13.073200;226.377249
2020-07-22 08:00;8.909604;250.946694
2020-07-22 09:00;16.348879;177.650883
2020-07-22 10:00;6.897628;230.519529
2020-07-22 11:00;4.308744;190.435676
2020-07-22 12:00;10.580315;9.461703
2020-07-22 13:00;19.914821;144.341583
2020-07-22 14:00;2.308326;85.347254
2020-07-22 15:00;13.924478;228.265485
2020-07-22 16:00;11.357594;266.503071
2020-07-22 17:00;8.060238;193.494236
2020-07-22 18:00;15.614667;192.945177
2020-07-22 19:00;7.018095;228.639826
2020-07-22 20:00;9.163221;221.626680
2020-07-22 21:00;29.055310;248.085126
2020-07-22 22:00;2.624421;143.309242
2020-07-22 23:00;10.969760;96.624163
2020-07-23 00:00;10.077611;203.628733
2020-07-23 01:00;2.504779;241.383327
2020-07-23 02:00;8.770762;317.530574
2020-07-23 03:00;4.449983;218.850098
2020-07-23 04:00;5.084658;30.791756
2020-07-23 05:00;15.962000;256.098677
2020-07-23 06:00;21.900002;209.577950
2020-07-23 07:00;7.929219;161.033504
2020-07-23 08:00;11.619046;198.652218
2020-07-23 09:00;18.065347;152.074419
2020-07-23 10:00;20.331370;235.072899
2020-07-23 11:00;4.959735;222.948006
2020-07-23 12:00;4.352443;223.957243
2020-07-23 13:00;26.618783;210.444121
2020-07-23 14:00;11.841339;206.035318
2020-07-23 15:00;6.412768;234.814147
2020-07-23 16:00;5.591356;198.942233
2020-07-23 17:00;10.640981;223.331258
2020-07-23 18:00;8.141232;244.710445
2020-07-23 19:00;9.881555;140.720012
2020-07-23 20:00;17.704860;224.012200
2020-07-23 21:00;14.175961;237.379883
2020-07-23 22:00;7.419694;197.880354
2020-07-23 23:00;10.454254;150.500360
2020-07-24 00:00;13.526901;223.547939
2020-07-24 01:00;27.461863;269.814756
2020-07-24 02:00;12.562139;237.166027
2020-07-24 03:00;16.511130;245.996554
2020-07-24 04:00;11.976365;243.256910
2020-07-24 05:00;6.336213;284.043642
2020-07-24 06:00;7.914082;204.606701
2020-07-24 07:00;1.000000;291.452843
2020-07-24 08:00;8.044762;67.930302
2020-07-24 09:00;6.721210;344.244993
2020-07-24 10:00;22.599198;216.743155
2020-07-24 11:00;20.895294;280.244442
2020-07-24 12:00;10.267239;223.263367
2020-07-24 13:00;16.769042;171.950757
2020-07-24 14:00;20.891385;276.323513
2020-07-24 15:00;16.896252;299.574811
2020-07-24 16:00;10.840047;301.412049
2020-07-24 17:00;3.418527;205.593524
2020-07-24 18:00;3.546585;290.270242
2020-07-24 19:00;16.335249;186.585924
2020-07-24 20:00;6.238564;359.006865
2020-07-24 21:00;19.457515;249.268754
2020-07-24 22:00;4.970897;193.684075
2020-07-24 23:00;22.990709;203.233272
2020-07-25 00:00;5.047039;257.198243
2020-07-25 01:00;14.780268;270.403084
2020-07-25 02:00;23.179878;233.901907
2020-07-25 03:00;14.766555;283.560860
2020-07-25 04:00;29.278059;176.404326
2020-07-25 05:00;14.221443;38.004057
2020-07-25 06:00;7.064407;275.380948
2020-07-25 07:00;4.127796;304.757709
2020-07-25 08:00;15.737652;236.448882
2020-07-25 09:00;21.897152;259.755573
2020-07-25 10:00;12.711426;161.602494
2020-07-25 11:00;9.967082;233.734888
2020-07-25 12:00;11.702847;210.649056
2020-07-25 13:00;16.999734;274.947796
2020-07-25 14:00;18.664264;206.859789
2020-07-25 15:00;23.822576;197.415357
2020-07-25 16:00;9.166664;234.280400
2020-07-25 17:00;6.783488;220.777292
2020-07-25 18:00;6.876503;319.993024
2020-07-25 19:00;8.130801;96.520197
2020-07-25 20:00;6.884734;121.022446
2020-07-25 21:00;7.881178;190.672428
2020-07-25 22:00;2.210818;289.435896
2020-07-25 23:00;17.316536;41.200888
2020-07-26 00:00;10.806974;217.863445
2020-07-26 01:00;6.852659;216.327791
2020-07-26 02:00;6.663021;258.584178
2020-07-26 03:00;1.187979;215.464555
2020-07-26 04:00;5.420725;67.209000
2020-07-26 05:00;6.901630;230.014078
2020-07-26 06:00;7.341399;300.960178
2020-07-26 07:00;8.004815;6.862721
2020-07-26 08:00;8.687291;280.132891
2020-07-26 09:00;7.719388;283.602915
2020-07-26 10:00;3.550925;270.046824
2020-07-26 11:00;11.185564;309.820726
2020-07-26 12:00;4.984167;227.281121
2020-07-26 13:00;11.888694;207.732429
2020-07-26 14:00;21.292459;296.915511
2020-07-26 15:00;16.189400;253.298838
2020-07-26 16:00;9.555228;230.761838
2020-07-26 17:00;15.659162;69.416353
2020-07-26 18:00;13.728353;277.177432
2020-07-26 19:00;15.085025;269.750890
2020-07-26 20:00;2.466744;335.179189
2020-07-26 21:00;9.065001;21.555570
2020-07-26 22:00;6.528154;272.498521
2020-07-26 23:00;12.770400;193.312934
2020-07-27 00:00;10.505717;285.058242
2020-07-27 01:00;15.294625;247.833590
2020-07-27 02:00;6.707429;171.313260
2020-07-27 03:00;3.260789;226.023513
2020-07-27 04:00;12.995540;225.617061
2020-07-27 05:00;15.954133;302.666881
2020-07-27 06:00;12.083618;227.736610
2020-07-27 07:00;9.248245;233.243463
2020-07-27 08:00;11.159319;254.586048
2020-07-27 09:00;5.906283;303.305316
2020-07-27 10:00;12.830616;252.074099
2020-07-27 11:00;7.277193;68.325328
2020-07-27 12:00;11.345460;26.655804
2020-07-27 13:00;15.651184;89.318530
2020-07-27 14:00;4.191994;311.929438
2020-07-27 15:00;8.155663;162.445631
2020-07-27 16:00;2.683080;205.117043
2020-07-27 17:00;12.473585;275.568474
2020-07-27 18:00;11.635629;198.683103
2020-07-27 19:00;9.967582;174.524904
2020-07-27 20:00;12.977561;184.151203
2020-07-27 21:00;15.482722;248.907102
2020-07-27 22:00;4.165358;179.718632
2020-07-27 23:00;6.269120;246.606326
2020-07-28 00:00;11.303209;340.050929
2020-07-28 01:00;9.505105;358.725134
2020-07-28 02:00;11.234150;243.754363
2020-07-28 03:00;14.286243;169.868474
2020-07-28 04:00;7.982718;238.409837
2020-07-28 05:00;3.921921;261.186433
2020-07-28 06:00;12.734386;275.714762
2020-07-28 07:00;6.224954;296.276402
2020-07-28 08:00;5.783400;257.634231
2020-07-28 09:00;12.608668;264.185251
2020-07-28 10:00;1.000000;61.809145
2020-07-28 11:00;10.645007;280.314529
2020-07-28 12:00;14.193395;192.313950
2020-07-28 13:00;16.463985;272.015104
2020-07-28 14:00;23.041470;218.862493
2020-07-28 15:00;14.103597;252.520474
2020-07-28 16:00;23.340908;265.241128
2020-07-28 17:00;16.106910;40.849715
2020-07-28 18:00;30.948314;299.822539
2020-07-28 19:00;16.883288;255.334593
2020-07-28 20:00;6.106330;193.431618
2020-07-28 21:00;4.638003;277.732594
2020-07-28 22:00;12.048189;251.308471
2020-07-28 23:00;13.121526;250.204371
2020-07-29 00:00;15.126418;191.597633
2020-07-29 01:00;8.996055;43.874456
2020-07-29 02:00;13.428617;257.180731
2020-07-29 03:00;17.310048;255.388737
2020-07-29 04:00;2.321040;180.631788
2020-07-29 05:00;9.386941;23.072668
2020-07-29 06:00;28.574378;203.282517
2020-07-29 07:00;13.605169;194.617488
2020-07-29 08:00;15.314845;292.975095
2020-07-29 09:00;19.420650;248.868979
2020-07-29 10:00;28.244747;258.548348
2020-07-29 11:00;5.319449;69.063960
2020-07-29 12:00;12.989664;244.952385
2020-07-29 13:00;13.809258;168.538823
2020-07-29 14:00;12.225958;256.696710
2020-07-29 15:00;7.730639;229.107014
2020-07-29 16:00;6.864776;300.902846
2020-07-29 17:00;16.608531;196.446931
2020-07-29 18:00;13.223696;201.431261
2020-07-29 19:00;11.628753;252.311025
2020-07-29 20:00;5.835712;175.007820
2020-07-29 21:00;8.692543;212.299054
2020-07-29 22:00;3.095333;289.156507
2020-07-29 23:00;13.626326;255.413125
2020-07-30 00:00;15.069082;225.862281
2020-07-30 01:00;8.918242;302.477045
2020-07-30 02:00;11.830887;254.415728
2020-07-30 03:00;24.567483;249.513543
2020-07-30 04:00;14.876821;221.159962
2020-07-30 05:00;4.280080;285.552133
2020-07-30 06:00;18.006655;181.546376
2020-07-30 07:00;13.014083;284.017592
2020-07-30 08:00;21.542669;273.874842
2020-07-30 09:00;6.468782;127.968139
2020-07-30 10:00;16.670737;310.896940
2020-07-30 11:00;15.114045;249.699563
2020-07-30 12:00;15.747615;252.240644
2020-07-30 13:00;4.642819;273.381129
2020-07-30 14:00;4.929000;223.670609
2020-07-30 15:00;6.718182;217.896326
2020-07-30 16:00;31.613916;261.225050
2020-07-30 17:00;18.514371;251.434462
2020-07-30 18:00;11.218150;250.450671
2020-07-30 19:00;12.980954;183.321593
2020-07-30 20:00;29.509367;231.927644
2020-07-30 21:00;15.837570;253.274110
2020-07-30 22:00;14.609373;186.310112
2020-07-30 23:00;12.847594;249.807024
2020-07-31 00:00;10.247536;230.560087
2020-07-31 01:00;5.531123;32.193711
2020-07-31 02:00;16.545321;261.549287
2020-07-31 03:00;12.660147;256.333949
2020-07-31 04:00;3.683978;177.032941
2020-07-31 05:00;10.971331;187.581356
2020-07-31 06:00;3.229792;236.169357
2020-07-31 07:00;6.605144;217.088569
2020-07-31 08:00;21.594816;221.395583
2020-07-31 09:00;11.833169;227.110592
2020-07-31 10:00;12.817497;210.109020
2020-07-31 11:00;19.123902;270.454199
2020-07-31 12:00;9.378960;127.176037
2020-07-31 13:00;17.700476;331.081864
2020-07-31 14:00;11.888163;204.676646
2020-07-31 15:00;16.891286;314.136325
2020-07-31 16:00;11.202796;220.666474
2020-07-31 17:00;7.254439;11.390376
2020-07-31 18:00;19.530440;308.305088
2020-07-31 19:00;14.085499;278.104683
2020-07-31 20:00;8.216598;332.241515
2020-07-31 21:00;11.182067;174.385914
2020-07-31 22:00;9.075632;293.770024
2020-07-31 23:00;5.258284;46.151381
2020-08-01 00:00;4.203241;263.227771
2020-08-01 01:00;18.978365;206.330496
2020-08-01 02:00;10.209076;238.864990
2020-08-01 03:00;22.539920;222.783007
2020-08-01 04:00;18.562140;193.195889
2020-08-01 05:00;18.073681;211.812224
2020-08-01 06:00;21.628407;224.445623
2020-08-01 07:00;6.697515;210.598576
2020-08-01 08:00;8.897832;339.789299
2020-08-01 09:00;13.996958;215.631720
2020-08-01 10:00;13.108153;288.505430
2020-08-01 11:00;22.923586;290.924139
2020-08-01 12:00;3.445057;203.733277
2020-08-01 13:00;18.168552;11.141049
2020-08-01 14:00;7.757575;252.448662
2020-08-01 15:00;15.731727;169.021049
2020-08-01 16:00;7.901772;39.644917
2020-08-01 17:00;7.435293;185.604982
2020-08-01 18:00;23.500530;272.010054
2020-08-01 19:00;12.075362;273.822411
2020-08-01 20:00;3.271758;69.150109
2020-08-01 21:00;11.893181;200.719806
2020-08-01 22:00;13.035039;289.784766
2020-08-01 23:00;17.167611;239.320738
2020-08-02 00:00;18.540919;203.631438
2020-08-02 01:00;19.728656;271.251066
2020-08-02 02:00;22.762951;237.951880
2020-08-02 03:00;12.967685;297.021087
2020-08-02 04:00;8.758993;176.711324
2020-08-02 05:00;8.963013;280.451455
2020-08-02 06:00;16.219171;206.318452
2020-08-02 07:00;17.805307;214.366173
2020-08-02 08:00;12.228224;167.886395
2020-08-02 09:00;15.293567;260.595875
2020-08-02 10:00;6.346291;226.043624
2020-08-02 11:00;14.704786;58.866426
2020-08-02 12:00;6.304092;249.676404
2020-08-02 13:00;6.091055;205.875074
2020-08-02 14:00;14.704975;203.704811
2020-08-02 15:00;24.590409;200.743508
2020-08-02 16:00;7.044729;261.683458
2020-08-02 17:00;17.829889;257.510661
2020-08-02 18:00;15.180643;201.442394
2020-08-02 19:00;14.245135;218.628431
2020-08-02 20:00;6.671874;240.107549
2020-08-02 21:00;11.296062;149.909104
2020-08-02 22:00;14.461185;276.275127
2020-08-02 23:00;14.733637;264.537567
2020-08-03 00:00;15.567387;336.207904
2020-08-03 01:00;7.615117;201.340640
2020-08-03 02:00;14.406627;239.512592
2020-08-03 03:00;10.084298;167.894246
2020-08-03 04:00;11.769298;229.495250
2020-08-03 05:00;9.018682;255.095385
2020-08-03 06:00;20.871996;227.654893
2020-08-03 07:00;9.664295;178.598572
2020-08-03 08:00;11.488571;288.911190
2020-08-03 09:00;4.404780;289.122201
2020-08-03 10:00;7.249608;163.100565
2020-08-03 11:00;5.878678;216.017675
2020-08-03 12:00;5.841022;235.510196
2020-08-03 13:00;19.002609;277.165583
2020-08-03 14:00;24.547986;226.371846
2020-08-03 15:00;22.812336;300.662101
2020-08-03 16:00;12.166597;261.415449
2020-08-03 17:00;15.584466;208.957458
2020-08-03 18:00;10.229142;209.331843
2020-08-03 19:00;4.618215;35.678515
2020-08-03 20:00;13.130030;260.395205
2020-08-03 21:00;1.830280;230.295302
2020-08-03 22:00;11.661481;288.923300
2020-08-03 23:00;5.709380;254.740479
2020-08-04 00:00;9.027322;282.357796
2020-08-04 01:00;9.562218;335.244932
2020-08-04 02:00;8.325585;211.051336
2020-08-04 03:00;3.725162;225.427493
2020-08-04 04:00;8.373612;64.543180
2020-08-04 05:00;8.588061;308.759347
2020-08-04 06:00;11.506525;352.863592
2020-08-04 07:00;16.747661;275.579938
2020-08-04 08:00;11.974702;251.277184
2020-08-04 09:00;10.716616;220.324505
2020-08-04 10:00;4.673666;275.573611
2020-08-04 11:00;7.457046;260.078668
2020-08-04 12:00;7.584140;253.297468
2020-08-04 13:00;9.528798;228.514889
2020-08-04 14:00;3.424482;249.654839
2020-08-04 15:00;10.495329;246.241867
2020-08-04 16:00;4.161104;141.727572
2020-08-04 17:00;11.614451;230.336943
2020-08-04 18:00;7.289105;224.246719
2020-08-04 19:00;2.111777;199.925162
2020-08-04 20:00;2.848749;235.858870
2020-08-04 21:00;5.104222;199.029236
2020-08-04 22:00;24.718467;303.071803
2020-08-04 23:00;12.977830;201.703168
2020-08-05 00:00;10.218223;231.796962
2020-08-05 01:00;8.822194;221.064047
2020-08-05 02:00;15.294432;230.658798
2020-08-05 03:00;13.436607;214.660352
2020-08-05 04:00;7.155365;26.175140
2020-08-05 05:00;10.961285;139.672154
2020-08-05 06:00;7.265483;19.189084
2020-08-05 07:00;6.438940;7.241359
2020-08-05 08:00;1.000000;25.541321
2020-08-05 09:00;14.653312;228.994358
2020-08-05 10:00;10.938893;320.552449
2020-08-05 11:00;20.540119;260.551882
2020-08-05 12:00;6.329500;266.252067
2020-08-05 13:00;15.600309;181.087902
2020-08-05 14:00;7.446189;240.125172
2020-08-05 15:00;10.980735;201.430690
2020-08-05 16:00;7.811291;159.977149
2020-08-05 17:00;3.292228;209.823896
2020-08-05 18:00;20.140249;225.431030
2020-08-05 19:00;11.655914;239.032145
2020-08-05 20:00;7.534425;240.090282
2020-08-05 21:00;3.351651;243.892128
2020-08-05 22:00;11.329826;294.937796
2020-08-05 23:00;16.350538;147.351766
2020-08-06 00:00;7.058629;249.122179
2020-08-06 01:00;10.994881;290.635204
2020-08-06 02:00;6.158585;280.593711
2020-08-06 03:00;12.322751;210.823182
2020-08-06 04:00;17.832820;253.780252
2020-08-06 05:00;9.515119;275.315741
2020-08-06 06:00;15.077747;189.763123
2020-08-06 07:00;13.337170;293.440128
2020-08-06 08:00;10.570474;244.458363
2020-08-06 09:00;21.763054;221.370240
2020-08-06 10:00;7.784486;193.634424
2020-08-06 11:00;8.511790;230.900462
2020-08-06 12:00;13.662546;236.845968
2020-08-06 13:00;6.201148;269.064549
2020-08-06 14:00;25.515612;265.874831
2020-08-06 15:00;11.031094;267.090479
2020-08-06 16:00;15.057650;281.243900
2020-08-06 17:00;8.106856;196.318384
2020-08-06 18:00;8.007114;288.028160
2020-08-06 19:00;10.950293;167.818410
2020-08-06 20:00;10.821217;280.421314
2020-08-06 21:00;15.494231;202.415857
2020-08-06 22:00;10.496049;178.224522
2020-08-06 23:00;12.127765;232.265648
2020-08-07 00:00;11.484365;321.861578
2020-08-07 01:00;7.446433;288.442532
2020-08-07 02:00;7.082975;212.871678
2020-08-07 03:00;5.057401;197.809867
2020-08-07 04:00;10.106678;244.513371
2020-08-07 05:00;12.737546;268.867862
2020-08-07 06:00;8.376423;210.765616
2020-08-07 07:00;15.490403;244.393840
2020-08-07 08:00;17.954949;198.146181
2020-08-07 09:00;23.890423;244.420526
2020-08-07 10:00;24.464961;238.926457
2020-08-07 11:00;3.584344;152.653272
2020-08-07 12:00;4.572755;256.642381
2020-08-07 13:00;11.454964;233.322105
2020-08-07 14:00;23.455626;221.453887
2020-08-07 15:00;4.896266;305.775657
2020-08-07 16:00;11.972448;256.386043
2020-08-07 17:00;8.120380;224.412626
2020-08-07 18:00;11.309277;218.451310
2020-08-07 19:00;6.298319;249.101927
2020-08-07 20:00;8.241969;199.940788
2020-08-07 21:00;9.042058;244.475679
2020-08-07 22:00;7.414212;259.716945
2020-08-07 23:00;8.042319;206.690641
2020-08-08 00:00;8.428333;232.498397
2020-08-08 01:00;13.505581;276.151746
2020-08-08 02:00;12.252777;244.092495
2020-08-08 03:00;18.214514;261.178546
2020-08-08 04:00;17.187393;230.059578
2020-08-08 05:00;30.655606;285.606075
2020-08-08 06:00;10.368391;217.147879
2020-08-08 07:00;18.428380;211.853054
2020-08-08 08:00;21.759321;193.899822
2020-08-08 09:00;18.622785;250.393376
2020-08-08 10:00;1.812714;235.253386
2020-08-08 11:00;11.974737;269.459297
2020-08-08 12:00;17.543027;223.421123
2020-08-08 13:00;7.531608;184.820492
2020-08-08 14:00;19.290519;241.485306
2020-08-08 15:00;6.900016;208.666633
2020-08-08 16:00;11.274934;217.095178
2020-08-08 17:00;14.323689;276.960758
2020-08-08 18:00;6.706637;303.647238
2020-08-08 19:00;8.240557;223.855457
2020-08-08 20:00;11.915778;238.633412
2020-08-08 21:00;8.019713;198.161373
2020-08-08 22:00;8.609337;33.215946
2020-08-08 23:00;12.393646;138.983702
2020-08-09 00:00;20.348379;280.230647
2020-08-09 01:00;18.622890;253.945949
2020-08-09 02:00;9.663820;77.399536
2020-08-09 03:00;25.547471;235.537392
2020-08-09 04:00;10.009398;111.787608
2020-08-09 05:00;6.167023;237.823736
2020-08-09 06:00;19.042724;193.329399
2020-08-09 07:00;10.536432;256.203653
2020-08-09 08:00;1.704324;37.488861
2020-08-09 09:00;16.224600;200.661368
2020-08-09 10:00;5.317186;175.157494
2020-08-09 11:00;9.630264;274.911216
2020-08-09 12:00;18.310498;212.498497
2020-08-09 13:00;3.163347;247.912587
2020-08-09 14:00;26.270541;266.981931
2020-08-09 15:00;5.365078;163.333626
2020-08-09 16:00;4.488124;263.302056
2020-08-09 17:00;10.065209;267.749923
2020-08-09 18:00;4.302216;213.397763
2020-08-09 19:00;11.306778;278.400954
2020-08-09 20:00;4.609730;305.123087
2020-08-09 21:00;12.602650;36.413845
2020-08-09 22:00;8.824549;260.852268
2020-08-09 23:00;24.308686;227.604160
2020-08-10 00:00;15.380950;229.624879
2020-08-10 01:00;26.639631;188.050574
2020-08-10 02:00;10.833871;232.095661
2020-08-10 03:00;21.642455;198.612519
2020-08-10 04:00;12.195587;206.336440
2020-08-10 05:00;2.650856;256.960885
2020-08-10 06:00;5.399691;220.599491
2020-08-10 07:00;10.629135;137.672178
2020-08-10 08:00;13.494089;102.005877
2020-08-10 09:00;11.420687;333.279173
2020-08-10 10:00;12.523423;252.883421
2020-08-10 11:00;33.361339;188.753511
2020-08-10 12:00;19.306546;161.281260
2020-08-10 13:00;6.986913;181.111219
2020-08-10 14:00;9.202365;232.924714
2020-08-10 15:00;6.707411;277.549939
2020-08-10 16:00;22.057485;217.248673
2020-08-10 17:00;19.963308;245.330434
2020-08-10 18:00;13.780580;245.778879
2020-08-10 19:00;26.991360;232.958622
2020-08-10 20:00;4.838733;220.669365
2020-08-10 21:00;27.820109;221.655518
2020-08-10 22:00;4.789928;237.861621
2020-08-10 23:00;15.475143;244.487466
2020-08-11 00:00;7.779187;159.124919
2020-08-11 01:00;13.178778;239.182509
2020-08-11 02:00;14.097895;218.768205
2020-08-11 03:00;32.152132;234.595943
2020-08-11 04:00;12.985112;205.481676
2020-08-11 05:00;7.806516;168.407478
2020-08-11 06:00;20.252208;277.033605
2020-08-11 07:00;9.621224;259.150114
2020-08-11 08:00;22.393536;270.539983
2020-08-11 09:00;6.189049;208.808406
2020-08-11 10:00;2.388149;209.492878
2020-08-11 11:00;16.892986;218.408701
2020-08-11 12:00;3.090619;48.449889
2020-08-11 13:00;4.648816;272.945352
2020-08-11 14:00;14.219675;173.847729
2020-08-11 15:00;11.715183;245.853892
2020-08-11 16:00;4.540905;249.919283
2020-08-11 17:00;17.904900;36.679111
2020-08-11 18:00;21.592968;280.361355
2020-08-11 19:00;13.931358;227.438704
2020-08-11 20:00;7.302398;253.810714
2020-08-11 21:00;6.936299;234.437278
2020-08-11 22:00;7.203189;97.521855
2020-08-11 23:00;3.047756;238.873619
2020-08-12 00:00;7.652607;266.193715
2020-08-12 01:00;8.906213;244.977704
2020-08-12 02:00;7.082029;144.311653
2020-08-12 03:00;19.405391;265.047170
2020-08-12 04:00;9.119291;257.028681
2020-08-12 05:00;30.078358;210.152434
2020-08-12 06:00;8.557873;251.786815
2020-08-12 07:00;3.488447;242.169619
2020-08-12 08:00;14.253522;12.927228
2020-08-12 09:00;3.708657;287.963466
2020-08-12 10:00;10.023500;246.103152
2020-08-12 11:00;16.552025;203.536503
2020-08-12 12:00;7.359105;282.317043
2020-08-12 13:00;2.668098;238.417497
2020-08-12 14:00;12.155086;216.475112
2020-08-12 15:00;24.173353;266.165489
2020-08-12 16:00;5.159117;271.194017
2020-08-12 17:00;1.621779;251.010371
2020-08-12 18:00;11.593631;138.250274
2020-08-12 19:00;5.743438;238.081384
2020-08-12 20:00;9.933958;237.406380
2020-08-12 21:00;16.674857;236.265297
2020-08-12 22:00;7.274029;261.805436
2020-08-12 23:00;11.391575;248.731067
2020-08-13 00:00;11.286265;231.518599
2020-08-13 01:00;13.866135;188.816507
2020-08-13 02:00;5.466060;263.670908
2020-08-13 03:00;14.491258;231.238869
2020-08-13 04:00;11.629600;245.641824
2020-08-13 05:00;10.830060;280.603942
2020-08-13 06:00;18.711582;269.767747
2020-08-13 07:00;11.109310;246.669022
2020-08-13 08:00;11.365689;208.622645
2020-08-13 09:00;1.354113;321.500765
2020-08-13 10:00;11.655531;194.525351
2020-08-13 11:00;10.076733;183.027808
2020-08-13 12:00;10.004475;302.233307
2020-08-13 13:00;8.930487;236.649068
2020-08-13 14:00;7.456148;124.733236
2020-08-13 15:00;7.523204;242.390320
2020-08-13 16:00;9.599964;260.181590
2020-08-13 17:00;3.600175;281.670327
2020-08-13 18:00;3.469640;232.685598
2020-08-13 19:00;11.051715;344.841400
2020-08-13 20:00;1.641581;348.643784
2020-08-13 21:00;11.797693;278.643562
2020-08-13 22:00;10.583082;229.317249
2020-08-13 23:00;11.520657;237.453307
2020-08-14 00:00;1.646966;241.199640
2020-08-14 01:00;7.453536;65.880114
2020-08-14 02:00;15.287553;323.793501
2020-08-14 03:00;18.513927;119.042710
2020-08-14 04:00;17.270354;229.426321
2020-08-14 05:00;8.870180;247.882763
2020-08-14 06:00;7.800530;181.636824
2020-08-14 07:00;9.158586;9.665554
2020-08-14 08:00;22.694299;258.585698
2020-08-14 09:00;8.567199;127.083274
2020-08-14 10:00;3.949455;61.389892
2020-08-14 11:00;7.745291;235.717383
2020-08-14 12:00;7.051073;275.346631
2020-08-14 13:00;13.259364;188.470342
2020-08-14 14:00;12.529474;275.671914
2020-08-14 15:00;5.831442;258.912783
2020-08-14 16:00;2.117234;260.202528
2020-08-14 17:00;4.609216;244.915391
2020-08-14 18:00;19.649424;228.574951
2020-08-14 19:00;10.810471;157.945275
2020-08-14 20:00;15.590639;220.170130
2020-08-14 21:00;5.935247;208.567418
2020-08-14 22:00;21.017808;213.112436
2020-08-14 23:00;8.135574;254.562761
2020-08-15 00:00;9.532075;197.324632
2020-08-15 01:00;6.752629;191.859396
2020-08-15 02:00;8.325801;20.533555
2020-08-15 03:00;3.922395;278.306289
2020-08-15 04:00;5.093510;243.005585
2020-08-15 05:00;14.687774;308.975940
2020-08-15 06:00;8.216545;200.770542
2020-08-15 07:00;19.030713;351.450743
2020-08-15 08:00;25.153423;226.913595
2020-08-15 09:00;18.696797;196.944481
2020-08-15 10:00;12.015164;286.838844
2020-08-15 11:00;2.137432;210.401596
2020-08-15 12:00;11.375999;156.273234
2020-08-15 13:00;6.133200;344.496286
2020-08-15 14:00;6.165419;130.344330
2020-08-15 15:00;32.615680;216.756531
2020-08-15 16:00;17.655255;176.982575
2020-08-15 17:00;19.234307;173.531354
2020-08-15 18:00;12.846058;239.567119
2020-08-15 19:00;15.528135;232.631101
2020-08-15 20:00;17.323345;283.893930
2020-08-15 21:00;16.754748;303.153085
2020-08-15 22:00;8.541939;249.566867
2020-08-15 23:00;8.463557;254.409890
2020-08-16 00:00;18.430170;198.408782
2020-08-16 01:00;3.187602;179.684739
2020-08-16 02:00;20.004223;243.446551
2020-08-16 03:00;1.439977;253.545527
2020-08-16 04:00;6.985460;355.169120
2020-08-16 05:00;10.926811;234.088135
2020-08-16 06:00;7.538317;147.854471
2020-08-16 07:00;13.643831;211.327333
2020-08-16 08:00;6.843865;235.260533
2020-08-16 09:00;16.228182;208.256618
2020-08-16 10:00;13.850736;237.696728
2020-08-16 11:00;7.961423;304.907863
2020-08-16 12:00;14.578578;316.427680
2020-08-16 13:00;21.937675;250.112526
2020-08-16 14:00;8.436196;202.437835
2020-08-16 15:00;9.668316;247.548334
2020-08-16 16:00;14.661128;229.268294
2020-08-16 17:00;19.196099;236.104871
2020-08-16 18:00;19.810027;169.456864
2020-08-16 19:00;15.088384;329.967219
2020-08-16 20:00;1.890652;248.031864
2020-08-16 21:00;22.349131;248.544763
2020-08-16 22:00;11.638399;208.856810
2020-08-16 23:00;14.813973;211.724735
2020-08-17 00:00;10.466354;295.566314
2020-08-17 01:00;21.831531;318.581175
2020-08-17 02:00;9.828288;339.471859
2020-08-17 03:00;7.513064;255.598011
2020-08-17 04:00;8.592128;311.443708
2020-08-17 05:00;9.675926;260.536046
2020-08-17 06:00;7.331978;245.250815
2020-08-17 07:00;3.504962;160.922527
2020-08-17 08:00;7.867984;320.790989
2020-08-17 09:00;4.406494;178.276563
2020-08-17 10:00;21.019389;223.134027
2020-08-17 11:00;9.344281;274.281892
2020-08-17 12:00;9.707740;120.496802
2020-08-17 13:00;1.000000;215.886933
2020-08-17 14:00;18.263991;211.852033
2020-08-17 15:00;8.212498;189.757668
2020-08-17 16:00;14.150914;234.352106
2020-08-17 17:00;1.772477;213.860542
2020-08-17 18:00;1.940259;299.558698
2020-08-17 19:00;9.472660;29.117376
2020-08-17 20:00;13.339676;246.624594
2020-08-17 21:00;7.244331;287.003416
2020-08-17 22:00;3.055978;266.247801
2020-08-17 23:00;16.908726;241.810126
2020-08-18 00:00;18.031626;335.035240
2020-08-18 01:00;18.074208;265.864478
2020-08-18 02:00;15.034768;249.882166
2020-08-18 03:00;13.915437;285.408054
2020-08-18 04:00;2.179456;48.969862
2020-08-18 05:00;3.794050;247.492658
2020-08-18 06:00;10.587561;287.037825
2020-08-18 07:00;13.089420;218.025586
2020-08-18 08:00;5.717202;138.729963
2020-08-18 09:00;16.816842;281.889469
2020-08-18 10:00;15.668226;222.466992
2020-08-18 11:00;11.170731;157.462352
2020-08-18 12:00;21.839742;338.908286
2020-08-18 13:00;3.313503;66.248611
2020-08-18 14:00;32.673952;231.567923
2020-08-18 15:00;15.964889;290.435592
2020-08-18 16:00;16.138126;243.117347
2020-08-18 17:00;2.529496;263.303603
2020-08-18 18:00;7.425637;196.158694
2020-08-18 19:00;7.826678;308.867866
2020-08-18 20:00;19.448203;258.887015
2020-08-18 21:00;23.394585;224.129882
2020-08-18 22:00;7.807384;165.237387
2020-08-18 23:00;11.203359;216.257409
2020-08-19 00:00;9.100563;253.386105
2020-08-19 01:00;17.702055;217.832819
2020-08-19 02:00;14.129150;244.531908
2020-08-19 03:00;9.250995;198.472696
2020-08-19 04:00;4.860658;126.226883
2020-08-19 05:00;8.480402;276.804449
2020-08-19 06:00;7.832460;233.665023
2020-08-19 07:00;11.414864;174.590253
2020-08-19 08:00;17.483738;213.382331
2020-08-19 09:00;17.302577;231.000374
2020-08-19 10:00;25.852752;246.938981
2020-08-19 11:00;6.493036;116.935048
2020-08-19 12:00;28.360312;242.402994
2020-08-19 13:00;17.541384;236.935103
2020-08-19 14:00;13.661994;199.853596
2020-08-19 15:00;8.724417;166.579185
2020-08-19 16:00;19.738911;199.384377
2020-08-19 17:00;13.020865;268.117598
2020-08-19 18:00;7.222242;177.540195
2020-08-19 19:00;10.195766;105.716282
2020-08-19 20:00;8.519798;25.055714
2020-08-19 21:00;24.313240;229.823686
2020-08-19 22:00;10.633157;239.012138
2020-08-19 23:00;3.013560;262.231043
2020-08-20 00:00;21.592410;250.837296
2020-08-20 01:00;11.536982;329.947619
2020-08-20 02:00;4.991145;276.846310
2020-08-20 03:00;14.063356;204.086459
2020-08-20 04:00;12.789879;231.738703
2020-08-20 05:00;24.249582;260.203924
2020-08-20 06:00;5.239854;19.743498
2020-08-20 07:00;5.507400;207.958893
2020-08-20 08:00;15.185012;214.091913
2020-08-20 09:00;4.608554;223.134257
2020-08-20 10:00;7.007850;291.015181
2020-08-20 11:00;10.612933;193.180372
2020-08-20 12:00;12.592886;283.281379
2020-08-20 13:00;7.007598;193.363680
2020-08-20 14:00;22.738758;221.500816
2020-08-20 15:00;11.522274;257.103887
2020-08-20 16:00;19.529466;212.514552
2020-08-20 17:00;10.176244;236.640640
2020-08-20 18:00;17.284981;338.624919
2020-08-20 19:00;15.445227;208.480142
2020-08-20 20:00;14.699810;297.522876
2020-08-20 21:00;22.430631;233.904560
2020-08-20 22:00;17.527737;293.840201
2020-08-20 23:00;1.057275;165.692634
2020-08-21 00:00;13.218719;277.869984
2020-08-21 01:00;8.569375;239.342109
2020-08-21 02:00;19.428943;235.397490
2020-08-21 03:00;16.509874;279.063081
2020-08-21 04:00;5.095206;271.861034
2020-08-21 05:00;22.773680;283.557731
2020-08-21 06:00;17.745931;268.927163
2020-08-21 07:00;3.774362;231.223510
2020-08-21 08:00;11.850974;224.374297
2020-08-21 09:00;13.486398;221.864686
2020-08-21 10:00;7.716942;151.008823
2020-08-21 11:00;7.859215;67.438790
2020-08-21 12:00;13.482127;268.008735
2020-08-21 13:00;3.930028;251.436012
2020-08-21 14:00;4.427255;20.890296
2020-08-21 15:00;20.583157;212.272113
2020-08-21 16:00;23.194967;225.748332
2020-08-21 17:00;16.429598;232.200019
2020-08-21 18:00;16.185826;258.004077
2020-08-21 19:00;2.742842;351.488846
2020-08-21 20:00;10.219055;185.023467
2020-08-21 21:00;6.831291;243.006099
2020-08-21 22:00;9.012103;303.260296
2020-08-21 23:00;8.872548;349.978342
2020-08-22 00:00;15.650884;203.057546
2020-08-22 01:00;15.726349;109.517275
2020-08-22 02:00;8.216573;228.600859
2020-08-22 03:00;8.197382;257.783134
2020-08-22 04:00;3.828840;174.404118
2020-08-22 05:00;9.740759;264.239960
2020-08-22 06:00;6.916378;291.980338
2020-08-22 07:00;5.389404;244.456531
2020-08-22 08:00;3.043370;174.667005
2020-08-22 09:00;10.212726;120.251379
2020-08-22 10:00;8.667507;211.046111
2020-08-22 11:00;17.495263;222.383894
2020-08-22 12:00;18.303925;249.337383
2020-08-22 13:00;8.961471;197.376906
2020-08-22 14:00;10.101111;296.344915
2020-08-22 15:00;14.738236;241.733374
2020-08-22 16:00;15.081270;316.117397
2020-08-22 17:00;18.272455;182.112018
2020-08-22 18:00;15.251527;301.663323
2020-08-22 19:00;10.778462;239.599914
2020-08-22 20:00;23.086196;275.072638
2020-08-22 21:00;7.506834;263.319225
2020-08-22 22:00;7.437200;328.172504
2020-08-22 23:00;11.606518;238.082952
2020-08-23 00:00;6.464838;128.619521
2020-08-23 01:00;13.658287;356.504791
2020-08-23 02:00;5.272193;163.415910
2020-08-23 03:00;13.428436;219.631331
2020-08-23 04:00;11.816301;261.686844
2020-08-23 05:00;6.892799;162.321345
2020-08-23 06:00;9.387540;49.334749
2020-08-23 07:00;3.793577;218.073175
2020-08-23 08:00;11.330885;254.274528
2020-08-23 09:00;8.643808;142.393262
2020-08-23 10:00;17.065835;275.065543
2020-08-23 11:00;9.750836;184.528210
2020-08-23 12:00;17.758193;64.721474
2020-08-23 13:00;20.740177;234.174452
2020-08-23 14:00;10.416104;27.166535
2020-08-23 15:00;14.123046;209.332745
2020-08-23 16:00;13.856317;254.546061
2020-08-23 17:00;9.513287;216.480931
2020-08-23 18:00;6.125616;259.951235
2020-08-23 19:00;11.185756;223.247854
2020-08-23 20:00;21.089728;249.758578
2020-08-23 21:00;3.787096;218.384056
2020-08-23 22:00;15.044563;267.815757
2020-08-23 23:00;15.194298;224.752125
2020-08-24 00:00;9.789214;197.364822
2020-08-24 01:00;9.864861;73.596640
2020-08-24 02:00;8.478102;275.156747
2020-08-24 03:00;22.878268;216.341281
2020-08-24 04:00;21.231222;236.278334
2020-08-24 05:00;13.203622;343.996714
2020-08-24 06:00;11.317224;273.823867
2020-08-24 07:00;6.963576;216.568203
2020-08-24 08:00;11.032998;131.900496
2020-08-24 09:00;11.117098;215.313509
2020-08-24 10:00;17.439014;268.211289
2020-08-24 11:00;8.906378;233.540195
2020-08-24 12:00;12.876551;270.655971
2020-08-24 13:00;11.690630;232.434209
2020-08-24 14:00;1.000000;240.417396
2020-08-24 15:00;7.201778;208.305294
2020-08-24 16:00;40.571835;235.809410
2020-08-24 17:00;13.591839;185.733410
2020-08-24 18:00;9.066451;20.826254
2020-08-24 19:00;6.517772;204.607992
2020-08-24 20:00;2.448658;241.129539
2020-08-24 21:00;2.378757;244.813029
2020-08-24 22:00;10.193900;259.635625
2020-08-24 23:00;3.546523;40.712932
2020-08-25 00:00;13.303674;223.966434
2020-08-25 01:00;2.645988;30.493627
2020-08-25 02:00;10.124031;286.207744
2020-08-25 03:00;8.183595;253.389059
2020-08-25 04:00;6.569751;204.213074
2020-08-25 05:00;4.205139;32.741203
2020-08-25 06:00;10.235159;298.527922
2020-08-25 07:00;10.803222;272.508312
2020-08-25 08:00;20.528817;229.714659
2020-08-25 09:00;8.222806;324.739495
2020-08-25 10:00;8.454765;300.464198
2020-08-25 11:00;4.187646;285.269265
2020-08-25 12:00;4.897245;256.754431
2020-08-25 13:00;12.034789;8.627031
2020-08-25 14:00;13.372841;341.451155
2020-08-25 15:00;3.982080;273.669480
2020-08-25 16:00;9.008256;238.370473
2020-08-25 17:00;4.386684;238.430553
2020-08-25 18:00;15.674936;168.521514
2020-08-25 19:00;16.068456;201.623537
2020-08-25 20:00;10.450659;170.162209
2020-08-25 21:00;18.851403;242.355164
2020-08-25 22:00;7.712823;235.844384
2020-08-25 23:00;26.668282;175.946849
2020-08-26 00:00;9.302254;237.935599
2020-08-26 01:00;11.688229;208.662405
2020-08-26 02:00;9.724758;154.606430
2020-08-26 03:00;9.696879;31.881046
2020-08-26 04:00;9.402464;302.880024
2020-08-26 05:00;6.255626;217.234644
2020-08-26 06:00;10.195795;261.814699
2020-08-26 07:00;8.014323;238.825741
2020-08-26 08:00;3.269564;225.691209
2020-08-26 09:00;12.468446;314.622684
2020-08-26 10:00;1.712399;142.262585
2020-08-26 11:00;6.024038;0.198006
2020-08-26 12:00;8.243148;194.551586
2020-08-26 13:00;18.851971;201.407741
2020-08-26 14:00;13.970954;179.647190
2020-08-26 15:00;6.283961;111.384194
2020-08-26 16:00;3.755978;104.562888
2020-08-26 17:00;3.261779;343.326126
2020-08-26 18:00;18.268422;247.616699
2020-08-26 19:00;17.561995;214.615058
2020-08-26 20:00;9.727188;313.192315
2020-08-26 21:00;12.305812;207.564883
2020-08-26 22:00;14.930984;238.795374
2020-08-26 23:00;12.108421;94.098096
2020-08-27 00:00;8.943708;200.343933
2020-08-27 01:00;9.183473;52.084283
2020-08-27 02:00;17.006069;262.680142
2020-08-27 03:00;7.096050;319.332417
2020-08-27 04:00;24.724245;320.857996
2020-08-27 05:00;15.821845;271.987431
2020-08-27 06:00;7.427933;74.679149
2020-08-27 07:00;17.566169;299.857452
2020-08-27 08:00;13.262349;162.439387
2020-08-27 09:00;24.986725;302.643142
2020-08-27 10:00;16.709692;276.336115
2020-08-27 11:00;13.840281;251.623135
2020-08-27 12:00;9.302265;237.799386
2020-08-27 13:00;6.494745;303.880433
2020-08-27 14:00;12.098657;263.225951
2020-08-27 15:00;15.696784;5.031642
2020-08-27 16:00;2.646193;249.503118
2020-08-27 17:00;12.672047;246.230036
2020-08-27 18:00;21.452654;245.741694
2020-08-27 19:00;17.216011;193.255707
2020-08-27 20:00;14.746721;238.040219
2020-08-27 21:00;10.879872;264.795924
2020-08-27 22:00;2.924179;250.558921
2020-08-27 23:00;14.699952;294.619710
2020-08-28 00:00;5.662476;246.794387
2020-08-28 01:00;10.593873;115.285180
2020-08-28 02:00;13.196655;254.435783
2020-08-28 03:00;3.768487;29.897321
2020-08-28 04:00;10.433714;223.581752
2020-08-28 05:00;19.306675;261.026398
2020-08-28 06:00;2.899177;268.661664
2020-08-28 07:00;20.085763;219.507443
2020-08-28 08:00;15.163919;29.152755
2020-08-28 09:00;7.319073;275.516962
2020-08-28 10:00;16.865533;198.473321
2020-08-28 11:00;19.563625;239.025107
2020-08-28 12:00;8.060985;267.095873
2020-08-28 13:00;15.038508;260.512772
2020-08-28 14:00;7.268557;181.591751
2020-08-28 15:00;2.413000;340.569083
2020-08-28 16:00;22.692943;196.351123
2020-08-28 17:00;13.853860;244.462477
2020-08-28 18:00;24.049575;222.681566
2020-08-28 19:00;13.671556;165.179991
2020-08-28 20:00;26.275763;292.279300
2020-08-28 21:00;8.302327;125.926658
2020-08-28 22:00;11.847077;337.348524
2020-08-28 23:00;2.904494;84.679928
2020-08-29 00:00;16.495396;238.763089
2020-08-29 01:00;12.188799;39.206245
2020-08-29 02:00;13.602822;267.604634
2020-08-29 03:00;4.613708;236.046897
2020-08-29 04:00;11.341709;212.474102
2020-08-29 05:00;11.369019;275.575147
2020-08-29 06:00;13.597325;304.830137
2020-08-29 07:00;4.392485;204.626602
2020-08-29 08:00;15.869836;215.799457
2020-08-29 09:00;16.233434;221.381988
2020-08-29 10:00;21.275160;237.808266
2020-08-29 11:00;7.064449;251.574791
2020-08-29 12:00;8.979729;308.090139
2020-08-29 13:00;6.184617;264.326570
2020-08-29 14:00;5.337385;182.447783
2020-08-29 15:00;13.372077;191.549536
2020-08-29 16:00;7.565815;231.440265
2020-08-29 17:00;17.190665;241.847607
2020-08-29 18:00;2.249301;253.423007
2020-08-29 19:00;4.728013;166.334547
2020-08-29 20:00;8.182842;84.613363
2020-08-29 21:00;14.128268;133.318386
2020-08-29 22:00;7.370458;323.212109
2020-08-29 23:00;20.652969;235.003885
2020-08-30 00:00;9.779736;237.694852
2020-08-30 01:00;12.682746;194.770045
2020-08-30 02:00;19.403022;277.599647
2020-08-30 03:00;12.373795;230.938212
2020-08-30 04:00;24.957910;209.545921
2020-08-30 05:00;7.056420;196.841330
2020-08-30 06:00;13.801877;262.327529
2020-08-30 07:00;12.984925;246.411227
2020-08-30 08:00;14.029263;233.296971
2020-08-30 09:00;20.080436;245.661569
2020-08-30 10:00;1.299662;233.388086
2020-08-30 11:00;10.635402;258.474013
2020-08-30 12:00;8.028995;211.014947
2020-08-30 13:00;21.972946;284.662267
2020-08-30 14:00;3.281074;271.464827
2020-08-30 15:00;16.906661;265.062138
2020-08-30 16:00;4.521443;102.668495
2020-08-30 17:00;16.396144;93.521192
2020-08-30 18:00;8.821878;76.459668
2020-08-30 19:00;1.443454;357.558503
2020-08-30 20:00;10.493607;306.323233
2020-08-30 21:00;16.815947;272.237445
2020-08-30 22:00;9.138875;327.607641
2020-08-30 23:00;3.609441;297.296927
2020-08-31 00:00;3.734046;291.056719
2020-08-31 01:00;10.329949;19.509743
2020-08-31 02:00;15.781730;294.441987
2020-08-31 03:00;8.026314;231.711735
2020-08-31 04:00;7.219065;271.454183
2020-08-31 05:00;7.696542;261.459457
2020-08-31 06:00;8.611057;238.833945
2020-08-31 07:00;13.065231;264.018192
2020-08-31 08:00;5.435588;268.165222
2020-08-31 09:00;11.883440;90.501801
2020-08-31 10:00;3.036866;245.242108
2020-08-31 11:00;14.320233;207.181452
2020-08-31 12:00;9.085499;329.141203
2020-08-31 13:00;6.623740;356.104856
2020-08-31 14:00;13.370991;206.235334
2020-08-31 15:00;7.020223;244.583473
2020-08-31 16:00;11.889241;276.411354
2020-08-31 17:00;9.833443;222.731311
2020-08-31 18:00;25.274601;67.238147
2020-08-31 19:00;12.173044;118.373627
2020-08-31 20:00;3.819900;252.060955
2020-08-31 21:00;14.282376;228.655636
2020-08-31 22:00;27.276196;111.157226
2020-08-31 23:00;18.874609;199.748500
2020-09-01 00:00;23.845757;245.803259
2020-09-01 01:00;9.930747;286.129197
2020-09-01 02:00;9.291737;268.713494
2020-09-01 03:00;11.005960;174.078087
2020-09-01 04:00;13.028381;214.875914
2020-09-01 05:00;10.841607;108.394906
2020-09-01 06:00;10.269973;225.666767
2020-09-01 07:00;15.710816;173.369106
2020-09-01 08:00;22.009766;196.814618
2020-09-01 09:00;1.842291;267.769170
2020-09-01 10:00;26.496337;241.705478
2020-09-01 11:00;4.893794;120.717018
2020-09-01 12:00;4.685267;274.469162
2020-09-01 13:00;10.779660;187.324424
2020-09-01 14:00;10.947827;236.042646
2020-09-01 15:00;1.875420;179.951335
2020-09-01 16:00;9.980859;256.367665
2020-09-01 17:00;16.322331;214.675751
2020-09-01 18:00;9.714507;228.503338
2020-09-01 19:00;11.782319;199.587076
2020-09-01 20:00;20.185963;163.753581
2020-09-01 21:00;18.981463;285.928621
2020-09-01 22:00;2.191462;201.706288
2020-09-01 23:00;18.315338;212.400871
2020-09-02 00:00;9.702453;237.679498
2020-09-02 01:00;9.962344;269.993683
2020-09-02 02:00;5.471427;219.605871
2020-09-02 03:00;11.458174;21.204630
2020-09-02 04:00;8.577185;322.694050
2020-09-02 05:00;11.719380;254.015666
2020-09-02 06:00;10.109674;124.311002
2020-09-02 07:00;1.001820;280.287757
2020-09-02 08:00;8.616429;209.429442
2020-09-02 09:00;14.158661;224.953651
2020-09-02 10:00;5.746545;259.283295
2020-09-02 11:00;3.844782;254.960647
2020-09-02 12:00;17.721939;185.470238
2020-09-02 13:00;7.265885;311.538643
2020-09-02 14:00;6.385154;261.549882
2020-09-02 15:00;6.456798;272.350603
2020-09-02 16:00;8.802539;240.246694
2020-09-02 17:00;8.892486;292.133511
2020-09-02 18:00;15.071320;219.759430
2020-09-02 19:00;7.971660;238.037522
2020-09-02 20:00;13.056906;238.664532
2020-09-02 21:00;2.569738;169.472385
2020-09-02 22:00;26.629883;192.071552
2020-09-02 23:00;7.104726;270.527813
2020-09-03 00:00;3.440864;217.244701
2020-09-03 01:00;4.775366;219.754243
2020-09-03 02:00;5.771643;250.139750
2020-09-03 03:00;5.801960;353.687433
2020-09-03 04:00;10.216058;260.901446
2020-09-03 05:00;1.708831;314.538911
2020-09-03 06:00;3.040053;254.388371
2020-09-03 07:00;12.305996;258.126262
2020-09-03 08:00;3.413312;349.837700
2020-09-03 09:00;12.324439;248.553038
2020-09-03 10:00;7.514094;208.254828
2020-09-03 11:00;32.121033;308.323017
2020-09-03 12:00;5.232882;205.782723
2020-09-03 13:00;7.054479;217.084616
2020-09-03 14:00;13.217884;230.819936
2020-09-03 15:00;9.116615;101.347973
2020-09-03 16:00;10.234962;310.189843
2020-09-03 17:00;4.088381;239.989847
2020-09-03 18:00;15.133998;224.677347
2020-09-03 19:00;9.065667;288.142394
2020-09-03 20:00;7.830377;223.169776
2020-09-03 21:00;15.295340;235.783356
2020-09-03 22:00;10.702797;160.258110
2020-09-03 23:00;11.862725;304.197062
2020-09-04 00:00;2.694994;224.482585
2020-09-04 01:00;8.293976;193.514832
2020-09-04 02:00;9.299030;227.139375
2020-09-04 03:00;4.355394;204.646340
2020-09-04 04:00;10.352709;215.856365
2020-09-04 05:00;4.546947;250.380265
2020-09-04 06:00;8.130941;227.950846
2020-09-04 07:00;11.882315;196.168701
2020-09-04 08:00;23.187213;239.110489
2020-09-04 09:00;6.671431;200.187774
2020-09-04 10:00;19.437962;168.977746
2020-09-04 11:00;23.409193;264.790757
2020-09-04 12:00;9.671165;54.451808
2020-09-04 13:00;7.901371;302.542669
2020-09-04 14:00;17.911011;209.763441
2020-09-04 15:00;5.563275;240.656468
2020-09-04 16:00;11.973933;112.405506
2020-09-04 17:00;19.043279;278.645617
2020-09-04 18:00;10.909584;262.833082
2020-09-04 19:00;1.737745;31.489532
2020-09-04 20:00;16.475590;280.949777
2020-09-04 21:00;5.903652;225.848788
2020-09-04 22:00;5.978573;153.937881
2020-09-04 23:00;18.649800;247.369761
2020-09-05 00:00;2.001594;185.206770
2020-09-05 01:00;20.640760;326.254636
2020-09-05 02:00;20.246512;223.951586
2020-09-05 03:00;3.336729;255.525310
2020-09-05 04:00;11.075135;272.326447
2020-09-05 05:00;2.734130;276.252376
2020-09-05 06:00;4.855467;214.122049
2020-09-05 07:00;7.852390;221.476932
2020-09-05 08:00;5.115793;243.011251
2020-09-05 09:00;6.191711;289.289486
2020-09-05 10:00;19.986282;256.471926
2020-09-05 11:00;7.990432;238.566877
2020-09-05 12:00;14.876795;248.605012
2020-09-05 13:00;16.172328;279.129628
2020-09-05 14:00;6.836383;302.533996
2020-09-05 15:00;16.491896;235.791829
2020-09-05 16:00;5.584246;218.474786
2020-09-05 17:00;22.305614;219.229938
2020-09-05 18:00;13.700304;163.095986
2020-09-05 19:00;10.958297;271.175408
2020-09-05 20:00;10.814322;257.421418
2020-09-05 21:00;4.215441;264.956392
2020-09-05 22:00;5.061627;286.526144
2020-09-05 23:00;1.606606;232.187844
2020-09-06 00:00;13.987357;278.459732
2020-09-06 01:00;7.335118;256.238055
2020-09-06 02:00;12.913166;224.186419
2020-09-06 03:00;21.797262;223.004218
2020-09-06 04:00;19.481877;228.956035
2020-09-06 05:00;13.254941;243.369418
2020-09-06 06:00;4.352568;273.230346
2020-09-06 07:00;2.863170;57.400510
2020-09-06 08:00;8.492643;156.636305
2020-09-06 09:00;13.192428;277.020728
2020-09-06 10:00;8.315827;249.393483
2020-09-06 11:00;12.079935;252.269365
2020-09-06 12:00;18.109561;235.696800
2020-09-06 13:00;1.174307;310.088289
2020-09-06 14:00;17.577174;297.187190
2020-09-06 15:00;8.872978;211.501774
2020-09-06 16:00;3.690549;270.483295
2020-09-06 17:00;14.306821;248.409109
2020-09-06 18:00;22.123064;232.061590
2020-09-06 19:00;3.917847;265.905742
2020-09-06 20:00;17.101536;246.319134
2020-09-06 21:00;17.771541;245.594588
2020-09-06 22:00;5.052419;232.078324
2020-09-06 23:00;23.068237;236.725444
2020-09-07 00:00;23.421724;307.356592
2020-09-07 01:00;5.703858;4.696889
2020-09-07 02:00;17.595022;237.136988
2020-09-07 03:00;3.556839;270.779736
2020-09-07 04:00;26.523652;296.143276
2020-09-07 05:00;3.843011;58.659254
2020-09-07 06:00;12.735226;198.484188
2020-09-07 07:00;13.605514;214.449657
2020-09-07 08:00;5.654431;255.001042
2020-09-07 09:00;21.587249;222.713492
2020-09-07 10:00;3.152031;201.493764
2020-09-07 11:00;8.427642;229.236671
2020-09-07 12:00;6.699053;239.489137
2020-09-07 13:00;16.644935;143.246571
2020-09-07 14:00;7.249364;207.620921
2020-09-07 15:00;2.934376;35.873840
2020-09-07 16:00;23.160930;8.927772
2020-09-07 17:00;21.643263;264.155974
2020-09-07 18:00;6.075430;279.748702
2020-09-07 19:00;10.209634;258.433153
2020-09-07 20:00;6.132221;243.927006
2020-09-07 21:00;2.654996;314.967253
2020-09-07 22:00;18.988024;238.324069
2020-09-07 23:00;18.439215;297.629190
2020-09-08 00:00;14.078115;221.790358
2020-09-08 01:00;1.961781;280.565200
2020-09-08 02:00;3.208883;205.392687
2020-09-08 03:00;12.193323;14.361224
2020-09-08 04:00;7.651167;217.257846
2020-09-08 05:00;7.897707;228.943128
2020-09-08 06:00;19.052518;230.924580
2020-09-08 07:00;7.159048;153.525267
2020-09-08 08:00;16.066349;143.383566
2020-09-08 09:00;17.757275;308.600138
2020-09-08 10:00;11.993517;265.182992
2020-09-08 11:00;5.016414;191.628733
2020-09-08 12:00;20.240226;208.889904
2020-09-08 13:00;4.387774;298.312854
2020-09-08 14:00;6.025088;203.952722
2020-09-08 15:00;16.689793;25.026307
2020-09-08 16:00;12.180403;197.024617
2020-09-08 17:00;5.599763;255.892538
2020-09-08 18:00;23.432271;204.701333
2020-09-08 19:00;6.058067;307.164207
2020-09-08 20:00;9.711527;234.344028
2020-09-08 21:00;9.830456;258.669954
2020-09-08 22:00;9.410967;209.374408
2020-09-08 23:00;18.648029;249.674448
2020-09-09 00:00;14.822796;253.463466
2020-09-09 01:00;2.435660;202.254933
2020-09-09 02:00;5.446005;269.654221
2020-09-09 03:00;7.237531;211.841668
2020-09-09 04:00;6.210208;250.781074
2020-09-09 05:00;14.874097;207.903851
2020-09-09 06:00;19.504186;271.730449
2020-09-09 07:00;4.122777;98.533010
2020-09-09 08:00;2.189102;35.212559
2020-09-09 09:00;22.041229;235.983439
2020-09-09 10:00;5.669909;90.269697
2020-09-09 11:00;13.918834;212.210542
2020-09-09 12:00;9.431541;240.890183
2020-09-09 13:00;9.979968;62.095002
2020-09-09 14:00;21.463643;230.012898
2020-09-09 15:00;2.777559;144.790141
2020-09-09 16:00;11.272480;242.115960
2020-09-09 17:00;20.276693;206.592507
2020-09-09 18:00;17.946950;198.716713
2020-09-09 19:00;12.358347;338.816253
2020-09-09 20:00;7.996295;225.785637
2020-09-09 21:00;9.669748;220.407135
2020-09-09 22:00;7.778749;250.812988
2020-09-09 23:00;5.056775;271.036341
2020-09-10 00:00;22.263358;255.448904
2020-09-10 01:00;21.695462;231.513293
2020-09-10 02:00;6.458141;282.599226
2020-09-10 03:00;20.510513;206.624246
2020-09-10 04:00;10.817099;224.908997
2020-09-10 05:00;1.000000;135.310852
2020-09-10 06:00;9.354952;239.146609
2020-09-10 07:00;1.550000;221.844972
2020-09-10 08:00;20.473485;279.640826
2020-09-10 09:00;12.664859;223.198752
2020-09-10 10:00;7.815527;187.347080
2020-09-10 11:00;5.267480;320.303640
2020-09-10 12:00;24.706903;254.631445
2020-09-10 13:00;3.357808;36.504772
2020-09-10 14:00;8.196106;184.843535
2020-09-10 15:00;19.545738;192.985111
2020-09-10 16:00;17.348616;279.201649
2020-09-10 17:00;6.036499;240.408457
2020-09-10 18:00;11.785887;258.046920
2020-09-10 19:00;10.164225;190.313703
2020-09-10 20:00;7.687461;216.517332
2020-09-10 21:00;23.385079;306.978387
2020-09-10 22:00;8.906459;267.242297
2020-09-10 23:00;19.322321;230.097716
2020-09-11 00:00;8.846150;227.412142
2020-09-11 01:00;24.441008;230.012694
2020-09-11 02:00;18.685567;279.989560
2020-09-11 03:00;3.420556;286.737583
2020-09-11 04:00;14.510784;252.861342
2020-09-11 05:00;20.739148;271.675923
2020-09-11 06:00;12.307170;231.369383
2020-09-11 07:00;5.580568;87.395827
2020-09-11 08:00;23.603615;326.463626
2020-09-11 09:00;19.271966;255.925700
2020-09-11 10:00;21.120379;25.591649
2020-09-11 11:00;13.396053;233.021116
2020-09-11 12:00;4.683941;244.395515
2020-09-11 13:00;2.996027;38.099997
2020-09-11 14:00;16.548607;226.367655
2020-09-11 15:00;15.504528;226.157278
2020-09-11 16:00;23.070145;341.686390
2020-09-11 17:00;7.162217;271.037495
2020-09-11 18:00;22.023937;288.217137
2020-09-11 19:00;17.561216;259.461356
2020-09-11 20:00;15.522480;81.124694
2020-09-11 21:00;23.312917;256.314250
2020-09-11 22:00;26.252987;243.193047
2020-09-11 23:00;1.000000;23.246044
2020-09-12 00:00;27.472281;261.310870
2020-09-12 01:00;7.702582;182.045595
2020-09-12 02:00;11.283871;204.421575
2020-09-12 03:00;16.896522;267.063202
2020-09-12 04:00;11.385935;270.614515
2020-09-12 05:00;7.223635;231.484182
2020-09-12 06:00;9.217478;170.458111
2020-09-12 07:00;16.880726;194.258592
2020-09-12 08:00;4.958117;357.245832
2020-09-12 09:00;5.250485;149.556312
2020-09-12 10:00;11.659752;263.535818
2020-09-12 11:00;22.410532;226.341377
2020-09-12 12:00;15.326516;220.179898
2020-09-12 13:00;3.578476;274.708074
2020-09-12 14:00;14.167262;236.090862
2020-09-12 15:00;22.617667;244.010281
2020-09-12 16:00;9.112134;8.934091
2020-09-12 17:00;11.100411;223.377020
2020-09-12 18:00;8.917901;286.027647
2020-09-12 19:00;7.284854;286.831466
2020-09-12 20:00;9.615299;203.627526
2020-09-12 21:00;20.856410;256.587438
2020-09-12 22:00;10.742332;242.432893
2020-09-12 23:00;5.758680;312.832928
2020-09-13 00:00;12.707631;104.622291
2020-09-13 01:00;11.031731;237.354640
2020-09-13 02:00;13.274473;125.473258
2020-09-13 03:00;28.847108;266.195482
2020-09-13 04:00;13.941981;295.035967
2020-09-13 05:00;15.123284;236.243027
2020-09-13 06:00;13.630229;245.360201
2020-09-13 07:00;16.642792;257.936976
2020-09-13 08:00;17.681932;282.009503
2020-09-13 09:00;15.601917;165.396469
2020-09-13 10:00;18.278068;227.904599
2020-09-13 11:00;8.847914;297.598336
2020-09-13 12:00;12.887504;226.584083
2020-09-13 13:00;8.275715;146.379655
2020-09-13 14:00;9.153767;208.530270
2020-09-13 15:00;14.575187;229.879814
2020-09-13 16:00;6.306558;313.345801
2020-09-13 17:00;3.643042;280.700359
2020-09-13 18:00;8.093018;102.762365
2020-09-13 19:00;12.972881;208.221335
2020-09-13 20:00;10.847576;272.979719
2020-09-13 21:00;11.408881;281.511119
2020-09-13 22:00;12.991271;221.055462
2020-09-13 23:00;5.673588;208.746900
2020-09-14 00:00;6.627126;267.108346
2020-09-14 01:00;1.722998;280.894545
2020-09-14 02:00;16.325036;234.779158
2020-09-14 03:00;8.853626;85.404906
2020-09-14 04:00;13.551862;257.844175
2020-09-14 05:00;12.455612;171.722735
2020-09-14 06:00;7.700270;292.463351
2020-09-14 07:00;17.367411;225.417092
2020-09-14 08:00;17.265006;236.916494
2020-09-14 09:00;8.293770;274.955313
2020-09-14 10:00;22.810134;162.441282
2020-09-14 11:00;3.792601;318.610003
2020-09-14 12:00;17.599060;257.913353
2020-09-14 13:00;9.805854;171.605384
2020-09-14 14:00;10.717768;218.726003
2020-09-14 15:00;4.498332;109.709000
2020-09-14 16:00;14.939691;243.425542
2020-09-14 17:00;14.519195;206.945478
2020-09-14 18:00;20.058280;230.538082
2020-09-14 19:00;16.913230;254.972872
2020-09-14 20:00;9.099068;123.599046
2020-09-14 21:00;12.389727;247.514599
2020-09-14 22:00;7.597349;287.568328
2020-09-14 23:00;14.111673;230.918120
2020-09-15 00:00;1.916171;162.373997
2020-09-15 01:00;6.993354;303.168802
2020-09-15 02:00;12.364546;111.030943
2020-09-15 03:00;4.211913;274.916407
2020-09-15 04:00;4.658190;232.532390
2020-09-15 05:00;19.195785;234.208022
2020-09-15 06:00;15.592583;41.007996
2020-09-15 07:00;7.107334;233.162506
2020-09-15 08:00;15.503213;280.141392
2020-09-15 09:00;19.801857;235.957553
2020-09-15 10:00;6.179201;260.539320
2020-09-15 11:00;10.864113;129.170903
2020-09-15 12:00;16.864201;204.346391
2020-09-15 13:00;8.602947;357.689818
2020-09-15 14:00;11.113724;268.112901
2020-09-15 15:00;9.067154;145.499964
2020-09-15 16:00;1.082570;204.870586
2020-09-15 17:00;6.251232;172.161609
2020-09-15 18:00;19.650505;247.937339
2020-09-15 19:00;10.315271;271.319435
2020-09-15 20:00;10.948934;246.627126
2020-09-15 21:00;10.238298;247.310742
2020-09-15 22:00;4.977204;74.991653
2020-09-15 23:00;12.804850;146.321671
2020-09-16 00:00;14.004068;216.096890
2020-09-16 01:00;6.215247;209.296899
2020-09-16 02:00;12.417998;20.633739
2020-09-16 03:00;9.894410;260.093493
2020-09-16 04:00;13.329587;202.593944
2020-09-16 05:00;8.966050;259.029051
2020-09-16 06:00;2.310760;205.723785
2020-09-16 07:00;9.762101;261.200314
2020-09-16 08:00;15.849441;297.350975
2020-09-16 09:00;12.565249;94.505700
2020-09-16 10:00;13.850607;212.206067
2020-09-16 11:00;13.832633;148.282237
2020-09-16 12:00;13.985503;186.055173
2020-09-16 13:00;6.887618;210.216058
2020-09-16 14:00;8.745967;86.938118
2020-09-16 15:00;3.051710;74.530335
2020-09-16 16:00;9.486625;254.420383
2020-09-16 17:00;6.024989;220.838265
2020-09-16 18:00;4.290150;230.011496
2020-09-16 19:00;2.817766;233.673661
2020-09-16 20:00;8.094210;309.826952
2020-09-16 21:00;16.061941;229.894283
2020-09-16 22:00;8.593173;311.230589
2020-09-16 23:00;23.566855;246.266308
2020-09-17 00:00;14.583488;4.414617
2020-09-17 01:00;3.389945;282.473810
2020-09-17 02:00;1.000000;226.358321
2020-09-17 03:00;15.249948;219.789475
2020-09-17 04:00;14.576689;283.738828
2020-09-17 05:00;2.115655;269.268882
2020-09-17 06:00;17.428255;240.404161
2020-09-17 07:00;3.703653;257.319043
2020-09-17 08:00;15.918270;330.468589
2020-09-17 09:00;11.365370;102.360357
2020-09-17 10:00;20.923610;237.536665
2020-09-17 11:00;10.018356;255.769755
2020-09-17 12:00;7.344061;230.476651
2020-09-17 13:00;9.097045;211.320698
2020-09-17 14:00;13.467422;326.733389
2020-09-17 15:00;12.628517;321.096595
2020-09-17 16:00;12.021930;275.244927
2020-09-17 17:00;6.174690;286.332066
2020-09-17 18:00;19.449547;215.993520
2020-09-17 19:00;6.646894;160.943119
2020-09-17 20:00;3.827910;253.257768
2020-09-17 21:00;7.410265;270.050650
2020-09-17 22:00;19.188738;68.283393
2020-09-17 23:00;4.373439;287.950818
2020-09-18 00:00;12.508317;253.566369
2020-09-18 01:00;19.427546;272.174695
2020-09-18 02:00;18.730966;296.399909
2020-09-18 03:00;8.192155;262.318410
2020-09-18 04:00;9.628375;209.457430
2020-09-18 05:00;19.854196;301.779479
2020-09-18 06:00;21.357560;219.117088
2020-09-18 07:00;12.477937;237.133101
2020-09-18 08:00;4.106308;238.389175
2020-09-18 09:00;8.656961;305.882793
2020-09-18 10:00;17.715421;242.382107
2020-09-18 11:00;8.388136;240.790745
2020-09-18 12:00;2.924798;259.854101
2020-09-18 13:00;14.207753;224.705254
2020-09-18 14:00;10.644165;279.864420
2020-09-18 15:00;6.264057;160.106796
2020-09-18 16:00;1.380925;265.717342
2020-09-18 17:00;12.152358;243.059741
2020-09-18 18:00;22.576965;261.026017
2020-09-18 19:00;13.670921;302.583622
2020-09-18 20:00;14.744600;49.838772
2020-09-18 21:00;1.553352;205.097686
2020-09-18 22:00;20.360320;225.562084
2020-09-18 23:00;21.071283;263.639718
2020-09-19 00:00;11.962818;232.445301
2020-09-19 01:00;15.011111;225.021483
2020-09-19 02:00;11.561786;281.001478
2020-09-19 03:00;7.884565;249.871533
2020-09-19 04:00;10.580757;254.631445
2020-09-19 05:00;14.648624;240.927043
2020-09-19 06:00;15.081100;267.741782
2020-09-19 07:00;7.157215;168.753970
2020-09-19 08:00;2.095224;257.672415
2020-09-19 09:00;9.924765;263.989795
2020-09-19 10:00;26.044875;248.010498
2020-09-19 11:00;6.391318;202.504098
2020-09-19 12:00;9.096769;223.646998
2020-09-19 13:00;6.148177;237.974613
2020-09-19 14:00;18.347903;189.598379
2020-09-19 15:00;16.367265;234.911422
2020-09-19 16:00;10.711802;247.063012
2020-09-19 17:00;18.071565;239.587319
2020-09-19 18:00;12.862738;78.752568
2020-09-19 19:00;3.567268;228.516680
2020-09-19 20:00;6.683423;96.903252
2020-09-19 21:00;13.724472;195.865801
2020-09-19 22:00;6.686026;192.748619
2020-09-19 23:00;5.462991;237.223951
2020-09-20 00:00;9.021953;213.767951
2020-09-20 01:00;5.465515;311.084616
2020-09-20 02:00;7.010516;244.089128
2020-09-20 03:00;14.169071;249.940756
2020-09-20 04:00;3.449081;238.446761
2020-09-20 05:00;3.702818;282.176444
2020-09-20 06:00;17.699527;268.117041
2020-09-20 07:00;10.084662;258.372184
2020-09-20 08:00;13.483722;6.586595
2020-09-20 09:00;13.813176;227.918970
2020-09-20 10:00;3.347043;177.275516
2020-09-20 11:00;9.710650;260.004031
2020-09-20 12:00;11.899328;149.484652
2020-09-20 13:00;13.379583;304.883813
2020-09-20 14:00;6.130479;274.188006
2020-09-20 15:00;9.463619;19.959281
2020-09-20 16:00;5.801011;12.700661
2020-09-20 17:00;13.335341;0.135546
2020-09-20 18:00;3.996510;223.052217
2020-09-20 19:00;13.493686;40.789494
2020-09-20 20:00;17.728579;251.733723
2020-09-20 21:00;12.192917;227.251312
2020-09-20 22:00;19.252336;151.364799
2020-09-20 23:00;12.443129;226.679386
2020-09-21 00:00;7.040441;52.404723
2020-09-21 01:00;8.835005;137.939733
2020-09-21 02:00;6.304036;290.643680
2020-09-21 03:00;21.888527;239.259924
2020-09-21 04:00;9.637581;213.837396
2020-09-21 05:00;8.719934;233.598005
2020-09-21 06:00;25.250799;105.156951
2020-09-21 07:00;18.670652;211.785224
2020-09-21 08:00;5.596546;358.482625
2020-09-21 09:00;13.503287;265.344214
2020-09-21 10:00;5.778371;196.076975
2020-09-21 11:00;9.336225;277.834349
2020-09-21 12:00;6.469846;217.855139
2020-09-21 13:00;17.631314;197.678285
2020-09-21 14:00;1.339428;291.881471
2020-09-21 15:00;4.064593;204.349194
2020-09-21 16:00;15.520853;238.881823
2020-09-21 17:00;14.053551;255.511819
2020-09-21 18:00;12.982416;272.405500
2020-09-21 19:00;10.589403;211.570864
2020-09-21 20:00;7.481113;347.064136
2020-09-21 21:00;4.921171;172.128117
2020-09-21 22:00;18.929423;248.198229
2020-09-21 23:00;9.454240;202.353089
2020-09-22 00:00;29.849620;241.564419
2020-09-22 01:00;10.372660;267.673517
2020-09-22 02:00;9.424271;230.849159
2020-09-22 03:00;21.126058;275.619491
2020-09-22 04:00;8.030238;246.882528
2020-09-22 05:00;5.727820;262.560993
2020-09-22 06:00;10.132662;258.213073
2020-09-22 07:00;16.624921;230.049493
2020-09-22 08:00;15.792560;296.964550
2020-09-22 09:00;8.453796;186.601568
2020-09-22 10:00;10.843440;247.727163
2020-09-22 11:00;8.895753;251.437070
2020-09-22 12:00;9.269196;181.869319
2020-09-22 13:00;12.046502;231.249303
2020-09-22 14:00;13.421372;219.990885
2020-09-22 15:00;12.748050;209.464806
2020-09-22 16:00;6.541163;250.732971
2020-09-22 17:00;9.322430;248.057253
2020-09-22 18:00;5.294138;242.864682
2020-09-22 19:00;4.647569;247.333611
2020-09-22 20:00;10.824915;192.478076
2020-09-22 21:00;20.159531;254.504579
2020-09-22 22:00;17.886023;198.518815
2020-09-22 23:00;13.523551;225.215243
2020-09-23 00:00;15.583995;220.653138
2020-09-23 01:00;12.422758;25.354698
2020-09-23 02:00;14.857204;260.094534
2020-09-23 03:00;7.801462;19.760037
2020-09-23 04:00;17.217354;228.688291
2020-09-23 05:00;10.110455;74.389996
2020-09-23 06:00;8.529062;212.685932
2020-09-23 07:00;13.530864;327.145558
2020-09-23 08:00;8.493087;297.821713
2020-09-23 09:00;7.660507;37.740289
2020-09-23 10:00;2.432057;202.802092
2020-09-23 11:00;3.473605;243.625635
2020-09-23 12:00;34.688112;227.385554
2020-09-23 13:00;7.041582;249.456042
2020-09-23 14:00;1.317055;306.637642
2020-09-23 15:00;5.542833;220.511484
2020-09-23 16:00;10.945879;212.936610
2020-09-23 17:00;8.346325;139.490646
2020-09-23 18:00;9.170375;225.474837
2020-09-23 19:00;3.537594;201.801381
2020-09-23 20:00;7.114929;167.560483
2020-09-23 21:00;9.912025;193.953732
2020-09-23 22:00;2.785422;217.453827
2020-09-23 23:00;4.777096;172.789397
2020-09-24 00:00;10.219382;255.920072
2020-09-24 01:00;13.424044;246.227411
2020-09-24 02:00;30.657013;292.049577
2020-09-24 03:00;4.087114;258.464701
2020-09-24 04:00;5.731694;229.608496
2020-09-24 05:00;6.704630;243.799878
2020-09-24 06:00;10.168023;317.743096
2020-09-24 07:00;10.828368;247.250036
2020-09-24 08:00;4.156537;268.732476
2020-09-24 09:00;8.222093;289.751271
2020-09-24 10:00;15.063253;209.563372
2020-09-24 11:00;17.051341;268.570221
2020-09-24 12:00;14.750931;256.759523
2020-09-24 13:00;3.918642;229.009575
2020-09-24 14:00;5.158622;292.009697
2020-09-24 15:00;13.098641;210.181710
2020-09-24 16:00;14.144233;230.788393
2020-09-24 17:00;34.033451;228.992095
2020-09-24 18:00;16.201620;193.696433
2020-09-24 19:00;15.364562;278.291521
2020-09-24 20:00;9.893784;232.450969
2020-09-24 21:00;20.451176;151.869135
2020-09-24 22:00;7.856803;218.162469
2020-09-24 23:00;10.776389;212.978959
2020-09-25 00:00;5.510735;289.140708
2020-09-25 01:00;17.418945;313.442022
2020-09-25 02:00;5.797949;282.518349
2020-09-25 03:00;17.784978;247.363571
2020-09-25 04:00;19.294533;256.002658
2020-09-25 05:00;11.974287;207.957270
2020-09-25 06:00;9.056917;264.035184
2020-09-25 07:00;10.395949;227.410829
2020-09-25 08:00;14.427422;236.654874
2020-09-25 09:00;16.798337;235.357386
2020-09-25 10:00;7.185264;202.623907
2020-09-25 11:00;3.967725;293.759664
2020-09-25 12:00;13.941886;226.558885
2020-09-25 13:00;11.231480;57.394381
2020-09-25 14:00;4.313338;280.784967
2020-09-25 15:00;12.186923;244.009294
2020-09-25 16:00;11.283257;261.562496
2020-09-25 17:00;25.632943;264.993487
2020-09-25 18:00;3.020694;264.535585
2020-09-25 19:00;4.497688;242.255370
2020-09-25 20:00;6.270190;259.270291
2020-09-25 21:00;9.265211;215.024100
2020-09-25 22:00;17.741966;198.745849
2020-09-25 23:00;4.722812;100.652942
2020-09-26 00:00;3.522832;260.900098
2020-09-26 01:00;2.603205;243.576616
2020-09-26 02:00;20.403612;188.298196
2020-09-26 03:00;6.238582;286.039779
2020-09-26 04:00;8.555049;51.056252
2020-09-26 05:00;13.584887;217.675587
2020-09-26 06:00;27.916167;228.743166
2020-09-26 07:00;11.767050;267.880001
2020-09-26 08:00;17.303514;272.270412
2020-09-26 09:00;11.208050;281.816214
2020-09-26 10:00;11.132285;121.994539
2020-09-26 11:00;10.696695;193.285869
2020-09-26 12:00;14.256338;221.444118
2020-09-26 13:00;19.194077;253.436492
2020-09-26 14:00;16.247439;229.089881
2020-09-26 15:00;30.379729;260.092728
2020-09-26 16:00;10.866510;266.045912
2020-09-26 17:00;10.566628;297.209207
2020-09-26 18:00;12.813803;247.329672
2020-09-26 19:00;17.876294;266.727161
2020-09-26 20:00;22.674557;257.901483
2020-09-26 21:00;16.122538;133.826970
2020-09-26 22:00;6.363246;96.622798
2020-09-26 23:00;4.922465;281.615932
2020-09-27 00:00;15.524222;167.745956
2020-09-27 01:00;9.667166;292.826971
2020-09-27 02:00;6.293923;230.448631
2020-09-27 03:00;4.189179;143.613417
2020-09-27 04:00;13.218568;233.935210
2020-09-27 05:00;6.136189;23.196453
2020-09-27 06:00;7.287026;185.620108
2020-09-27 07:00;20.967523;217.456637
2020-09-27 08:00;6.489381;190.695504
2020-09-27 09:00;1.772303;268.350018
2020-09-27 10:00;10.068988;187.107584
2020-09-27 11:00;10.510889;175.281789
2020-09-27 12:00;25.767845;270.275342
2020-09-27 13:00;2.949925;231.706367
2020-09-27 14:00;13.230062;204.340364
2020-09-27 15:00;12.368507;215.041766
2020-09-27 16:00;5.731124;131.988324
2020-09-27 17:00;3.886845;236.051085
2020-09-27 18:00;18.418588;224.791593
2020-09-27 19:00;14.025810;148.778229
2020-09-27 20:00;7.309270;207.618939
2020-09-27 21:00;6.520070;226.553773
2020-09-27 22:00;3.357469;218.810524
2020-09-27 23:00;6.275736;251.120302
2020-09-28 00:00;8.038955;319.495544
2020-09-28 01:00;14.012608;229.231853
2020-09-28 02:00;21.132535;241.000565
2020-09-28 03:00;7.882523;356.010350
2020-09-28 04:00;3.617986;265.734320
2020-09-28 05:00;16.706502;165.153344
2020-09-28 06:00;13.715968;262.213629
2020-09-28 07:00;1.955260;246.792903
2020-09-28 08:00;23.319686;207.401247
2020-09-28 09:00;16.207182;226.762654
2020-09-28 10:00;17.147367;49.212121
2020-09-28 11:00;12.528922;180.563045
2020-09-28 12:00;10.203236;151.960273
2020-09-28 13:00;7.519576;73.224242
2020-09-28 14:00;6.354654;296.500823
2020-09-28 15:00;8.342284;273.841226
2020-09-28 16:00;1.000000;248.892940
2020-09-28 17:00;6.666437;173.976034
2020-09-28 18:00;9.217295;52.146943
2020-09-28 19:00;15.874106;222.625190
2020-09-28 20:00;4.945129;207.313282
2020-09-28 21:00;16.491886;205.775208
2020-09-28 22:00;9.211936;250.714695
2020-09-28 23:00;4.236797;195.705713
2020-09-29 00:00;3.093093;233.743122
2020-09-29 01:00;9.446923;17.981911
2020-09-29 02:00;12.107014;282.720986
2020-09-29 03:00;6.089210;235.616763
2020-09-29 04:00;3.692589;232.276091
2020-09-29 05:00;29.496042;248.828806
2020-09-29 06:00;8.396493;225.653568
2020-09-29 07:00;9.167980;192.464396
2020-09-29 08:00;13.611162;223.553337
2020-09-29 09:00;20.963964;118.520111
2020-09-29 10:00;1.772192;250.476529
2020-09-29 11:00;3.677459;320.425459
2020-09-29 12:00;11.014858;327.760163
2020-09-29 13:00;20.838558;249.025781
2020-09-29 14:00;24.150833;233.793048
2020-09-29 15:00;19.907060;284.921442
2020-09-29 16:00;3.803768;242.615199
2020-09-29 17:00;7.468952;203.869048
2020-09-29 18:00;1.793133;163.215743
2020-09-29 19:00;8.389286;215.524147
2020-09-29 20:00;9.321245;279.457891
2020-09-29 21:00;15.917589;220.122497
2020-09-29 22:00;6.906009;282.134059
2020-09-29 23:00;5.030395;198.976213
2020-09-30 00:00;14.239361;223.061133
2020-09-30 01:00;8.452420;147.549938
2020-09-30 02:00;4.098037;176.032519
2020-09-30 03:00;14.122584;226.053631
2020-09-30 04:00;9.314266;23.967456
2020-09-30 05:00;11.565628;281.703323
2020-09-30 06:00;15.065770;285.265659
2020-09-30 07:00;18.316487;260.008233
2020-09-30 08:00;16.877718;234.835645
2020-09-30 09:00;3.102919;256.803546
2020-09-30 10:00;11.595883;143.338671
2020-09-30 11:00;8.374694;270.309682
2020-09-30 12:00;14.358186;253.867755
2020-09-30 13:00;9.976036;260.214231
2020-09-30 14:00;18.312062;276.144466
2020-09-30 15:00;14.745905;179.339686
2020-09-30 16:00;10.585255;252.067795
2020-09-30 17:00;4.063028;199.044936
2020-09-30 18:00;4.298403;255.361707
2020-09-30 19:00;1.000000;285.963136
2020-09-30 20:00;12.467487;237.199462
2020-09-30 21:00;1.000000;184.221183
2020-09-30 22:00;11.844158;320.095529
2020-09-30 23:00;11.267792;238.376657
2020-10-01 00:00;14.135313;217.958744
2020-10-01 01:00;9.911922;296.164254
2020-10-01 02:00;17.029498;125.593349
2020-10-01 03:00;4.338692;304.564403
2020-10-01 04:00;7.342686;319.844787
2020-10-01 05:00;2.514201;131.264301
2020-10-01 06:00;2.144115;318.060854
2020-10-01 07:00;17.872003;229.618405
2020-10-01 08:00;5.799657;336.280154
2020-10-01 09:00;7.957431;84.814501
2020-10-01 10:00;14.861752;234.816196
2020-10-01 11:00;11.759515;264.385770
2020-10-01 12:00;28.739769;274.566436
2020-10-01 13:00;15.716214;288.658746
2020-10-01 14:00;4.537665;230.851227
2020-10-01 15:00;11.632031;202.332569
2020-10-01 16:00;22.034464;280.873894
2020-10-01 17:00;3.255585;26.231947
2020-10-01 18:00;10.373153;31.930280
2020-10-01 19:00;7.537882;277.505949
2020-10-01 20:00;7.384405;191.889208
2020-10-01 21:00;1.836463;105.005298
2020-10-01 22:00;20.983521;219.454063
2020-10-01 23:00;3.566412;316.810592
2020-10-02 00:00;6.264307;238.998049
2020-10-02 01:00;5.474594;33.696313
2020-10-02 02:00;9.729127;276.089679
2020-10-02 03:00;15.341040;259.717530
2020-10-02 04:00;19.865616;262.615329
2020-10-02 05:00;14.364045;189.854020
2020-10-02 06:00;15.779609;284.336335
2020-10-02 07:00;14.764981;95.439325
2020-10-02 08:00;12.816957;137.756042
2020-10-02 09:00;6.073666;28.940204
2020-10-02 10:00;12.836323;254.503640
2020-10-02 11:00;20.746138;229.801968
2020-10-02 12:00;21.096950;179.329276
2020-10-02 13:00;22.867450;241.696257
2020-10-02 14:00;12.669678;204.149608
2020-10-02 15:00;13.017021;15.119626
2020-10-02 16:00;11.989085;213.813580
2020-10-02 17:00;7.639654;198.295777
2020-10-02 18:00;5.924000;183.104999
2020-10-02 19:00;10.087499;243.368757
2020-10-02 20:00;10.799360;204.589914
2020-10-02 21:00;10.520216;213.842441
2020-10-02 22:00;10.773285;208.631336
2020-10-02 23:00;9.683800;289.610955
2020-10-03 00:00;15.458307;243.672747
2020-10-03 01:00;20.681133;237.467829
2020-10-03 02:00;14.532238;250.909647
2020-10-03 03:00;17.897839;204.443140
2020-10-03 04:00;5.802057;279.476963
2020-10-03 05:00;13.830633;277.013209
2020-10-03 06:00;22.962907;218.562089
2020-10-03 07:00;20.291301;255.054982
2020-10-03 08:00;10.169526;192.456781
2020-10-03 09:00;31.837704;210.843598
2020-10-03 10:00;11.926667;238.123590
2020-10-03 11:00;8.733183;273.124876
2020-10-03 12:00;5.437302;12.334088
2020-10-03 13:00;8.793251;249.899458
2020-10-03 14:00;1.417775;105.332276
2020-10-03 15:00;14.004000;193.274066
2020-10-03 16:00;16.917265;176.374660
2020-10-03 17:00;10.803938;68.500924
2020-10-03 18:00;10.542523;218.730376
2020-10-03 19:00;18.304911;212.787777
2020-10-03 20:00;15.736795;206.636596
2020-10-03 21:00;2.223503;176.462854
2020-10-03 22:00;6.663945;247.758213
2020-10-03 23:00;9.871089;276.560223
2020-10-04 00:00;2.732498;123.356081
2020-10-04 01:00;11.811662;342.871849
2020-10-04 02:00;17.108382;213.243728
2020-10-04 03:00;14.074016;106.121102
2020-10-04 04:00;3.054351;31.458428
2020-10-04 05:00;5.273992;270.857718
2020-10-04 06:00;5.342119;270.538566
2020-10-04 07:00;9.396752;187.761119
2020-10-04 08:00;12.779313;250.113279
2020-10-04 09:00;6.936060;250.875014
2020-10-04 10:00;19.336294;244.875123
2020-10-04 11:00;7.340977;303.070442
2020-10-04 12:00;26.950521;244.986474
2020-10-04 13:00;8.028881;197.809929
2020-10-04 14:00;9.453134;198.408809
2020-10-04 15:00;10.426312;108.936904
2020-10-04 16:00;13.358306;184.128638
2020-10-04 17:00;8.006495;9.886177
2020-10-04 18:00;20.019393;185.400216
2020-10-04 19:00;2.910498;259.988553
2020-10-04 20:00;12.564285;280.142154
2020-10-04 21:00;12.668346;275.171698
2020-10-04 22:00;6.423876;188.052555
2020-10-04 23:00;5.221650;164.013751
2020-10-05 00:00;10.182944;275.378524
2020-10-05 01:00;14.963374;140.238114
2020-10-05 02:00;10.627258;282.127712
2020-10-05 03:00;16.402254;235.961409
2020-10-05 04:00;8.253394;106.258863
2020-10-05 05:00;9.732089;229.226929
2020-10-05 06:00;4.588246;286.799997
2020-10-05 07:00;6.994630;198.607825
2020-10-05 08:00;14.530113;282.308140
2020-10-05 09:00;15.866560;191.738524
2020-10-05 10:00;9.180492;182.345316
2020-10-05 11:00;8.114727;305.925555
2020-10-05 12:00;20.289339;284.769010
2020-10-05 13:00;3.485477;274.556875
2020-10-05 14:00;13.057459;267.649380
2020-10-05 15:00;16.232656;257.470270
2020-10-05 16:00;21.325383;256.795239
2020-10-05 17:00;9.986844;16.038692
2020-10-05 18:00;13.389168;263.424990
2020-10-05 19:00;11.626340;279.820773
2020-10-05 20:00;8.227520;177.250133
2020-10-05 21:00;11.662741;285.136715
2020-10-05 22:00;15.568676;278.576795
2020-10-05 23:00;7.871537;230.963840
2020-10-06 00:00;12.155587;261.023943
2020-10-06 01:00;6.390602;199.371797
2020-10-06 02:00;6.668743;143.547694
2020-10-06 03:00;4.873493;277.813545
2020-10-06 04:00;5.787145;208.733871
2020-10-06 05:00;1.617166;250.835484
2020-10-06 06:00;7.244960;215.539585
2020-10-06 07:00;5.180979;241.296832
2020-10-06 08:00;22.488713;306.537299
2020-10-06 09:00;10.533685;283.841712
2020-10-06 10:00;12.632216;235.174670
2020-10-06 11:00;5.400153;333.697406
2020-10-06 12:00;13.615110;230.038886
2020-10-06 13:00;6.252241;257.691012
2020-10-06 14:00;21.074739;205.490210
2020-10-06 15:00;14.451333;272.315457
2020-10-06 16:00;8.628930;254.184033
2020-10-06 17:00;6.137420;289.275592
2020-10-06 18:00;6.622238;45.632728
2020-10-06 19:00;15.909840;226.625307
2020-10-06 20:00;16.835209;194.423474
2020-10-06 21:00;21.683748;220.489675
2020-10-06 22:00;34.882504;249.064897
2020-10-06 23:00;25.801631;267.320712
2020-10-07 00:00;10.236539;38.035644
2020-10-07 01:00;11.957875;53.501582
2020-10-07 02:00;14.688313;254.570488
2020-10-07 03:00;14.285778;214.746708
2020-10-07 04:00;16.618512;39.504668
2020-10-07 05:00;9.550925;291.046107
2020-10-07 06:00;3.476106;208.675225
2020-10-07 07:00;14.931644;284.247751
2020-10-07 08:00;23.844737;261.477020
2020-10-07 09:00;9.830145;349.404787
2020-10-07 10:00;4.831504;285.696076
2020-10-07 11:00;9.912141;219.513737
2020-10-07 12:00;21.810481;264.477724
2020-10-07 13:00;9.977711;175.651430
2020-10-07 14:00;10.899303;228.619060
2020-10-07 15:00;10.813062;224.982767
2020-10-07 16:00;10.311876;200.011507
2020-10-07 17:00;11.704299;0.909972
2020-10-07 18:00;27.435963;267.863397
2020-10-07 19:00;6.917590;220.668934
2020-10-07 20:00;7.877223;215.823498
2020-10-07 21:00;7.969260;221.278066
2020-10-07 22:00;12.737480;173.762293
2020-10-07 23:00;16.913377;220.443360
2020-10-08 00:00;24.533015;208.741264
2020-10-08 01:00;5.992002;298.730729
2020-10-08 02:00;10.056774;287.222782
2020-10-08 03:00;20.906824;242.656978
2020-10-08 04:00;9.479159;281.975921
2020-10-08 05:00;18.256791;305.040430
2020-10-08 06:00;14.407134;233.842068
2020-10-08 07:00;12.305192;239.010031
2020-10-08 08:00;9.558851;234.786407
2020-10-08 09:00;17.920152;299.378437
2020-10-08 10:00;7.820746;275.230340
2020-10-08 11:00;16.391282;226.386245
2020-10-08 12:00;9.273204;205.001635
2020-10-08 13:00;19.517872;336.511564
2020-10-08 14:00;7.577143;56.654562
2020-10-08 15:00;14.164543;176.270983
2020-10-08 16:00;13.539839;251.701189
2020-10-08 17:00;9.619561;14.783307
2020-10-08 18:00;9.055347;155.441356
2020-10-08 19:00;8.454013;268.291333
2020-10-08 20:00;12.304725;282.734584
2020-10-08 21:00;4.638647;304.646464
2020-10-08 22:00;9.308592;202.082846
2020-10-08 23:00;8.880785;67.321364
2020-10-09 00:00;13.182475;317.430177
2020-10-09 01:00;13.982957;213.120201
2020-10-09 02:00;13.693311;240.231439
2020-10-09 03:00;7.556209;142.110736
2020-10-09 04:00;7.081422;244.038086
2020-10-09 05:00;8.440791;11.097284
2020-10-09 06:00;10.755588;28.523378
2020-10-09 07:00;1.269256;183.539729
2020-10-09 08:00;20.296388;266.524903
2020-10-09 09:00;14.662660;207.628973
2020-10-09 10:00;11.068990;201.830410
2020-10-09 11:00;13.332134;189.732882
2020-10-09 12:00;30.504937;217.311946
2020-10-09 13:00;6.442961;277.578916
2020-10-09 14:00;13.085518;248.023286
2020-10-09 15:00;2.148626;190.913792
2020-10-09 16:00;14.052628;237.386472
2020-10-09 17:00;11.927964;235.464911
2020-10-09 18:00;9.971172;104.122296
2020-10-09 19:00;4.543659;212.011779
2020-10-09 20:00;13.251494;19.683976
2020-10-09 21:00;8.897104;304.717698
2020-10-09 22:00;6.537502;274.018202
2020-10-09 23:00;15.904070;270.430777
2020-10-10 00:00;5.516733;51.820795
2020-10-10 01:00;19.625970;218.897266
2020-10-10 02:00;3.788962;302.026626
2020-10-10 03:00;4.681850;163.076744
2020-10-10 04:00;4.370555;40.232729
2020-10-10 05:00;18.339057;295.891250
2020-10-10 06:00;12.524547;11.585455
2020-10-10 07:00;17.415994;260.610967
2020-10-10 08:00;12.584675;347.369667
2020-10-10 09:00;8.973233;210.768355
2020-10-10 10:00;15.383351;280.028758
2020-10-10 11:00;23.785491;261.556135
2020-10-10 12:00;2.605749;222.573277
2020-10-10 13:00;10.983905;276.720422
2020-10-10 14:00;6.590350;267.010258
2020-10-10 15:00;11.625112;221.918125
2020-10-10 16:00;19.920614;284.793872
2020-10-10 17:00;20.614323;224.190516
2020-10-10 18:00;17.527712;239.575793
2020-10-10 19:00;1.879077;122.925718
2020-10-10 20:00;11.546277;303.412063
2020-10-10 21:00;20.251490;190.796770
2020-10-10 22:00;10.271303;85.367792
2020-10-10 23:00;6.586698;231.469950
2020-10-11 00:00;11.680812;128.907792
2020-10-11 01:00;2.689652;303.955636
2020-10-11 02:00;23.372891;210.939378
2020-10-11 03:00;15.243837;277.403660
2020-10-11 04:00;11.173388;268.527521
2020-10-11 05:00;9.324082;294.197452
2020-10-11 06:00;9.766863;295.024055
2020-10-11 07:00;14.652214;234.808244
2020-10-11 08:00;4.207409;201.448667
2020-10-11 09:00;14.831362;188.450456
2020-10-11 10:00;4.718174;112.053425
2020-10-11 11:00;9.951204;258.195415
2020-10-11 12:00;12.120189;195.842618
2020-10-11 13:00;4.849246;233.012052
2020-10-11 14:00;9.062807;273.648750
2020-10-11 15:00;15.843297;321.079172
2020-10-11 16:00;8.799660;271.014622
2020-10-11 17:00;5.579098;52.296840
2020-10-11 18:00;7.145883;284.929475
2020-10-11 19:00;14.018229;216.535273
2020-10-11 20:00;8.506982;197.272637
2020-10-11 21:00;17.024856;246.643079
2020-10-11 22:00;15.880264;274.226682
2020-10-11 23:00;13.595088;303.163696
2020-10-12 00:00;6.887734;284.634744
2020-10-12 01:00;13.303961;254.112849
2020-10-12 02:00;13.087366;236.192906
2020-10-12 03:00;5.465226;236.806614
2020-10-12 04:00;2.989616;231.822395
2020-10-12 05:00;10.006972;330.392312
2020-10-12 06:00;9.376438;235.356504
2020-10-12 07:00;28.256269;258.409927
2020-10-12 08:00;4.958337;194.567390
2020-10-12 09:00;4.564426;142.411447
2020-10-12 10:00;6.415250;202.189856
2020-10-12 11:00;8.157886;177.206793
2020-10-12 12:00;27.033776;236.816591
2020-10-12 13:00;5.503479;145.269086
2020-10-12 14:00;2.774651;251.478054
2020-10-12 15:00;13.991996;54.956751
2020-10-12 16:00;13.511880;207.361022
2020-10-12 17:00;14.268173;238.070128
2020-10-12 18:00;11.587921;273.589405
2020-10-12 19:00;6.634272;232.950188
2020-10-12 20:00;9.848291;197.495832
2020-10-12 21:00;16.788772;272.610317
2020-10-12 22:00;18.424105;260.114900
2020-10-12 23:00;4.799990;18.181179
2020-10-13 00:00;13.254477;266.700128
2020-10-13 01:00;18.014190;232.233311
2020-10-13 02:00;15.744637;241.593021
2020-10-13 03:00;29.292402;227.283032
2020-10-13 04:00;16.518496;53.296456
2020-10-13 05:00;4.342925;9.371904
2020-10-13 06:00;9.050734;239.603628
2020-10-13 07:00;13.081431;217.202652
2020-10-13 08:00;8.727348;223.568163
2020-10-13 09:00;3.388249;17.066819
2020-10-13 10:00;3.605344;229.347804
2020-10-13 11:00;8.867807;191.973351
2020-10-13 12:00;7.176111;4.537425
2020-10-13 13:00;5.605561;12.416725
2020-10-13 14:00;11.199267;296.407483
2020-10-13 15:00;11.754369;237.526247
2020-10-13 16:00;7.102985;226.224926
2020-10-13 17:00;4.642991;225.901335
2020-10-13 18:00;10.624185;250.200362
2020-10-13 19:00;4.199742;299.763386
2020-10-13 20:00;9.224833;325.532958
2020-10-13 21:00;18.588639;234.926317
2020-10-13 22:00;7.582545;235.697361
2020-10-13 23:00;12.142610;259.549697
2020-10-14 00:00;16.831088;278.993463
2020-10-14 01:00;4.314056;225.681773
2020-10-14 02:00;14.319467;93.703072
2020-10-14 03:00;5.639901;241.559636
2020-10-14 04:00;11.525360;246.972930
2020-10-14 05:00;12.639696;238.155052
2020-10-14 06:00;14.347086;304.993109
2020-10-14 07:00;21.975968;262.021634
2020-10-14 08:00;9.004012;286.327666
2020-10-14 09:00;5.625468;280.911850
2020-10-14 10:00;6.639410;186.784921
2020-10-14 11:00;4.438329;262.155396
2020-10-14 12:00;6.269782;233.699338
2020-10-14 13:00;4.435803;242.842245
2020-10-14 14:00;5.234262;125.916158
2020-10-14 15:00;13.283831;209.249137
2020-10-14 16:00;3.651041;114.213652
2020-10-14 17:00;9.397688;323.683671
2020-10-14 18:00;16.594166;261.876324
2020-10-14 19:00;4.797461;287.821850
2020-10-14 20:00;10.191918;249.565299
2020-10-14 21:00;12.938112;250.766986
2020-10-14 22:00;11.865362;319.490739
2020-10-14 23:00;10.002903;116.094849
2020-10-15 00:00;15.268424;216.792845
2020-10-15 01:00;22.644203;208.478370
2020-10-15 02:00;6.573316;25.540465
2020-10-15 03:00;5.582088;254.056925
2020-10-15 04:00;20.911973;217.117477
2020-10-15 05:00;3.408582;183.786830
2020-10-15 06:00;2.630008;219.298431
2020-10-15 07:00;8.123189;200.249847
2020-10-15 08:00;20.902720;219.951322
2020-10-15 09:00;8.601593;254.044387
2020-10-15 10:00;7.137423;111.905309
2020-10-15 11:00;7.803081;258.166886
2020-10-15 12:00;20.219984;258.006185
2020-10-15 13:00;5.968982;310.020565
2020-10-15 14:00;2.169995;305.788518
2020-10-15 15:00;6.708060;254.445899
2020-10-15 16:00;10.025778;273.511535
2020-10-15 17:00;3.633817;248.540782
2020-10-15 18:00;4.624186;83.565830
2020-10-15 19:00;13.514038;272.941621
2020-10-15 20:00;4.197474;162.069401
2020-10-15 21:00;18.634967;349.609724
2020-10-15 22:00;22.756940;290.820908
2020-10-15 23:00;23.384406;221.492157
2020-10-16 00:00;7.348925;231.996176
2020-10-16 01:00;10.899626;223.355565
2020-10-16 02:00;20.298610;165.971042
2020-10-16 03:00;4.205315;273.571569
2020-10-16 04:00;18.419721;208.918450
2020-10-16 05:00;12.655986;201.734734
2020-10-16 06:00;7.151952;215.897953
2020-10-16 07:00;5.222515;253.874784
2020-10-16 08:00;16.965214;283.712152
2020-10-16 09:00;8.402431;249.913827
2020-10-16 10:00;5.370362;304.503727
2020-10-16 11:00;2.724330;284.743949
2020-10-16 12:00;26.345114;237.142639
2020-10-16 13:00;7.581494;125.662639
2020-10-16 14:00;11.477529;273.398831
2020-10-16 15:00;8.225527;243.287750
2020-10-16 16:00;19.640868;253.225451
2020-10-16 17:00;8.273839;261.906468
2020-10-16 18:00;4.846950;292.497001
2020-10-16 19:00;12.666983;229.172457
2020-10-16 20:00;25.354275;207.789896
2020-10-16 21:00;12.184558;291.257637
2020-10-16 22:00;14.297670;300.967995
2020-10-16 23:00;7.087415;263.394566
2020-10-17 00:00;16.063368;218.052127
2020-10-17 01:00;4.225583;264.137872
2020-10-17 02:00;5.843436;206.911030
2020-10-17 03:00;16.661637;226.020266
2020-10-17 04:00;10.601480;293.503181
2020-10-17 05:00;8.347465;262.032463
2020-10-17 06:00;20.110326;270.061265
2020-10-17 07:00;3.473355;166.930969
2020-10-17 08:00;12.635659;260.395587
2020-10-17 09:00;5.707377;203.412353
2020-10-17 10:00;13.859922;260.084182
2020-10-17 11:00;9.952227;290.751640
2020-10-17 12:00;15.403939;236.093610
2020-10-17 13:00;12.555605;177.823049
2020-10-17 14:00;9.324900;229.773619
2020-10-17 15:00;14.567909;202.409055
2020-10-17 16:00;2.875675;236.908731
2020-10-17 17:00;16.657375;224.157197
2020-10-17 18:00;15.859806;292.837622
2020-10-17 19:00;7.867670;160.176348
2020-10-17 20:00;3.524789;50.570448
2020-10-17 21:00;22.668322;225.303584
2020-10-17 22:00;10.133360;215.507569
2020-10-17 23:00;4.063490;235.549481
2020-10-18 00:00;7.565693;107.370498
2020-10-18 01:00;15.428587;304.646347
2020-10-18 02:00;20.245482;239.292874
2020-10-18 03:00;20.489114;263.831057
2020-10-18 04:00;13.386715;234.353910
2020-10-18 05:00;6.258990;225.131935
2020-10-18 06:00;10.849372;273.300505
2020-10-18 07:00;5.776387;0.488582
2020-10-18 08:00;14.837268;284.033990
2020-10-18 09:00;7.071248;344.059638
2020-10-18 10:00;17.697778;159.434030
2020-10-18 11:00;20.829120;259.186203
2020-10-18 12:00;17.180178;282.370487
2020-10-18 13:00;11.843679;105.712311
2020-10-18 14:00;11.803587;257.637556
2020-10-18 15:00;20.536514;230.786169
2020-10-18 16:00;14.464039;176.222123
2020-10-18 17:00;11.827414;275.001101
2020-10-18 18:00;6.581700;113.088695
2020-10-18 19:00;12.911504;246.498387
2020-10-18 20:00;5.955138;295.907765
2020-10-18 21:00;8.690552;246.425410
2020-10-18 22:00;3.837519;247.766949
2020-10-18 23:00;15.485203;243.838698
2020-10-19 00:00;25.872346;257.571480
2020-10-19 01:00;8.620332;111.202196
2020-10-19 02:00;16.722020;284.992592
2020-10-19 03:00;5.092161;267.444659
2020-10-19 04:00;3.576789;207.566252
2020-10-19 05:00;2.978958;251.530255
2020-10-19 06:00;14.817506;192.638502
2020-10-19 07:00;11.089910;295.103284
2020-10-19 08:00;1.438895;101.476808
2020-10-19 09:00;4.614887;349.209159
2020-10-19 10:00;20.859973;197.580222
2020-10-19 11:00;4.561668;345.718294
2020-10-19 12:00;18.684436;305.563898
2020-10-19 13:00;1.000000;201.191170
2020-10-19 14:00;24.885662;215.616984
2020-10-19 15:00;13.521878;217.092236
2020-10-19 16:00;16.786581;219.836906
2020-10-19 17:00;9.824244;63.186199
2020-10-19 18:00;14.589503;248.279837
2020-10-19 19:00;11.854961;198.039051
2020-10-19 20:00;4.931402;274.622279
2020-10-19 21:00;5.675921;237.162974
2020-10-19 22:00;16.572417;238.981128
2020-10-19 23:00;3.222178;62.868897
2020-10-20 00:00;11.778041;261.347547
2020-10-20 01:00;11.605026;211.283312
2020-10-20 02:00;10.354776;225.663013
2020-10-20 03:00;12.961235;254.608693
2020-10-20 04:00;14.638738;229.962749
2020-10-20 05:00;15.342844;266.254196
2020-10-20 06:00;7.577785;261.837507
2020-10-20 07:00;15.879082;264.594510
2020-10-20 08:00;13.039997;224.592705
2020-10-20 09:00;13.274493;231.453517
2020-10-20 10:00;14.924194;344.565225
2020-10-20 11:00;11.111602;224.583365
2020-10-20 12:00;5.228944;24.506842
2020-10-20 13:00;15.831842;239.379441
2020-10-20 14:00;7.915251;226.840156
2020-10-20 15:00;16.707997;262.082370
2020-10-20 16:00;5.213396;244.518521
2020-10-20 17:00;6.235735;246.354653
2020-10-20 18:00;20.497880;189.328769
2020-10-20 19:00;9.255444;219.805544
2020-10-20 20:00;9.543258;240.562066
2020-10-20 21:00;5.355187;261.451396
2020-10-20 22:00;1.000000;224.914055
2020-10-20 23:00;11.989194;230.218467
2020-10-21 00:00;13.006950;228.970392
2020-10-21 01:00;3.351649;193.246946
2020-10-21 02:00;11.279422;260.433684
2020-10-21 03:00;2.824588;254.599246
2020-10-21 04:00;11.081114;287.907932
2020-10-21 05:00;16.230733;209.558050
2020-10-21 06:00;8.862741;252.810127
2020-10-21 07:00;1.000000;48.925946
2020-10-21 08:00;4.253499;220.831649
2020-10-21 09:00;4.322579;54.660441
2020-10-21 10:00;3.040858;255.799249
2020-10-21 11:00;21.128218;239.921939
2020-10-21 12:00;15.485851;44.813927
2020-10-21 13:00;24.108819;198.291006
2020-10-21 14:00;13.753774;152.200483
2020-10-21 15:00;14.579896;251.760014
2020-10-21 16:00;4.677437;233.001785
2020-10-21 17:00;8.721632;9.248633
2020-10-21 18:00;4.629249;221.659417
2020-10-21 19:00;5.523833;225.931250
2020-10-21 20:00;11.641225;211.648787
2020-10-21 21:00;17.964880;263.587233
2020-10-21 22:00;6.323314;179.260177
2020-10-21 23:00;6.873328;244.624039
2020-10-22 00:00;15.438195;283.623590
2020-10-22 01:00;24.045715;200.827341
2020-10-22 02:00;8.091705;0.869744
2020-10-22 03:00;13.394832;0.028580
2020-10-22 04:00;15.894380;251.228413
2020-10-22 05:00;7.684939;115.128511
2020-10-22 06:00;4.098185;243.073638
2020-10-22 07:00;8.006408;205.207446
2020-10-22 08:00;3.390789;222.311431
2020-10-22 09:00;8.089287;162.147622
2020-10-22 10:00;26.530516;306.973774
2020-10-22 11:00;18.010814;227.416843
2020-10-22 12:00;9.744331;230.098908
2020-10-22 13:00;6.546412;49.810630
2020-10-22 14:00;5.609126;250.453771
2020-10-22 15:00;3.435960;342.155925
2020-10-22 16:00;15.412922;247.242557
2020-10-22 17:00;21.606431;194.033450
2020-10-22 18:00;6.762216;241.833989
2020-10-22 19:00;10.588648;275.055139
2020-10-22 20:00;8.459350;199.784114
2020-10-22 21:00;3.539840;290.539224
2020-10-22 22:00;13.152241;246.228229
2020-10-22 23:00;15.261737;185.418575
2020-10-23 00:00;18.040499;249.444327
2020-10-23 01:00;7.635986;334.300180
2020-10-23 02:00;6.627864;218.152694
2020-10-23 03:00;31.165342;291.340735
2020-10-23 04:00;2.428501;356.681090
2020-10-23 05:00;19.356908;184.464276
2020-10-23 06:00;14.236354;217.895071
2020-10-23 07:00;17.356307;306.262515
2020-10-23 08:00;22.081684;243.356389
2020-10-23 09:00;11.051827;26.542913
2020-10-23 10:00;3.598053;27.535761
2020-10-23 11:00;4.107969;254.511730
2020-10-23 12:00;10.905513;92.199422
2020-10-23 13:00;14.552593;192.761509
2020-10-23 14:00;15.110533;247.346462
2020-10-23 15:00;9.045918;245.619053
2020-10-23 16:00;6.009494;271.096767
2020-10-23 17:00;1.673398;228.478388
2020-10-23 18:00;5.594175;324.993645
2020-10-23 19:00;18.540391;277.261968
2020-10-23 20:00;22.227842;267.990428
2020-10-23 21:00;1.643067;185.568639
2020-10-23 22:00;21.816474;164.377078
2020-10-23 23:00;12.538690;239.792060
2020-10-24 00:00;6.602222;269.569124
2020-10-24 01:00;19.857108;283.721670
2020-10-24 02:00;5.456647;209.901609
2020-10-24 03:00;15.990127;300.600430
2020-10-24 04:00;11.991641;42.697185
2020-10-24 05:00;4.684313;213.442824
2020-10-24 06:00;10.686830;213.851538
2020-10-24 07:00;22.974888;264.440217
2020-10-24 08:00;6.868668;110.761610
2020-10-24 09:00;16.956328;186.358994
2020-10-24 10:00;7.700249;214.333963
2020-10-24 11:00;5.640841;295.083308
2020-10-24 12:00;25.862466;244.244196
2020-10-24 13:00;15.817541;220.114528
2020-10-24 14:00;6.255681;238.658523
2020-10-24 15:00;13.165916;117.933059
2020-10-24 16:00;11.901471;219.842296
2020-10-24 17:00;2.899204;211.718829
2020-10-24 18:00;10.167296;274.163509
2020-10-24 19:00;13.183761;282.904590
2020-10-24 20:00;15.861926;286.966826
2020-10-24 21:00;5.289000;50.564871
2020-10-24 22:00;18.178603;261.373597
2020-10-24 23:00;2.132877;262.181792
2020-10-25 00:00;22.789805;185.445377
2020-10-25 01:00;8.872921;210.532266
2020-10-25 02:00;11.034736;262.500765
2020-10-25 03:00;7.610570;305.602161
2020-10-25 04:00;21.767122;200.970512
2020-10-25 05:00;7.820507;122.754376
2020-10-25 06:00;1.919487;330.507080
2020-10-25 07:00;5.123459;209.218686
2020-10-25 08:00;8.820875;221.800112
2020-10-25 09:00;3.788857;222.699672
2020-10-25 10:00;6.579592;187.568342
2020-10-25 11:00;8.555187;270.138775
2020-10-25 12:00;12.523372;325.032593
2020-10-25 13:00;14.543738;338.375832
2020-10-25 14:00;11.330923;302.509966
2020-10-25 15:00;9.463794;191.392506
2020-10-25 16:00;14.202595;231.111630
2020-10-25 17:00;8.962921;86.369638
2020-10-25 18:00;10.406867;197.087790
2020-10-25 19:00;8.367351;39.569945
2020-10-25 20:00;5.796307;263.226452
2020-10-25 21:00;13.458794;203.710965
2020-10-25 22:00;15.856578;263.683098
2020-10-25 23:00;7.747599;259.753565
2020-10-26 00:00;24.339053;251.145022
2020-10-26 01:00;11.799383;201.868999
2020-10-26 02:00;19.418366;290.001842
2020-10-26 03:00;4.417687;267.515609
2020-10-26 04:00;7.567067;296.676210
2020-10-26 05:00;6.919592;312.925984
2020-10-26 06:00;9.953087;255.197213
2020-10-26 07:00;12.059293;290.420323
2020-10-26 08:00;3.096993;250.981521
2020-10-26 09:00;13.095151;11.087238
2020-10-26 10:00;8.152146;216.646043
2020-10-26 11:00;13.082706;243.688588
2020-10-26 12:00;9.185813;243.912534
2020-10-26 13:00;16.591330;179.711804
2020-10-26 14:00;10.326376;249.055442
2020-10-26 15:00;11.104514;285.039347
2020-10-26 16:00;3.905455;213.918081
2020-10-26 17:00;1.273284;321.966761
2020-10-26 18:00;7.557682;212.606905
2020-10-26 19:00;13.631874;48.529336
2020-10-26 20:00;5.549216;283.173696
2020-10-26 21:00;16.128814;282.724281
2020-10-26 22:00;6.869214;260.104851
2020-10-26 23:00;12.218949;247.354855
2020-10-27 00:00;9.971236;260.568831
2020-10-27 01:00;16.038251;107.532546
2020-10-27 02:00;6.002022;214.398574
2020-10-27 03:00;24.812616;206.590404
2020-10-27 04:00;9.829578;259.605022
2020-10-27 05:00;20.244005;296.940200
2020-10-27 06:00;14.854732;223.087284
2020-10-27 07:00;12.897983;242.751888
2020-10-27 08:00;10.472621;306.077908
2020-10-27 09:00;1.000000;237.015261
2020-10-27 10:00;10.396656;251.034095
2020-10-27 11:00;8.958249;248.295606
2020-10-27 12:00;1.000000;316.087433
2020-10-27 13:00;17.615543;182.143377
2020-10-27 14:00;5.428000;270.937023
2020-10-27 15:00;10.359143;261.433114
2020-10-27 16:00;8.532554;174.695766
2020-10-27 17:00;6.806691;166.765774
2020-10-27 18:00;14.758321;236.423723
2020-10-27 19:00;10.743191;192.527983
2020-10-27 20:00;9.349576;236.063201
2020-10-27 21:00;16.183693;266.814154
2020-10-27 22:00;10.711839;138.799398
2020-10-27 23:00;14.387923;261.593617
2020-10-28 00:00;12.531444;234.261708
2020-10-28 01:00;24.013961;270.468222
2020-10-28 02:00;4.834284;86.395528
2020-10-28 03:00;7.424676;257.217991
2020-10-28 04:00;12.144678;268.630261
2020-10-28 05:00;8.100957;249.968525
2020-10-28 06:00;9.387310;263.915325
2020-10-28 07:00;4.367086;241.227605
2020-10-28 08:00;14.418322;269.579827
2020-10-28 09:00;4.364280;291.176701
2020-10-28 10:00;12.041695;223.501645
2020-10-28 11:00;6.346918;256.829240
2020-10-28 12:00;17.474066;161.100275
2020-10-28 13:00;11.738141;237.370452
2020-10-28 14:00;12.944865;136.450236
2020-10-28 15:00;9.495482;256.005402
2020-10-28 16:00;22.366143;210.974757
2020-10-28 17:00;16.709561;93.964707
2020-10-28 18:00;7.321749;233.594514
2020-10-28 19:00;19.238902;264.330916
2020-10-28 20:00;8.394330;260.334160
2020-10-28 21:00;15.329600;212.824179
2020-10-28 22:00;4.492661;318.063465
2020-10-28 23:00;1.434066;204.411973
2020-10-29 00:00;7.139706;273.924489
2020-10-29 01:00;14.046849;228.634311
2020-10-29 02:00;18.540386;272.674217
2020-10-29 03:00;7.593016;356.933952
2020-10-29 04:00;13.809240;133.226640
2020-10-29 05:00;7.659787;248.087523
2020-10-29 06:00;5.135283;114.179642
2020-10-29 07:00;1.415991;115.204398
2020-10-29 08:00;12.590665;228.515448
2020-10-29 09:00;23.600787;277.864694
2020-10-29 10:00;9.188827;232.973093
2020-10-29 11:00;7.317713;198.451013
2020-10-29 12:00;8.816095;291.476777
2020-10-29 13:00;5.140298;257.974386
2020-10-29 14:00;16.053212;204.989176
2020-10-29 15:00;15.709744;205.707583
2020-10-29 16:00;11.008983;194.169707
2020-10-29 17:00;3.424041;45.429881
2020-10-29 18:00;7.868279;211.582154
2020-10-29 19:00;7.220785;256.647394
2020-10-29 20:00;18.298409;208.170730
2020-10-29 21:00;2.811190;222.031323
2020-10-29 22:00;19.792180;292.002278
2020-10-29 23:00;12.049922;205.580840
2020-10-30 00:00;17.142828;232.310238
2020-10-30 01:00;22.195321;243.270728
2020-10-30 02:00;3.491375;281.670465
2020-10-30 03:00;8.598011;236.076151
2020-10-30 04:00;16.403301;330.865338
2020-10-30 05:00;8.167690;226.686923
2020-10-30 06:00;1.410669;93.440315
2020-10-30 07:00;16.307244;229.169550
2020-10-30 08:00;6.282157;45.865552
2020-10-30 09:00;3.733530;283.540296
2020-10-30 10:00;15.671608;216.826575
2020-10-30 11:00;13.878015;210.400335
2020-10-30 12:00;2.975511;249.781432
2020-10-30 13:00;14.601954;271.733549
2020-10-30 14:00;15.880106;216.318291
2020-10-30 15:00;14.028868;262.661637
2020-10-30 16:00;20.368635;273.891923
2020-10-30 17:00;8.006579;245.719607
2020-10-30 18:00;7.496253;182.959287
2020-10-30 19:00;14.669184;144.710366
2020-10-30 20:00;18.265318;233.359620
2020-10-30 21:00;6.774934;271.807067
2020-10-30 22:00;2.453504;234.735737
2020-10-30 23:00;8.725078;210.575574
2020-10-31 00:00;16.027637;282.916109
2020-10-31 01:00;21.304665;264.512304
2020-10-31 02:00;6.835041;198.881821
2020-10-31 03:00;6.110648;192.857584
2020-10-31 04:00;18.168312;196.477788
2020-10-31 05:00;16.464110;290.375245
2020-10-31 06:00;24.567989;260.717851
2020-10-31 07:00;6.491543;155.180481
2020-10-31 08:00;10.013631;247.589517
2020-10-31 09:00;32.716302;211.808912
2020-10-31 10:00;11.056426;273.674519
2020-10-31 11:00;15.241857;281.766958
2020-10-31 12:00;4.843303;256.344694
2020-10-31 13:00;5.264191;199.522328
2020-10-31 14:00;19.953830;315.722458
2020-10-31 15:00;6.981191;167.352742
2020-10-31 16:00;23.456358;205.287326
2020-10-31 17:00;16.684978;177.965613
2020-10-31 18:00;11.318394;265.241991
2020-10-31 19:00;14.643094;112.236347
2020-10-31 20:00;17.594515;201.235643
2020-10-31 21:00;14.728019;224.956405
2020-10-31 22:00;12.418030;278.135144
2020-10-31 23:00;8.710886;170.778890
2020-11-01 00:00;6.891124;230.616548
2020-11-01 01:00;4.361149;227.815796
2020-11-01 02:00;10.514165;249.739458
2020-11-01 03:00;11.149456;215.399137
2020-11-01 04:00;18.118704;234.626896
2020-11-01 05:00;7.710820;242.630831
2020-11-01 06:00;13.351220;261.524447
2020-11-01 07:00;29.401648;152.977649
2020-11-01 08:00;5.120781;240.252601
2020-11-01 09:00;9.394860;268.099809
2020-11-01 10:00;4.100412;238.809795
2020-11-01 11:00;24.744780;209.599650
2020-11-01 12:00;17.235991;268.018509
2020-11-01 13:00;5.224989;215.568062
2020-11-01 14:00;7.735549;273.115204
2020-11-01 15:00;3.975713;241.148894
2020-11-01 16:00;21.677687;232.348909
2020-11-01 17:00;36.819032;244.360768
2020-11-01 18:00;17.280213;180.099125
2020-11-01 19:00;13.671715;234.107572
2020-11-01 20:00;15.125187;191.191548
2020-11-01 21:00;9.495045;271.725481
2020-11-01 22:00;10.768814;209.479776
2020-11-01 23:00;11.101292;101.408424
2020-11-02 00:00;11.690289;222.296642
2020-11-02 01:00;13.900377;248.301545
2020-11-02 02:00;28.909223;256.330213
2020-11-02 03:00;15.551347;250.458418
2020-11-02 04:00;20.546138;288.652831
2020-11-02 05:00;8.409665;194.016731
2020-11-02 06:00;4.236442;185.129816
2020-11-02 07:00;25.486191;281.846484
2020-11-02 08:00;9.531449;47.897291
2020-11-02 09:00;12.915564;222.065741
2020-11-02 10:00;8.134693;325.576759
2020-11-02 11:00;16.778103;271.762500
2020-11-02 12:00;8.599498;143.364237
2020-11-02 13:00;26.206479;304.617749
2020-11-02 14:00;10.128451;250.250282
2020-11-02 15:00;13.834163;166.368283
2020-11-02 16:00;1.359810;276.029304
2020-11-02 17:00;5.148037;19.580019
2020-11-02 18:00;12.518077;204.411609
2020-11-02 19:00;15.098943;252.748784
2020-11-02 20:00;16.444520;263.297292
2020-11-02 21:00;13.610012;297.299349
2020-11-02 22:00;14.019291;342.406429
2020-11-02 23:00;15.914150;267.026264
2020-11-03 00:00;9.449916;263.506275
2020-11-03 01:00;10.889830;232.624277
2020-11-03 02:00;16.374061;194.486774
2020-11-03 03:00;14.038698;207.349727
2020-11-03 04:00;15.141216;253.249615
2020-11-03 05:00;10.689643;146.782424
2020-11-03 06:00;2.351157;288.690922
2020-11-03 07:00;17.383548;235.254719
2020-11-03 08:00;4.028188;190.453350
2020-11-03 09:00;7.710492;125.839620
2020-11-03 10:00;21.615543;241.064688
2020-11-03 11:00;8.590151;262.114441
2020-11-03 12:00;19.968729;231.054531
2020-11-03 13:00;6.378054;93.126153
2020-11-03 14:00;22.521650;212.425387
2020-11-03 15:00;22.752738;216.026984
2020-11-03 16:00;3.617719;298.570885
2020-11-03 17:00;18.626221;274.812922
2020-11-03 18:00;6.515253;224.359982
2020-11-03 19:00;10.046381;249.782677
2020-11-03 20:00;12.538654;253.351603
2020-11-03 21:00;14.395662;143.053824
2020-11-03 22:00;28.304525;231.341923
2020-11-03 23:00;9.181597;238.371100
2020-11-04 00:00;15.319892;281.393511
2020-11-04 01:00;11.490744;142.875523
2020-11-04 02:00;6.553240;81.265035
2020-11-04 03:00;7.345710;236.813702
2020-11-04 04:00;2.180576;186.867057
2020-11-04 05:00;10.816224;217.111222
2020-11-04 06:00;13.719653;148.608059
2020-11-04 07:00;8.594980;182.227924
2020-11-04 08:00;9.351481;313.866360
2020-11-04 09:00;17.765229;340.836863
2020-11-04 10:00;15.645164;221.203089
2020-11-04 11:00;6.804032;216.503802
2020-11-04 12:00;13.354254;205.983291
2020-11-04 13:00;9.694468;207.025539
2020-11-04 14:00;14.539050;195.071434
2020-11-04 15:00;16.256905;268.629558
2020-11-04 16:00;8.788764;331.221504
2020-11-04 17:00;15.241326;283.042631
2020-11-04 18:00;18.038638;182.463572
2020-11-04 19:00;17.039925;273.445174
2020-11-04 20:00;10.463825;137.407055
2020-11-04 21:00;2.545853;262.691353
2020-11-04 22:00;25.717437;310.274001
2020-11-04 23:00;8.753859;224.022806
2020-11-05 00:00;6.422858;193.881605
2020-11-05 01:00;6.308513;33.722263
2020-11-05 02:00;8.753081;176.631587
2020-11-05 03:00;5.846686;248.230668
2020-11-05 04:00;4.342274;224.430270
2020-11-05 05:00;16.732082;253.402906
2020-11-05 06:00;12.409441;261.347684
2020-11-05 07:00;11.037205;92.654737
2020-11-05 08:00;4.572957;208.801350
2020-11-05 09:00;7.191400;152.447593
2020-11-05 10:00;22.647817;245.625931
2020-11-05 11:00;18.828992;203.471420
2020-11-05 12:00;3.758563;113.393145
2020-11-05 13:00;15.697159;261.339863
2020-11-05 14:00;4.693167;237.911100
2020-11-05 15:00;23.923309;244.101596
2020-11-05 16:00;12.333592;231.253631
2020-11-05 17:00;9.348987;17.688572
2020-11-05 18:00;14.321598;224.394905
2020-11-05 19:00;22.280100;235.428772
2020-11-05 20:00;3.152097;319.770784
2020-11-05 21:00;9.243366;99.140149
2020-11-05 22:00;16.829091;231.074780
2020-11-05 23:00;9.493185;137.220816
2020-11-06 00:00;2.291507;150.818468
2020-11-06 01:00;16.613784;249.620372
2020-11-06 02:00;13.211466;231.377045
2020-11-06 03:00;22.414272;255.012337
2020-11-06 04:00;13.268619;263.175252
2020-11-06 05:00;8.714433;26.060057
2020-11-06 06:00;10.543620;269.168962
2020-11-06 07:00;6.148602;267.230872
2020-11-06 08:00;8.416415;293.349763
2020-11-06 09:00;29.713642;261.644002
2020-11-06 10:00;11.076038;332.115881
2020-11-06 11:00;8.445401;217.528986
2020-11-06 12:00;28.223147;235.466224
2020-11-06 13:00;12.116280;290.474863
2020-11-06 14:00;15.150044;240.908055
2020-11-06 15:00;11.548461;219.734689
2020-11-06 16:00;18.946190;223.343066
2020-11-06 17:00;12.510823;237.721884
2020-11-06 18:00;15.291809;269.658967
2020-11-06 19:00;20.779771;216.031514
2020-11-06 20:00;27.431449;228.960555
2020-11-06 21:00;18.248759;213.746932
2020-11-06 22:00;5.998838;269.212683
2020-11-06 23:00;10.988184;242.627779
2020-11-07 00:00;20.062585;262.115875
2020-11-07 01:00;10.059950;162.781176
2020-11-07 02:00;2.837445;243.413195
2020-11-07 03:00;7.885870;296.180970
2020-11-07 04:00;16.097006;217.268900
2020-11-07 05:00;5.711681;130.872907
2020-11-07 06:00;11.700024;299.769587
2020-11-07 07:00;8.582505;253.899957
2020-11-07 08:00;5.256909;19.366197
2020-11-07 09:00;17.851436;265.647915
2020-11-07 10:00;8.886877;165.260817
2020-11-07 11:00;11.239978;277.158454
2020-11-07 12:00;15.555967;187.786510
2020-11-07 13:00;2.588466;254.476319
2020-11-07 14:00;10.688930;230.744169
2020-11-07 15:00;21.478024;253.747648
2020-11-07 16:00;15.720769;225.254425
2020-11-07 17:00;6.066706;224.621380
2020-11-07 18:00;3.042066;256.720851
2020-11-07 19:00;8.670569;234.764832
2020-11-07 20:00;14.853453;255.613703
2020-11-07 21:00;8.769667;186.853041
2020-11-07 22:00;16.132023;341.131424
2020-11-07 23:00;12.365874;201.864057
2020-11-08 00:00;3.106075;212.866726
2020-11-08 01:00;8.748202;245.896564
2020-11-08 02:00;28.839018;236.270936
2020-11-08 03:00;7.307320;191.898893
2020-11-08 04:00;9.547213;221.224549
2020-11-08 05:00;15.634983;231.422795
2020-11-08 06:00;12.210363;281.751117
2020-11-08 07:00;10.693640;198.243733
2020-11-08 08:00;13.921851;235.991482
2020-11-08 09:00;15.828523;247.123493
2020-11-08 10:00;15.815722;302.981997
2020-11-08 11:00;5.014181;207.050238
2020-11-08 12:00;8.608218;293.685953
2020-11-08 13:00;20.181160;234.369462
2020-11-08 14:00;17.477587;259.027408
2020-11-08 15:00;5.858306;278.202737
2020-11-08 16:00;8.066339;278.057876
2020-11-08 17:00;14.889607;224.307442
2020-11-08 18:00;12.207474;340.328967
2020-11-08 19:00;6.526292;268.849455
2020-11-08 20:00;3.609194;223.509364
2020-11-08 21:00;17.745148;222.768928
2020-11-08 22:00;3.703400;347.478726
2020-11-08 23:00;4.839226;225.452633
2020-11-09 00:00;9.675885;227.271935
2020-11-09 01:00;4.668795;182.354120
2020-11-09 02:00;8.198814;154.052054
2020-11-09 03:00;3.822410;307.446377
2020-11-09 04:00;15.034990;191.630922
2020-11-09 05:00;3.835686;277.592616
2020-11-09 06:00;2.244284;259.828804
2020-11-09 07:00;14.378087;332.046189
2020-11-09 08:00;2.468702;173.199231
2020-11-09 09:00;15.331674;235.205334
2020-11-09 10:00;9.830338;30.515782
2020-11-09 11:00;17.555280;238.186753
2020-11-09 12:00;25.057836;238.121775
2020-11-09 13:00;27.009879;253.237763
2020-11-09 14:00;20.279720;314.692215
2020-11-09 15:00;14.112406;236.471432
2020-11-09 16:00;10.425976;250.115431
2020-11-09 17:00;8.391029;306.757771
2020-11-09 18:00;7.757003;246.152687
2020-11-09 19:00;14.847341;280.314926
2020-11-09 20:00;18.549141;220.840699
2020-11-09 21:00;14.297022;249.722909
2020-11-09 22:00;18.081519;237.243622
2020-11-09 23:00;20.004721;229.855411
2020-11-10 00:00;7.983832;0.247047
2020-11-10 01:00;6.313361;229.641583
2020-11-10 02:00;10.188104;174.864523
2020-11-10 03:00;10.218962;56.570010
2020-11-10 04:00;18.392013;230.313497
2020-11-10 05:00;9.267391;301.675610
2020-11-10 06:00;15.494252;302.836879
2020-11-10 07:00;12.813686;291.294669
2020-11-10 08:00;22.002376;253.969473
2020-11-10 09:00;9.641213;196.190830
2020-11-10 10:00;1.859752;276.902981
2020-11-10 11:00;9.332868;239.491980
2020-11-10 12:00;29.098243;287.876616
2020-11-10 13:00;7.665116;229.401491
2020-11-10 14:00;5.850820;183.245937
2020-11-10 15:00;19.496646;176.939910
2020-11-10 16:00;5.707633;201.088193
2020-11-10 17:00;8.768082;243.205394
2020-11-10 18:00;28.579180;188.256931
2020-11-10 19:00;7.373031;238.801788
2020-11-10 20:00;6.352606;357.317567
2020-11-10 21:00;5.188672;287.372258
2020-11-10 22:00;8.551726;242.017014
2020-11-10 23:00;6.006063;327.805326
2020-11-11 00:00;24.001741;244.619014
2020-11-11 01:00;14.642150;89.577013
2020-11-11 02:00;13.679035;252.324737
2020-11-11 03:00;16.177889;249.170003
2020-11-11 04:00;9.596637;108.037307
2020-11-11 05:00;3.618007;274.503776
2020-11-11 06:00;2.049977;245.769783
2020-11-11 07:00;18.127838;273.505835
2020-11-11 08:00;1.000000;230.351452
2020-11-11 09:00;15.422000;219.851798
2020-11-11 10:00;1.000000;215.068229
2020-11-11 11:00;4.290986;199.858563
2020-11-11 12:00;23.523974;211.959875
2020-11-11 13:00;8.824401;247.138464
2020-11-11 14:00;5.316226;160.158399
2020-11-11 15:00;25.803518;236.320666
2020-11-11 16:00;4.330322;327.566358
2020-11-11 17:00;21.534968;200.286667
2020-11-11 18:00;9.310397;235.771746
2020-11-11 19:00;13.711779;225.089642
2020-11-11 20:00;4.103645;282.902228
2020-11-11 21:00;11.726500;220.643292
2020-11-11 22:00;32.114233;181.423817
2020-11-11 23:00;6.254946;272.190767
2020-11-12 00:00;2.045161;242.037739
2020-11-12 01:00;9.605807;98.421726
2020-11-12 02:00;12.399138;44.740488
2020-11-12 03:00;4.276377;301.911016
2020-11-12 04:00;17.499953;225.130654
2020-11-12 05:00;17.652916;270.667026
2020-11-12 06:00;10.478463;280.559376
2020-11-12 07:00;13.137699;244.067380
2020-11-12 08:00;8.516195;260.974856
2020-11-12 09:00;1.937968;254.336784
2020-11-12 10:00;6.116950;261.039401
2020-11-12 11:00;20.382994;182.291496
2020-11-12 12:00;4.783887;182.342861
2020-11-12 13:00;11.713960;89.274817
2020-11-12 14:00;19.903404;257.001079
2020-11-12 15:00;3.076530;279.848323
2020-11-12 16:00;24.464252;182.959419
2020-11-12 17:00;16.850432;224.096968
2020-11-12 18:00;8.146722;129.748876
2020-11-12 19:00;22.045802;205.891923
2020-11-12 20:00;19.193016;288.553740
2020-11-12 21:00;6.946307;107.569354
2020-11-12 22:00;7.395787;283.693702
2020-11-12 23:00;8.988885;277.534858
2020-11-13 00:00;13.586096;250.584753
2020-11-13 01:00;10.571809;201.711921
2020-11-13 02:00;8.282246;184.692749
2020-11-13 03:00;11.393702;247.201934
2020-11-13 04:00;12.651853;240.107664
2020-11-13 05:00;13.715362;205.607066
2020-11-13 06:00;4.376128;240.967001
2020-11-13 07:00;8.808548;221.699852
2020-11-13 08:00;18.066404;328.308998
2020-11-13 09:00;10.345947;212.326942
2020-11-13 10:00;16.849065;204.324193
2020-11-13 11:00;14.208684;145.940944
2020-11-13 12:00;7.947014;260.168085
2020-11-13 13:00;8.741818;302.410938
2020-11-13 14:00;22.657774;227.471361
2020-11-13 15:00;15.632230;203.620369
2020-11-13 16:00;6.121136;144.071147
2020-11-13 17:00;9.342529;160.896069
2020-11-13 18:00;25.847412;269.406013
2020-11-13 19:00;7.121526;243.260491
2020-11-13 20:00;16.802288;187.679059
2020-11-13 21:00;10.033608;275.373314
2020-11-13 22:00;8.345388;281.642713
2020-11-13 23:00;8.518104;186.064389
2020-11-14 00:00;8.007498;258.831299
2020-11-14 01:00;14.819931;182.596531
2020-11-14 02:00;11.705630;267.006568
2020-11-14 03:00;4.415468;202.977249
2020-11-14 04:00;6.986024;166.117392
2020-11-14 05:00;21.290729;258.367901
2020-11-14 06:00;14.377279;264.573999
2020-11-14 07:00;6.406348;226.199383
2020-11-14 08:00;11.138919;352.596349
2020-11-14 09:00;15.662772;197.960310
2020-11-14 10:00;24.183809;263.453661
2020-11-14 11:00;17.132801;307.529562
2020-11-14 12:00;14.974295;201.608461
2020-11-14 13:00;15.218794;202.798297
2020-11-14 14:00;6.074165;221.432506
2020-11-14 15:00;12.782173;108.972439
2020-11-14 16:00;8.763169;120.341999
2020-11-14 17:00;19.262212;237.480177
2020-11-14 18:00;1.874615;221.372567
2020-11-14 19:00;22.942272;215.541198
2020-11-14 20:00;12.345634;215.705362
2020-11-14 21:00;10.873360;262.042026
2020-11-14 22:00;6.840792;224.604939
2020-11-14 23:00;6.901565;309.475346
2020-11-15 00:00;7.353364;218.993253
2020-11-15 01:00;6.873339;295.703484
2020-11-15 02:00;9.234248;274.118328
2020-11-15 03:00;16.269110;206.544119
2020-11-15 04:00;3.798029;187.490841
2020-11-15 05:00;9.654673;60.395700
2020-11-15 06:00;12.072386;176.215417
2020-11-15 07:00;13.565865;335.696999
2020-11-15 08:00;6.233386;269.370752
2020-11-15 09:00;20.919098;242.185203
2020-11-15 10:00;3.339436;263.326262
2020-11-15 11:00;12.465641;4.691360
2020-11-15 12:00;23.074163;286.323854
2020-11-15 13:00;7.463672;236.378477
2020-11-15 14:00;10.020361;208.387705
2020-11-15 15:00;11.217636;320.658698
2020-11-15 16:00;21.578682;216.680946
2020-11-15 17:00;12.366673;92.866738
2020-11-15 18:00;21.027658;235.873460
2020-11-15 19:00;9.251434;71.785639
2020-11-15 20:00;8.741437;355.698195
2020-11-15 21:00;9.673682;263.635785
2020-11-15 22:00;16.640318;291.887655
2020-11-15 23:00;19.736991;204.465948
2020-11-16 00:00;13.661597;4.892433
2020-11-16 01:00;6.289083;195.511925
2020-11-16 02:00;7.333318;149.648181
2020-11-16 03:00;19.762839;241.540963
2020-11-16 04:00;6.993096;47.418010
2020-11-16 05:00;14.354758;225.799511
2020-11-16 06:00;10.090166;230.332285
2020-11-16 07:00;5.455191;226.371214
2020-11-16 08:00;16.685419;290.505457
2020-11-16 09:00;4.666844;188.107760
2020-11-16 10:00;4.834403;35.026602
2020-11-16 11:00;7.821317;231.480574
2020-11-16 12:00;6.785720;70.914177
2020-11-16 13:00;21.755944;195.406230
2020-11-16 14:00;18.693926;166.575384
2020-11-16 15:00;19.538075;107.250395
2020-11-16 16:00;5.793153;265.615128
2020-11-16 17:00;11.556056;254.760777
2020-11-16 18:00;7.435706;236.766035
2020-11-16 19:00;21.780538;219.137785
2020-11-16 20:00;18.484400;199.208309
2020-11-16 21:00;19.491409;266.374171
2020-11-16 22:00;16.036174;218.984270
2020-11-16 23:00;3.634803;118.503401
2020-11-17 00:00;10.727519;215.780782
2020-11-17 01:00;20.621875;240.552138
2020-11-17 02:00;23.849599;171.343334
2020-11-17 03:00;11.051434;4.502165
2020-11-17 04:00;10.043469;87.783646
2020-11-17 05:00;7.777869;222.047319
2020-11-17 06:00;9.568866;241.283597
2020-11-17 07:00;5.110861;156.792149
2020-11-17 08:00;4.388142;251.394781
2020-11-17 09:00;10.265897;240.938968
2020-11-17 10:00;12.365690;344.634055
2020-11-17 11:00;7.041016;121.010775
2020-11-17 12:00;7.350509;250.747309
2020-11-17 13:00;12.403625;261.090669
2020-11-17 14:00;11.426585;273.704861
2020-11-17 15:00;3.906541;78.990388
2020-11-17 16:00;11.717672;271.029703
2020-11-17 17:00;5.469680;170.910299
2020-11-17 18:00;14.063004;255.211776
2020-11-17 19:00;14.833550;62.017830
2020-11-17 20:00;11.193733;245.607550
2020-11-17 21:00;22.265161;217.166945
2020-11-17 22:00;9.277040;233.844066
2020-11-17 23:00;10.931115;288.063961
2020-11-18 00:00;12.411511;256.679970
2020-11-18 01:00;10.130055;179.230985
2020-11-18 02:00;12.677493;235.558785
2020-11-18 03:00;20.984222;199.732693
2020-11-18 04:00;12.565672;339.075575
2020-11-18 05:00;1.000000;228.483569
2020-11-18 06:00;7.362523;330.360602
2020-11-18 07:00;15.643467;184.324592
2020-11-18 08:00;6.295128;160.568311
2020-11-18 09:00;9.101882;207.451503
2020-11-18 10:00;7.083505;245.130569
2020-11-18 11:00;9.592583;305.210570
2020-11-18 12:00;31.587750;191.220822
2020-11-18 13:00;7.448226;224.492790
2020-11-18 14:00;3.953583;285.168189
2020-11-18 15:00;10.887517;260.947386
2020-11-18 16:00;14.672718;167.080945
2020-11-18 17:00;14.194475;16.580135
2020-11-18 18:00;17.367666;214.155542
2020-11-18 19:00;9.327232;184.029458
2020-11-18 20:00;10.373215;216.896749
2020-11-18 21:00;2.903213;279.040182
2020-11-18 22:00;26.044911;236.907345
2020-11-18 23:00;13.957689;230.527611
2020-11-19 00:00;3.452770;103.836714
2020-11-19 01:00;8.670349;211.313284
2020-11-19 02:00;1.952476;13.280739
2020-11-19 03:00;7.920105;258.310693
2020-11-19 04:00;21.071469;206.038007
2020-11-19 05:00;5.512357;258.515769
2020-11-19 06:00;11.557869;284.927690
2020-11-19 07:00;1.565740;60.205926
2020-11-19 08:00;18.291777;341.990752
2020-11-19 09:00;11.716930;151.563193
2020-11-19 10:00;7.456892;260.356837
2020-11-19 11:00;11.629394;315.895466
2020-11-19 12:00;9.094238;226.199248
2020-11-19 13:00;4.950428;255.597668
2020-11-19 14:00;1.000000;234.722946
2020-11-19 15:00;20.369277;188.865263
2020-11-19 16:00;3.741396;6.223823
2020-11-19 17:00;14.626974;253.857803
2020-11-19 18:00;20.369493;229.015406
2020-11-19 19:00;2.356653;259.495596
2020-11-19 20:00;7.064380;33.718568
2020-11-19 21:00;4.249950;182.626505
2020-11-19 22:00;11.655997;289.405823
2020-11-19 23:00;20.107227;237.624039
2020-11-20 00:00;16.780842;196.208447
2020-11-20 01:00;18.407402;267.831011
2020-11-20 02:00;9.868430;189.793974
2020-11-20 03:00;16.235264;162.998589
2020-11-20 04:00;8.927320;242.215265
2020-11-20 05:00;7.046522;214.886264
2020-11-20 06:00;23.375995;77.326543
2020-11-20 07:00;3.084783;218.280287
2020-11-20 08:00;15.383157;297.080685
2020-11-20 09:00;13.926849;244.348786
2020-11-20 10:00;5.307014;49.197956
2020-11-20 11:00;4.970674;357.204809
2020-11-20 12:00;10.898446;243.237411
2020-11-20 13:00;18.015296;146.986517
2020-11-20 14:00;7.271387;322.010046
2020-11-20 15:00;8.266848;297.155876
2020-11-20 16:00;9.823595;180.347524
2020-11-20 17:00;7.935812;223.271471
2020-11-20 18:00;2.752562;282.072292
2020-11-20 19:00;12.596733;257.964871
2020-11-20 20:00;10.467480;281.219859
2020-11-20 21:00;9.982972;234.559118
2020-11-20 22:00;14.853202;263.965899
2020-11-20 23:00;17.376107;241.675375
2020-11-21 00:00;10.903549;20.958369
2020-11-21 01:00;2.376138;210.048033
2020-11-21 02:00;10.383090;249.925622
2020-11-21 03:00;6.722505;214.917596
2020-11-21 04:00;19.874221;225.285294
2020-11-21 05:00;15.287933;225.111937
2020-11-21 06:00;12.204216;270.005204
2020-11-21 07:00;19.803822;252.354706
2020-11-21 08:00;3.253093;124.923631
2020-11-21 09:00;20.664203;258.097455
2020-11-21 10:00;9.726169;90.520360
2020-11-21 11:00;7.749540;224.783137
2020-11-21 12:00;15.550423;343.547974
2020-11-21 13:00;13.159319;181.465246
2020-11-21 14:00;29.490362;214.199139
2020-11-21 15:00;3.860962;223.817045
2020-11-21 16:00;7.427605;83.276670
2020-11-21 17:00;3.071347;63.441686
2020-11-21 18:00;8.515727;220.344885
2020-11-21 19:00;4.243119;240.633133
2020-11-21 20:00;13.216800;233.398092
2020-11-21 21:00;7.790776;332.167620
2020-11-21 22:00;16.134134;254.192614
2020-11-21 23:00;6.414309;279.557402
2020-11-22 00:00;1.070655;202.663967
2020-11-22 01:00;18.860933;228.366648
2020-11-22 02:00;8.791146;271.513147
2020-11-22 03:00;19.302910;268.088788
2020-11-22 04:00;15.467590;262.582063
2020-11-22 05:00;23.889365;177.914936
2020-11-22 06:00;8.617517;212.961701
2020-11-22 07:00;22.584894;247.828896
2020-11-22 08:00;11.372792;232.806457
2020-11-22 09:00;25.563692;254.325580
2020-11-22 10:00;5.832167;214.555387
2020-11-22 11:00;21.688991;207.194459
2020-11-22 12:00;7.721886;230.669536
2020-11-22 13:00;16.213580;273.580300
2020-11-22 14:00;5.890978;283.720372
2020-11-22 15:00;12.878388;211.613338
2020-11-22 16:00;24.059834;259.550680
2020-11-22 17:00;1.081418;253.586056
2020-11-22 18:00;11.412202;175.417036
2020-11-22 19:00;19.316894;219.579844
2020-11-22 20:00;16.512797;84.497437
2020-11-22 21:00;6.903834;271.711972
2020-11-22 22:00;9.378552;205.511732
2020-11-22 23:00;13.847075;352.364785
2020-11-23 00:00;18.219225;256.776236
2020-11-23 01:00;15.270637;193.333578
2020-11-23 02:00;19.170401;220.233963
2020-11-23 03:00;6.311442;262.851753
2020-11-23 04:00;10.605592;208.339510
2020-11-23 05:00;7.418494;231.292060
2020-11-23 06:00;5.539591;184.755835
2020-11-23 07:00;13.294509;230.031715
2020-11-23 08:00;6.849118;309.060152
2020-11-23 09:00;13.073689;239.405569
2020-11-23 10:00;24.885597;311.719356
2020-11-23 11:00;5.663803;237.058453
2020-11-23 12:00;1.888470;259.292007
2020-11-23 13:00;9.781865;278.964161
2020-11-23 14:00;17.225326;214.953404
2020-11-23 15:00;16.710023;284.214882
2020-11-23 16:00;21.301319;242.337116
2020-11-23 17:00;13.369220;229.333824
2020-11-23 18:00;11.526829;149.221890
2020-11-23 19:00;11.146692;212.572308
2020-11-23 20:00;11.620171;254.891214
2020-11-23 21:00;9.655936;216.034602
2020-11-23 22:00;15.382199;209.065606
2020-11-23 23:00;10.155773;323.726403
2020-11-24 00:00;6.967277;246.357932
2020-11-24 01:00;9.850407;227.607897
2020-11-24 02:00;6.802020;312.390498
2020-11-24 03:00;9.163055;157.264818
2020-11-24 04:00;9.488728;311.628005
2020-11-24 05:00;15.178839;89.048574
2020-11-24 06:00;16.858036;271.336907
2020-11-24 07:00;13.069943;285.999813
2020-11-24 08:00;15.073203;286.746287
2020-11-24 09:00;11.856678;276.191787
2020-11-24 10:00;15.887152;272.316251
2020-11-24 11:00;5.972027;246.615271
2020-11-24 12:00;24.321559;293.126270
2020-11-24 13:00;14.958620;274.310668
2020-11-24 14:00;12.971457;206.114850
2020-11-24 15:00;15.372945;239.980493
2020-11-24 16:00;6.585601;225.313875
2020-11-24 17:00;7.356981;262.174725
2020-11-24 18:00;1.933465;0.930158
2020-11-24 19:00;22.830634;358.362271
2020-11-24 20:00;8.955166;271.484869
2020-11-24 21:00;6.514314;144.112433
2020-11-24 22:00;16.535050;270.716287
2020-11-24 23:00;6.832317;276.621250
2020-11-25 00:00;7.702442;115.096162
2020-11-25 01:00;5.869109;162.993082
2020-11-25 02:00;9.485524;227.070871
2020-11-25 03:00;1.766323;281.380750
2020-11-25 04:00;2.459554;229.836508
2020-11-25 05:00;12.293769;236.500104
2020-11-25 06:00;13.739688;85.620419
2020-11-25 07:00;7.362290;222.014266
2020-11-25 08:00;4.419579;292.075832
2020-11-25 09:00;6.967851;94.987385
2020-11-25 10:00;10.378868;269.433027
2020-11-25 11:00;6.924312;62.801722
2020-11-25 12:00;14.172335;242.528157
2020-11-25 13:00;6.818001;199.815787
2020-11-25 14:00;11.158813;241.956116
2020-11-25 15:00;11.029294;236.734397
2020-11-25 16:00;24.540009;178.801691
2020-11-25 17:00;11.665569;233.959148
2020-11-25 18:00;18.004836;235.219986
2020-11-25 19:00;6.038015;128.489737
2020-11-25 20:00;4.128704;130.203265
2020-11-25 21:00;4.461355;266.230150
2020-11-25 22:00;9.261726;323.306265
2020-11-25 23:00;11.111896;291.427765
2020-11-26 00:00;14.260976;323.640793
2020-11-26 01:00;5.796129;211.666184
2020-11-26 02:00;11.726574;283.101441
2020-11-26 03:00;8.970000;204.211828
2020-11-26 04:00;13.582999;275.030613
2020-11-26 05:00;9.493667;233.699173
2020-11-26 06:00;8.185821;245.287711
2020-11-26 07:00;11.795687;25.885954
2020-11-26 08:00;17.880713;222.891869
2020-11-26 09:00;6.289908;350.513639
2020-11-26 10:00;3.111909;320.799047
2020-11-26 11:00;5.358975;221.846915
2020-11-26 12:00;14.293352;197.772292
2020-11-26 13:00;15.254629;207.260716
2020-11-26 14:00;3.308365;186.844367
2020-11-26 15:00;11.216172;257.372705
2020-11-26 16:00;6.064660;244.263321
2020-11-26 17:00;24.659192;189.445183
2020-11-26 18:00;12.308725;230.634921
2020-11-26 19:00;8.214559;229.481347
2020-11-26 20:00;6.191370;10.128222
2020-11-26 21:00;16.296944;42.063937
2020-11-26 22:00;10.325757;295.879384
2020-11-26 23:00;10.007826;225.574419
2020-11-27 00:00;8.134321;23.930283
2020-11-27 01:00;25.068911;233.234593
2020-11-27 02:00;12.467261;266.770509
2020-11-27 03:00;22.250471;274.519023
2020-11-27 04:00;18.974666;4.462828
2020-11-27 05:00;12.127348;286.688737
2020-11-27 06:00;9.579109;305.991098
2020-11-27 07:00;5.695667;298.592341
2020-11-27 08:00;9.387032;185.059337
2020-11-27 09:00;3.798706;275.561755
2020-11-27 10:00;16.501474;250.976022
2020-11-27 11:00;19.430345;230.402926
2020-11-27 12:00;17.415562;142.347299
2020-11-27 13:00;14.820038;217.288119
2020-11-27 14:00;19.545115;248.573280
2020-11-27 15:00;10.108729;240.965426
2020-11-27 16:00;17.828026;278.824669
2020-11-27 17:00;5.898581;219.012960
2020-11-27 18:00;15.890069;270.309871
2020-11-27 19:00;5.375264;183.275022
2020-11-27 20:00;13.552850;226.405469
2020-11-27 21:00;14.343343;196.534317
2020-11-27 22:00;4.050835;269.198762
2020-11-27 23:00;1.000000;302.212758
2020-11-28 00:00;10.106002;199.640943
2020-11-28 01:00;19.755572;101.985975
2020-11-28 02:00;20.739357;226.510345
2020-11-28 03:00;10.994917;122.702893
2020-11-28 04:00;13.289982;276.180552
2020-11-28 05:00;11.232923;26.421010
2020-11-28 06:00;19.899962;305.091564
2020-11-28 07:00;7.289209;77.862993
2020-11-28 08:00;25.113427;234.696826
2020-11-28 09:00;7.209759;185.072115
2020-11-28 10:00;10.123699;156.854417
2020-11-28 11:00;6.319590;214.418090
2020-11-28 12:00;11.817512;283.871256
2020-11-28 13:00;11.273370;304.340511
2020-11-28 14:00;18.354986;319.234179
2020-11-28 15:00;19.070426;267.883078
2020-11-28 16:00;13.186728;225.998986
2020-11-28 17:00;8.412579;213.728653
2020-11-28 18:00;14.361600;235.570220
2020-11-28 19:00;23.746229;220.060086
2020-11-28 20:00;12.170027;157.645798
2020-11-28 21:00;5.047175;57.407916
2020-11-28 22:00;14.669907;236.409644
2020-11-28 23:00;18.961964;243.815374
2020-11-29 00:00;22.632821;44.566290
2020-11-29 01:00;9.198153;296.640590
2020-11-29 02:00;12.255810;275.105146
2020-11-29 03:00;3.587119;281.072789
2020-11-29 04:00;4.441327;189.095062
2020-11-29 05:00;19.364527;263.445738
2020-11-29 06:00;8.430649;273.103871
2020-11-29 07:00;6.612268;255.382818
2020-11-29 08:00;14.315746;260.434659
2020-11-29 09:00;11.734128;191.138970
2020-11-29 10:00;1.000000;238.751992
2020-11-29 11:00;10.716439;147.871507
2020-11-29 12:00;13.192828;267.523234
2020-11-29 13:00;7.709869;222.865189
2020-11-29 14:00;12.337212;247.027917
2020-11-29 15:00;10.227581;275.449550
2020-11-29 16:00;14.549296;275.048619
2020-11-29 17:00;11.132049;236.692655
2020-11-29 18:00;13.308961;266.339517
2020-11-29 19:00;16.563192;211.463917
2020-11-29 20:00;17.121212;273.237661
2020-11-29 21:00;11.708361;265.490699
2020-11-29 22:00;7.288047;243.455328
2020-11-29 23:00;16.548374;13.198054
2020-11-30 00:00;7.817973;222.201667
2020-11-30 01:00;6.265138;242.622705
2020-11-30 02:00;11.974663;239.046709
2020-11-30 03:00;4.434502;212.900236
2020-11-30 04:00;6.576512;239.170593
2020-11-30 05:00;12.411418;262.186731
2020-11-30 06:00;1.801319;282.377807
2020-11-30 07:00;5.521857;204.562465
2020-11-30 08:00;26.712437;205.442275
2020-11-30 09:00;13.667850;330.221778
2020-11-30 10:00;8.565697;268.108286
2020-11-30 11:00;8.193403;284.725769
2020-11-30 12:00;5.124488;251.993467
2020-11-30 13:00;17.342912;223.983142
2020-11-30 14:00;24.991373;198.016877
2020-11-30 15:00;14.869791;229.679724
2020-11-30 16:00;3.568778;7.588809
2020-11-30 17:00;10.789509;230.588745
2020-11-30 18:00;14.594726;254.929114
2020-11-30 19:00;17.312581;273.251657
2020-11-30 20:00;9.176311;261.577042
2020-11-30 21:00;5.394636;201.365577
2020-11-30 22:00;7.959591;8.860383
2020-11-30 23:00;4.565092;258.774424
2020-12-01 00:00;13.572962;199.077449
2020-12-01 01:00;18.170688;324.448995
2020-12-01 02:00;32.300882;283.728480
2020-12-01 03:00;13.399102;184.084054
2020-12-01 04:00;7.237470;247.893534
2020-12-01 05:00;6.650757;155.640339
2020-12-01 06:00;22.790289;276.897660
2020-12-01 07:00;13.928717;224.105063
2020-12-01 08:00;18.192654;213.353946
2020-12-01 09:00;14.943691;325.289156
2020-12-01 10:00;5.604037;218.432281
2020-12-01 11:00;6.200873;232.449549
2020-12-01 12:00;2.042439;76.509042
2020-12-01 13:00;8.187116;4.586031
2020-12-01 14:00;8.277287;207.773699
2020-12-01 15:00;12.388525;231.676330
2020-12-01 16:00;17.997503;129.986703
2020-12-01 17:00;23.801693;266.713561
2020-12-01 18:00;6.944998;271.071233
2020-12-01 19:00;12.863352;283.122502
2020-12-01 20:00;14.787319;240.004382
2020-12-01 21:00;15.377348;327.735421
2020-12-01 22:00;13.613298;193.127276
2020-12-01 23:00;6.113025;203.397761
2020-12-02 00:00;16.048608;210.099784
2020-12-02 01:00;8.266435;238.019467
2020-12-02 02:00;22.395323;298.831729
2020-12-02 03:00;16.036541;241.715857
2020-12-02 04:00;7.581409;295.881418
2020-12-02 05:00;4.002358;270.826586
2020-12-02 06:00;10.339453;243.531401
2020-12-02 07:00;22.390181;213.010745
2020-12-02 08:00;17.081672;196.578396
2020-12-02 09:00;7.110215;258.497878
2020-12-02 10:00;5.796454;296.823690
2020-12-02 11:00;19.052138;272.168195
2020-12-02 12:00;4.646434;85.436100
2020-12-02 13:00;11.419045;246.795176
2020-12-02 14:00;10.799172;266.819381
2020-12-02 15:00;17.252916;182.557930
2020-12-02 16:00;15.433799;230.170773
2020-12-02 17:00;5.603697;232.005216
2020-12-02 18:00;13.720472;183.324068
2020-12-02 19:00;5.814137;241.953193
2020-12-02 20:00;12.123608;231.146702
2020-12-02 21:00;15.121173;212.905429
2020-12-02 22:00;1.000000;41.918941
2020-12-02 23:00;7.661405;120.334123
2020-12-03 00:00;10.707421;203.574263
2020-12-03 01:00;4.532250;281.236748
2020-12-03 02:00;7.879116;233.328067
2020-12-03 03:00;17.468472;282.318371
2020-12-03 04:00;8.920422;221.826160
2020-12-03 05:00;21.863560;275.476137
2020-12-03 06:00;9.934377;217.937536
2020-12-03 07:00;6.210167;271.664697
2020-12-03 08:00;6.004252;280.166446
2020-12-03 09:00;11.837244;31.220491
2020-12-03 10:00;10.642939;264.546368
2020-12-03 11:00;12.652446;216.550757
2020-12-03 12:00;14.775185;278.983765
2020-12-03 13:00;19.938120;282.324258
2020-12-03 14:00;9.733783;220.112405
2020-12-03 15:00;17.106089;247.601007
2020-12-03 16:00;14.126001;253.072227
2020-12-03 17:00;6.753285;194.597314
2020-12-03 18:00;22.389675;305.214518
2020-12-03 19:00;8.646069;237.595236
2020-12-03 20:00;16.773261;268.877154
2020-12-03 21:00;17.818369;285.727776
2020-12-03 22:00;18.129786;203.351000
2020-12-03 23:00;3.964755;196.983509
2020-12-04 00:00;9.113555;198.864309
2020-12-04 01:00;4.753627;266.368823
2020-12-04 02:00;6.662969;233.258999
2020-12-04 03:00;10.954701;275.469972
2020-12-04 04:00;12.536451;22.229119
2020-12-04 05:00;17.939547;238.986527
2020-12-04 06:00;10.791664;294.690884
2020-12-04 07:00;7.727245;38.532663
2020-12-04 08:00;11.808187;91.115802
2020-12-04 09:00;4.599334;270.116408
2020-12-04 10:00;18.575716;132.120546
2020-12-04 11:00;21.914612;260.668273
2020-12-04 12:00;7.542143;219.937885
2020-12-04 13:00;13.004075;273.405272
2020-12-04 14:00;14.027218;240.034904
2020-12-04 15:00;5.022316;22.103817
2020-12-04 16:00;10.698957;140.608551
2020-12-04 17:00;15.700842;308.600500
2020-12-04 18:00;21.615797;239.280653
2020-12-04 19:00;15.676401;296.720209
2020-12-04 20:00;6.698593;137.888226
2020-12-04 21:00;21.879400;244.573283
2020-12-04 22:00;18.708194;234.178213
2020-12-04 23:00;23.095949;255.010925
2020-12-05 00:00;19.671636;273.219968
2020-12-05 01:00;5.173026;203.952291
2020-12-05 02:00;18.171474;79.120304
2020-12-05 03:00;4.841483;278.109088
2020-12-05 04:00;5.830117;252.644925
2020-12-05 05:00;18.900337;229.035504
2020-12-05 06:00;7.591627;250.812581
2020-12-05 07:00;1.105403;209.038694
2020-12-05 08:00;10.471539;40.382993
2020-12-05 09:00;9.727361;280.301010
2020-12-05 10:00;7.362304;239.204097
2020-12-05 11:00;5.413829;268.670100
2020-12-05 12:00;5.916588;72.361550
2020-12-05 13:00;3.715798;359.401770
2020-12-05 14:00;16.319179;277.689177
2020-12-05 15:00;5.345502;267.341401
2020-12-05 16:00;24.753674;288.566205
2020-12-05 17:00;20.512840;235.225193
2020-12-05 18:00;11.295830;257.324846
2020-12-05 19:00;5.986366;218.000343
2020-12-05 20:00;15.531223;205.337310
2020-12-05 21:00;3.579526;31.106506
2020-12-05 22:00;15.834563;250.735950
2020-12-05 23:00;11.166317;232.134067
2020-12-06 00:00;19.628952;263.045498
2020-12-06 01:00;13.526507;218.720455
2020-12-06 02:00;17.118203;281.292359
2020-12-06 03:00;21.164060;198.144144
2020-12-06 04:00;12.918155;239.891472
2020-12-06 05:00;17.261864;183.473693
2020-12-06 06:00;6.093049;281.797496
2020-12-06 07:00;4.283750;256.422801
2020-12-06 08:00;3.249559;221.164367
2020-12-06 09:00;9.926892;212.656462
2020-12-06 10:00;12.537147;173.692695
2020-12-06 11:00;6.410641;233.193065
2020-12-06 12:00;23.482374;295.173541
2020-12-06 13:00;15.546635;167.993402
2020-12-06 14:00;3.518855;264.868452
2020-12-06 15:00;6.722018;259.502382
2020-12-06 16:00;11.231601;267.438138
2020-12-06 17:00;10.236061;11.532097
2020-12-06 18:00;4.368174;286.651231
2020-12-06 19:00;13.826871;240.979520
2020-12-06 20:00;11.789774;191.286393
2020-12-06 21:00;9.701141;277.838629
2020-12-06 22:00;17.834329;201.720596
2020-12-06 23:00;16.301533;250.130860
2020-12-07 00:00;17.223686;251.930772
2020-12-07 01:00;9.561838;226.494452
2020-12-07 02:00;5.296587;192.000128
2020-12-07 03:00;12.152483;223.516387
2020-12-07 04:00;10.667081;195.520881
2020-12-07 05:00;27.646680;352.868935
2020-12-07 06:00;10.232407;111.631051
2020-12-07 07:00;7.412626;239.093803
2020-12-07 08:00;4.354267;23.346787
2020-12-07 09:00;3.104281;213.638718
2020-12-07 10:00;9.455349;254.400732
2020-12-07 11:00;21.728248;228.674664
2020-12-07 12:00;1.000000;278.154992
2020-12-07 13:00;28.800088;210.144688
2020-12-07 14:00;31.757984;308.262645
2020-12-07 15:00;23.156621;264.346664
2020-12-07 16:00;12.159548;290.940249
2020-12-07 17:00;6.015556;293.016279
2020-12-07 18:00;23.022026;110.057308
2020-12-07 19:00;20.272072;255.358508
2020-12-07 20:00;12.386736;56.286162
2020-12-07 21:00;17.672593;271.808162
2020-12-07 22:00;15.687374;245.145110
2020-12-07 23:00;9.299884;290.108010
2020-12-08 00:00;3.366653;60.937603
2020-12-08 01:00;9.794945;92.172567
2020-12-08 02:00;14.901742;274.485178
2020-12-08 03:00;3.842959;223.077765
2020-12-08 04:00;18.929857;195.275585
2020-12-08 05:00;2.394999;321.244131
2020-12-08 06:00;10.766263;68.262671
2020-12-08 07:00;1.960992;192.882419
2020-12-08 08:00;6.181198;265.588040
2020-12-08 09:00;5.838399;125.784690
2020-12-08 10:00;11.051669;234.025543
2020-12-08 11:00;6.690560;230.898327
2020-12-08 12:00;6.608507;89.965874
2020-12-08 13:00;11.587944;274.682303
2020-12-08 14:00;4.976484;235.171694
2020-12-08 15:00;14.768155;250.990850
2020-12-08 16:00;6.120842;265.389845
2020-12-08 17:00;1.609813;265.702289
2020-12-08 18:00;10.253764;318.609982
2020-12-08 19:00;17.577194;271.299790
2020-12-08 20:00;17.317827;308.737012
2020-12-08 21:00;17.414781;206.818265
2020-12-08 22:00;9.945576;183.251293
2020-12-08 23:00;13.226196;253.045954
2020-12-09 00:00;4.606361;178.646763
2020-12-09 01:00;10.207483;142.978915
2020-12-09 02:00;8.361954;208.392120
2020-12-09 03:00;20.919743;159.859471
2020-12-09 04:00;6.090783;122.313695
2020-12-09 05:00;13.695241;243.774710
2020-12-09 06:00;10.892570;12.863802
2020-12-09 07:00;2.667203;30.883472
2020-12-09 08:00;22.820278;270.462827
2020-12-09 09:00;10.270469;299.907290
2020-12-09 10:00;14.076462;287.856600
2020-12-09 11:00;5.065406;297.354368
2020-12-09 12:00;16.228893;261.084321
2020-12-09 13:00;15.940374;239.306321
2020-12-09 14:00;6.751339;43.853667
2020-12-09 15:00;8.886848;333.847463
2020-12-09 16:00;15.575434;261.708937
2020-12-09 17:00;17.446455;191.928012
2020-12-09 18:00;21.262507;228.046830
2020-12-09 19:00;9.946030;273.460649
2020-12-09 20:00;3.910813;63.652578
2020-12-09 21:00;12.927250;204.611627
2020-12-09 22:00;4.437326;207.992937
2020-12-09 23:00;19.490415;230.903589
2020-12-10 00:00;8.373307;278.685454
2020-12-10 01:00;3.465225;266.846945
2020-12-10 02:00;7.447004;248.930421
2020-12-10 03:00;7.076483;255.702093
2020-12-10 04:00;7.418609;285.103106
2020-12-10 05:00;21.967350;191.428656
2020-12-10 06:00;10.738317;242.746965
2020-12-10 07:00;7.740785;254.670012
2020-12-10 08:00;19.243566;231.999692
2020-12-10 09:00;4.429820;220.083408
2020-12-10 10:00;13.361469;163.352717
2020-12-10 11:00;15.457766;240.543230
2020-12-10 12:00;9.693141;121.965047
2020-12-10 13:00;8.827421;11.756245
2020-12-10 14:00;13.552127;216.512636
2020-12-10 15:00;5.359633;238.866920
2020-12-10 16:00;11.898808;228.166274
2020-12-10 17:00;9.590135;234.388266
2020-12-10 18:00;7.365326;223.040856
2020-12-10 19:00;19.765348;195.908601
2020-12-10 20:00;16.682299;162.798678
2020-12-10 21:00;14.470858;207.873444
2020-12-10 22:00;12.618910;229.346540
2020-12-10 23:00;4.078376;266.011382
2020-12-11 00:00;17.594095;199.551656
2020-12-11 01:00;12.935866;235.626203
2020-12-11 02:00;20.074902;251.360029
2020-12-11 03:00;5.131938;228.374395
2020-12-11 04:00;12.303932;187.190076
2020-12-11 05:00;8.971822;143.529816
2020-12-11 06:00;2.162082;252.292665
2020-12-11 07:00;10.149123;239.292003
2020-12-11 08:00;11.195362;290.197491
2020-12-11 09:00;2.526842;312.547408
2020-12-11 10:00;14.930878;301.765831
2020-12-11 11:00;18.751350;235.012032
2020-12-11 12:00;9.757218;309.049659
2020-12-11 13:00;13.983737;203.704829
2020-12-11 14:00;11.146152;253.951856
2020-12-11 15:00;6.019547;259.789627
2020-12-11 16:00;6.817271;235.408977
2020-12-11 17:00;12.686161;232.677912
2020-12-11 18:00;6.850977;183.531565
2020-12-11 19:00;19.586660;267.371896
2020-12-11 20:00;4.178836;248.597868
2020-12-11 21:00;11.819221;119.587798
2020-12-11 22:00;22.716171;278.741698
2020-12-11 23:00;16.660385;181.862256
2020-12-12 00:00;5.763838;222.508242
2020-12-12 01:00;12.656467;344.263698
2020-12-12 02:00;10.205519;178.026052
2020-12-12 03:00;22.171206;231.548602
2020-12-12 04:00;5.563205;229.085348
2020-12-12 05:00;20.279746;205.979254
2020-12-12 06:00;20.936296;269.713235
2020-12-12 07:00;10.892737;4.109822
2020-12-12 08:00;9.684459;99.931363
2020-12-12 09:00;5.270626;263.659696
2020-12-12 10:00;8.748573;207.655120
2020-12-12 11:00;15.827310;274.722201
2020-12-12 12:00;18.938006;294.282162
2020-12-12 13:00;7.490451;270.523006
2020-12-12 14:00;13.183455;210.137252
2020-12-12 15:00;4.550302;171.017015
2020-12-12 16:00;15.184783;168.882058
2020-12-12 17:00;17.523347;211.651909
2020-12-12 18:00;4.843626;303.957313
2020-12-12 19:00;26.008911;256.234383
2020-12-12 20:00;9.767786;174.797875
2020-12-12 21:00;5.746104;281.110869
2020-12-12 22:00;14.648902;202.928878
2020-12-12 23:00;14.904676;171.726760
2020-12-13 00:00;7.697470;156.545353
2020-12-13 01:00;15.428927;142.242322
2020-12-13 02:00;7.554536;174.432283
2020-12-13 03:00;6.523499;113.947540
2020-12-13 04:00;18.440001;264.507637
2020-12-13 05:00;14.450214;234.753104
2020-12-13 06:00;7.261307;238.511404
2020-12-13 07:00;10.135732;130.777822
2020-12-13 08:00;11.633014;271.935164
2020-12-13 09:00;12.985207;207.785281
2020-12-13 10:00;6.068826;223.792049
2020-12-13 11:00;7.148798;279.862537
2020-12-13 12:00;11.228561;225.172323
2020-12-13 13:00;16.314370;252.218485
2020-12-13 14:00;16.743246;236.940515
2020-12-13 15:00;11.544614;224.384759
2020-12-13 16:00;3.993448;20.751235
2020-12-13 17:00;15.459347;183.030868
2020-12-13 18:00;12.635974;290.960934
2020-12-13 19:00;16.446299;208.789439
2020-12-13 20:00;4.467690;220.969537
2020-12-13 21:00;10.492348;277.376226
2020-12-13 22:00;9.028582;294.796556
2020-12-13 23:00;12.271740;224.880676
2020-12-14 00:00;3.792348;329.131044
2020-12-14 01:00;14.242250;350.253208
2020-12-14 02:00;19.344617;299.401999
2020-12-14 03:00;18.286470;169.768080
2020-12-14 04:00;9.462135;279.402933
2020-12-14 05:00;8.389122;331.066245
2020-12-14 06:00;18.896218;234.564906
2020-12-14 07:00;5.214431;95.395492
2020-12-14 08:00;4.163528;212.581672
2020-12-14 09:00;3.774329;115.653079
2020-12-14 10:00;22.736896;221.713754
2020-12-14 11:00;22.137660;213.307139
2020-12-14 12:00;6.318776;234.069087
2020-12-14 13:00;15.377594;256.465931
2020-12-14 14:00;7.360490;95.848079
2020-12-14 15:00;13.147549;253.378120
2020-12-14 16:00;3.239613;236.655851
2020-12-14 17:00;18.247141;231.595676
2020-12-14 18:00;9.724741;206.097143
2020-12-14 19:00;3.876433;207.542592
2020-12-14 20:00;8.431391;137.313201
2020-12-14 21:00;3.980109;266.766758
2020-12-14 22:00;9.043179;21.263844
2020-12-14 23:00;13.362626;196.341678
2020-12-15 00:00;5.350261;137.104588
2020-12-15 01:00;2.799776;240.805504
2020-12-15 02:00;7.545478;218.475881
2020-12-15 03:00;6.304486;135.693687
2020-12-15 04:00;13.707766;214.214290
2020-12-15 05:00;2.780191;257.066148
2020-12-15 06:00;8.174624;234.796107
2020-12-15 07:00;4.001466;128.132013
2020-12-15 08:00;12.716722;234.704239
2020-12-15 09:00;5.281476;251.520318
2020-12-15 10:00;8.120244;333.860632
2020-12-15 11:00;9.206492;54.029438
2020-12-15 12:00;10.938169;208.202046
2020-12-15 13:00;6.412364;284.866869
2020-12-15 14:00;8.950115;256.008857
2020-12-15 15:00;5.622981;197.945469
2020-12-15 16:00;15.425809;193.164867
2020-12-15 17:00;9.593226;263.096814
2020-12-15 18:00;12.217052;184.962700
2020-12-15 19:00;4.634296;192.657331
2020-12-15 20:00;5.312406;313.586153
2020-12-15 21:00;2.732836;175.224452
2020-12-15 22:00;12.359996;279.967100
2020-12-15 23:00;2.516518;281.215952
2020-12-16 00:00;3.751943;133.787097
2020-12-16 01:00;8.807794;135.848080
2020-12-16 02:00;22.171056;210.821667
2020-12-16 03:00;12.840423;246.648648
2020-12-16 04:00;2.376737;151.930942
2020-12-16 05:00;7.526781;273.357971
2020-12-16 06:00;14.651901;272.327385
2020-12-16 07:00;9.457725;187.615423
2020-12-16 08:00;12.839774;207.444307
2020-12-16 09:00;11.693257;267.169790
2020-12-16 10:00;15.041778;222.070954
2020-12-16 11:00;11.259920;251.674013
2020-12-16 12:00;8.273674;191.804794
2020-12-16 13:00;10.902741;301.171530
2020-12-16 14:00;12.247719;202.013111
2020-12-16 15:00;8.593164;148.393071
2020-12-16 16:00;2.631756;264.678136
2020-12-16 17:00;9.275074;285.260427
2020-12-16 18:00;11.046380;221.943351
2020-12-16 19:00;10.585204;307.327864
2020-12-16 20:00;6.289006;293.699114
2020-12-16 21:00;17.947869;261.836951
2020-12-16 22:00;15.715896;237.866116
2020-12-16 23:00;5.277094;84.990371
2020-12-17 00:00;10.505266;244.560905
2020-12-17 01:00;12.864565;338.747013
2020-12-17 02:00;8.800040;228.249224
2020-12-17 03:00;6.121066;234.577054
2020-12-17 04:00;7.988246;241.113208
2020-12-17 05:00;2.484667;188.774239
2020-12-17 06:00;16.363093;226.988155
2020-12-17 07:00;12.112024;279.702436
2020-12-17 08:00;17.520826;284.855880
2020-12-17 09:00;21.970484;214.014439
2020-12-17 10:00;7.637997;299.866114
2020-12-17 11:00;5.950726;89.604696
2020-12-17 12:00;3.456230;217.668118
2020-12-17 13:00;14.296551;211.901420
2020-12-17 14:00;22.421990;280.328622
2020-12-17 15:00;14.528774;238.603112
2020-12-17 16:00;19.572369;216.196010
2020-12-17 17:00;4.289458;276.107753
2020-12-17 18:00;5.115189;247.203054
2020-12-17 19:00;4.218296;248.214808
2020-12-17 20:00;11.673081;267.460467
2020-12-17 21:00;15.798416;282.525380
2020-12-17 22:00;4.642818;277.985635
2020-12-17 23:00;7.297817;33.284759
2020-12-18 00:00;18.243289;245.956673
2020-12-18 01:00;13.830711;155.154413
2020-12-18 02:00;4.644104;190.505648
2020-12-18 03:00;2.653088;278.119137
2020-12-18 04:00;20.655746;275.360612
2020-12-18 05:00;6.524024;218.602485
2020-12-18 06:00;9.974543;183.651126
2020-12-18 07:00;7.012296;356.097568
2020-12-18 08:00;13.673971;229.241561
2020-12-18 09:00;16.518858;260.152876
2020-12-18 10:00;9.311657;169.312443
2020-12-18 11:00;11.801427;274.923358
2020-12-18 12:00;9.706739;297.928153
2020-12-18 13:00;8.409689;59.810399
2020-12-18 14:00;4.426777;42.487673
2020-12-18 15:00;15.819703;301.344897
2020-12-18 16:00;16.568980;266.316140
2020-12-18 17:00;3.729386;62.673644
2020-12-18 18:00;7.097678;277.063819
2020-12-18 19:00;4.082978;228.750950
2020-12-18 20:00;12.058915;108.888852
2020-12-18 21:00;7.362289;113.453748
2020-12-18 22:00;27.165635;227.305240
2020-12-18 23:00;6.966869;260.132889
2020-12-19 00:00;14.071074;219.181516
2020-12-19 01:00;19.367086;349.335505
2020-12-19 02:00;9.447986;31.234952
2020-12-19 03:00;10.888331;275.320291
2020-12-19 04:00;15.668114;354.997896
2020-12-19 05:00;7.199997;318.651511
2020-12-19 06:00;9.523276;301.904420
2020-12-19 07:00;8.686355;218.874264
2020-12-19 08:00;10.202520;156.899921
2020-12-19 09:00;4.214803;4.708370
2020-12-19 10:00;6.710510;359.204233
2020-12-19 11:00;15.366311;212.645236
2020-12-19 12:00;8.565332;162.961630
2020-12-19 13:00;11.360840;250.776458
2020-12-19 14:00;20.574681;156.133427
2020-12-19 15:00;7.299911;240.539132
2020-12-19 16:00;25.815094;246.373529
2020-12-19 17:00;16.727575;207.062166
2020-12-19 18:00;4.132035;295.701254
2020-12-19 19:00;16.247595;267.960441
2020-12-19 20:00;15.453676;232.410941
2020-12-19 21:00;9.512355;177.206187
2020-12-19 22:00;15.711860;185.479860
2020-12-19 23:00;6.652230;267.634627
2020-12-20 00:00;18.417694;285.965839
2020-12-20 01:00;13.269675;294.017200
2020-12-20 02:00;20.165154;187.195591
2020-12-20 03:00;20.082742;215.728304
2020-12-20 04:00;5.031583;233.963917
2020-12-20 05:00;6.834897;153.845548
2020-12-20 06:00;10.152887;220.391605
2020-12-20 07:00;16.332717;254.701357
2020-12-20 08:00;9.902353;199.335034
2020-12-20 09:00;11.064414;190.407679
2020-12-20 10:00;8.407373;206.536769
2020-12-20 11:00;16.539600;247.000895
2020-12-20 12:00;12.183132;221.824516
2020-12-20 13:00;3.670710;217.064547
2020-12-20 14:00;9.540301;211.874791
2020-12-20 15:00;13.890107;260.109794
2020-12-20 16:00;3.129824;36.732697
2020-12-20 17:00;7.091737;213.502260
2020-12-20 18:00;3.110433;272.319746
2020-12-20 19:00;10.805427;224.275792
2020-12-20 20:00;3.839055;319.895507
2020-12-20 21:00;5.173898;256.300936
2020-12-20 22:00;17.665539;42.973948
2020-12-20 23:00;9.033261;291.062158
2020-12-21 00:00;6.086876;258.962946
2020-12-21 01:00;13.410271;249.349691
2020-12-21 02:00;4.855012;236.726836
2020-12-21 03:00;14.493986;177.004780
2020-12-21 04:00;1.000000;223.525469
2020-12-21 05:00;17.730570;208.901360
2020-12-21 06:00;20.130635;248.481142
2020-12-21 07:00;8.525766;270.773836
2020-12-21 08:00;5.555564;238.103501
2020-12-21 09:00;6.837740;255.760989
2020-12-21 10:00;8.298754;254.827430
2020-12-21 11:00;2.788421;266.168652
2020-12-21 12:00;26.678137;261.047326
2020-12-21 13:00;7.572240;249.999153
2020-12-21 14:00;6.034415;315.349300
2020-12-21 15:00;9.513485;277.351172
2020-12-21 16:00;13.277699;229.444258
2020-12-21 17:00;13.002697;210.051875
2020-12-21 18:00;21.221535;283.692801
2020-12-21 19:00;15.452017;1.395504
2020-12-21 20:00;12.080118;257.980835
2020-12-21 21:00;7.493553;318.220370
2020-12-21 22:00;20.926398;257.257001
2020-12-21 23:00;9.301141;58.599815
2020-12-22 00:00;6.783959;217.554629
2020-12-22 01:00;7.951212;223.353530
2020-12-22 02:00;5.904287;42.973412
2020-12-22 03:00;10.809701;277.456977
2020-12-22 04:00;12.633304;265.829816
2020-12-22 05:00;8.415817;251.007087
2020-12-22 06:00;14.254378;2.179516
2020-12-22 07:00;16.319065;224.827602
2020-12-22 08:00;8.694059;255.088977
2020-12-22 09:00;7.220105;250.683622
2020-12-22 10:00;10.334222;227.130355
2020-12-22 11:00;7.659176;254.196745
2020-12-22 12:00;7.914714;222.205976
2020-12-22 13:00;9.801434;313.348569
2020-12-22 14:00;9.333430;250.581096
2020-12-22 15:00;7.484960;220.758814
2020-12-22 16:00;13.346441;212.241516
2020-12-22 17:00;14.537763;256.385897
2020-12-22 18:00;18.003819;262.791730
2020-12-22 19:00;22.757969;320.995052
2020-12-22 20:00;13.467972;270.459480
2020-12-22 21:00;7.714972;248.292526
2020-12-22 22:00;6.294468;223.781522
2020-12-22 23:00;6.869692;280.606810
2020-12-23 00:00;9.964748;283.460167
2020-12-23 01:00;28.751234;248.628422
2020-12-23 02:00;16.957971;171.449366
2020-12-23 03:00;5.231028;218.931548
2020-12-23 04:00;21.788930;290.102003
2020-12-23 05:00;20.415024;227.681022
2020-12-23 06:00;7.488057;252.954909
2020-12-23 07:00;10.449837;148.404208
2020-12-23 08:00;16.122762;186.926283
2020-12-23 09:00;19.919109;219.340388
2020-12-23 10:00;7.857750;107.441379
2020-12-23 11:00;8.276309;246.489082
2020-12-23 12:00;9.646703;164.282700
2020-12-23 13:00;2.134423;53.228083
2020-12-23 14:00;17.360398;250.593608
2020-12-23 15:00;2.824720;237.586808
2020-12-23 16:00;10.889308;346.396244
2020-12-23 17:00;8.266427;109.785605
2020-12-23 18:00;9.538749;42.274235
2020-12-23 19:00;27.964516;277.694288
2020-12-23 20:00;1.698722;73.764822
2020-12-23 21:00;13.641669;253.415679
2020-12-23 22:00;13.153616;259.301028
2020-12-23 23:00;14.172321;184.581153
2020-12-24 00:00;11.739415;199.683516
2020-12-24 01:00;6.296997;258.628361
2020-12-24 02:00;24.086193;215.353860
2020-12-24 03:00;10.766452;224.732983
2020-12-24 04:00;2.181350;237.337756
2020-12-24 05:00;14.581415;154.648616
2020-12-24 06:00;17.256354;204.490422
2020-12-24 07:00;11.904785;208.097926
2020-12-24 08:00;3.616553;197.244263
2020-12-24 09:00;1.795403;314.435641
2020-12-24 10:00;6.716731;342.687905
2020-12-24 11:00;3.051505;242.289049
2020-12-24 12:00;23.821071;351.384804
2020-12-24 13:00;15.346874;290.479516
2020-12-24 14:00;12.468145;248.332265
2020-12-24 15:00;14.815890;301.411711
2020-12-24 16:00;2.278701;214.562457
2020-12-24 17:00;8.444073;199.232988
2020-12-24 18:00;16.053128;177.518925
2020-12-24 19:00;12.177991;249.562603
2020-12-24 20:00;6.578423;261.550233
2020-12-24 21:00;8.943434;237.221447
2020-12-24 22:00;13.778543;39.616474
2020-12-24 23:00;7.698493;48.128671
2020-12-25 00:00;7.722375;347.501099
2020-12-25 01:00;12.751894;227.723031
2020-12-25 02:00;8.657163;199.428993
2020-12-25 03:00;16.774710;253.175564
2020-12-25 04:00;14.173269;69.651929
2020-12-25 05:00;7.815350;357.484983
2020-12-25 06:00;13.334592;213.018247
2020-12-25 07:00;5.559832;21.343515
2020-12-25 08:00;20.569350;274.954784
2020-12-25 09:00;5.597457;267.709840
2020-12-25 10:00;14.849220;272.090068
2020-12-25 11:00;14.372242;262.364715
2020-12-25 12:00;15.771984;238.783398
2020-12-25 13:00;30.698109;39.577491
2020-12-25 14:00;7.574840;214.425157
2020-12-25 15:00;13.277779;250.364148
2020-12-25 16:00;3.556258;49.469561
2020-12-25 17:00;1.785143;179.788945
2020-12-25 18:00;11.426392;304.257570
2020-12-25 19:00;12.317219;21.530045
2020-12-25 20:00;2.840248;72.879082
2020-12-25 21:00;11.161588;149.760299
2020-12-25 22:00;10.424513;287.081003
2020-12-25 23:00;9.287274;271.496138
2020-12-26 00:00;9.404071;23.009509
2020-12-26 01:00;9.025610;221.650661
2020-12-26 02:00;14.265406;291.891667
2020-12-26 03:00;6.383675;235.332650
2020-12-26 04:00;2.564365;173.577851
2020-12-26 05:00;3.835790;277.128890
2020-12-26 06:00;10.069000;54.781282
2020-12-26 07:00;3.658163;249.006626
2020-12-26 08:00;10.558196;221.787872
2020-12-26 09:00;17.311107;266.367715
2020-12-26 10:00;19.307803;210.406701
2020-12-26 11:00;4.494888;209.381446
2020-12-26 12:00;22.668450;236.330366
2020-12-26 13:00;7.127337;195.752017
2020-12-26 14:00;13.157629;246.122399
2020-12-26 15:00;18.042893;223.257995
2020-12-26 16:00;21.570502;204.970686
2020-12-26 17:00;9.025277;198.328005
2020-12-26 18:00;4.023357;149.917251
2020-12-26 19:00;11.977174;214.201603
2020-12-26 20:00;12.180330;252.278491
2020-12-26 21:00;27.636087;159.946147
2020-12-26 22:00;5.293198;40.676906
2020-12-26 23:00;3.705200;219.998083
2020-12-27 00:00;5.436024;285.563845
2020-12-27 01:00;4.044262;100.854912
2020-12-27 02:00;7.753663;282.666386
2020-12-27 03:00;13.230275;234.706566
2020-12-27 04:00;2.609772;214.913150
2020-12-27 05:00;9.119386;270.689216
2020-12-27 06:00;17.415145;266.395453
2020-12-27 07:00;17.430968;220.838479
2020-12-27 08:00;11.649701;253.517527
2020-12-27 09:00;13.682245;347.894906
2020-12-27 10:00;10.691441;215.800298
2020-12-27 11:00;25.484575;242.165141
2020-12-27 12:00;1.658269;289.867884
2020-12-27 13:00;13.944249;167.144195
2020-12-27 14:00;10.008354;150.911179
2020-12-27 15:00;8.502479;190.147941
2020-12-27 16:00;10.814080;166.964356
2020-12-27 17:00;12.599814;268.979655
2020-12-27 18:00;14.780744;217.557644
2020-12-27 19:00;5.613288;47.888204
2020-12-27 20:00;5.709585;256.304890
2020-12-27 21:00;6.033419;259.590645
2020-12-27 22:00;10.179488;262.234645
2020-12-27 23:00;5.163081;349.278106
2020-12-28 00:00;3.098723;323.663036
2020-12-28 01:00;22.594883;229.691793
2020-12-28 02:00;6.794918;39.548555
2020-12-28 03:00;5.177226;24.852123
2020-12-28 04:00;21.028736;231.706691
2020-12-28 05:00;17.744861;222.392611
2020-12-28 06:00;15.427449;248.017522
2020-12-28 07:00;14.721016;243.664339
2020-12-28 08:00;9.635827;96.214363
2020-12-28 09:00;5.186576;272.305907
2020-12-28 10:00;4.314599;5.499250
2020-12-28 11:00;5.149718;228.886277
2020-12-28 12:00;13.598577;81.926895
2020-12-28 13:00;4.064360;228.532181
2020-12-28 14:00;4.917476;319.155663
2020-12-28 15:00;10.907246;245.929465
2020-12-28 16:00;6.020248;217.595358
2020-12-28 17:00;19.953335;283.109326
2020-12-28 18:00;18.871794;231.995578
2020-12-28 19:00;5.621339;150.325393
2020-12-28 20:00;18.135724;227.761046
2020-12-28 21:00;14.739088;232.901040
2020-12-28 22:00;11.521919;285.031442
2020-12-28 23:00;10.892569;292.157060
2020-12-29 00:00;3.225393;340.459694
2020-12-29 01:00;14.314576;287.343172
2020-12-29 02:00;23.727716;163.976343
2020-12-29 03:00;6.812944;212.700969
2020-12-29 04:00;3.429514;303.065669
2020-12-29 05:00;13.804474;241.154850
2020-12-29 06:00;17.366770;248.479031
2020-12-29 07:00;17.056087;235.316621
2020-12-29 08:00;8.256518;247.725847
2020-12-29 09:00;5.277659;292.469428
2020-12-29 10:00;16.988386;220.279178
2020-12-29 11:00;14.339531;264.698272
2020-12-29 12:00;1.410554;297.481805
2020-12-29 13:00;20.137993;227.901639
2020-12-29 14:00;20.288052;238.053593
2020-12-29 15:00;14.249014;241.737567
2020-12-29 16:00;14.516330;195.158130
2020-12-29 17:00;11.275927;264.388428
2020-12-29 18:00;5.657508;257.514960
2020-12-29 19:00;13.617602;180.307797
2020-12-29 20:00;10.369513;75.755492
2020-12-29 21:00;16.688200;207.619696
2020-12-29 22:00;15.376323;235.223025
2020-12-29 23:00;13.647863;236.297401
2020-12-30 00:00;8.902117;233.328404
2020-12-30 01:00;15.078649;229.777631
2020-12-30 02:00;4.898865;221.046702
2020-12-30 03:00;12.812206;297.570623
2020-12-30 04:00;8.422518;246.701021
2020-12-30 05:00;21.583799;244.672880
2020-12-30 06:00;4.722419;256.758376
2020-12-30 07:00;21.699649;254.688606
2020-12-30 08:00;15.524878;237.655492
2020-12-30 09:00;10.914113;211.672164
2020-12-30 10:00;13.610991;258.065354
2020-12-30 11:00;11.631455;119.590357
2020-12-30 12:00;11.105533;230.678277
2020-12-30 13:00;4.645091;39.668770
2020-12-30 14:00;12.855781;206.099556
2020-12-30 15:00;18.000076;263.772454
2020-12-30 16:00;12.192224;149.519359
2020-12-30 17:00;24.680464;252.705486
2020-12-30 18:00;15.428125;348.873869
2020-12-30 19:00;16.738868;202.665402
2020-12-30 20:00;15.212574;209.773699
2020-12-30 21:00;7.378839;221.445302
2020-12-30 22:00;7.388038;33.084377
2020-12-30 23:00;12.827999;264.912947
