{
  "farm_id": "rowp",
  "farm_name": "IEA Wind 740-10 ROWP (irregular)",
  "n_target": 74,
  "aep_gwh": 4268.683133300506,
  "elapsed_s": 9981.870874881744,
  "n_starts": 500,
  "x": [
    4948.489215628184,
    -1758.3651572065387,
    6977.930343246748,
    5846.655269612665,
    1017.9108783945125,
    -10416.792735102716,
    -5762.14294343347,
    6816.977566704059,
    7143.477637773287,
    -11064.894959264888,
    -8953.57874889953,
    -3544.098645890136,
    6114.976401558941,
    -8673.809258556717,
    -9266.406905123367,
    5625.680140193702,
    -4768.03194831088,
    -5526.746452768744,
    -2769.9896124097118,
    -11656.020653340305,
    179.23348667902184,
    5426.603131145609,
    1864.724300724677,
    6437.29033476109,
    -7832.768646144484,
    6145.682349386441,
    -8126.309563552255,
    553.733661045865,
    -1.716652558608573,
    -3090.582506155369,
    -6395.4357415261275,
    -7507.905771510345,
    -9825.639563236795,
    4409.368992196074,
    -734.2595478895032,
    -4334.288237821777,
    -3483.934131025108,
    1495.0613281453627,
    1752.2967657292509,
    760.679668689095,
    4068.7629019176293,
    1873.3372647338615,
    7328.799361190754,
    6598.2354142370805,
    2862.240938372338,
    6275.925276249538,
    3042.1067756641423,
    2718.7301676251527,
    4361.805185733796,
    -2509.7492234711613,
    4229.425261480259,
    2260.9391270261626,
    -572.5418594893505,
    -2077.877357313993,
    -3950.720877886796,
    3316.7047877246114,
    -6922.544637021968,
    4843.229385230486,
    3872.8059909465105,
    -1683.2007858897314,
    -926.5451091568216,
    2950.427843691483,
    -2892.799880319545,
    -1366.6000869652037,
    2696.1321623920567,
    3586.422931590078,
    5217.775757492432,
    3394.927047007109,
    -6058.8183384930935,
    -416.77017017338875,
    3672.9290043494398,
    2220.5859187355186,
    5595.285489884253,
    -5119.154839872563
  ],
  "y": [
    -12707.130768745017,
    -5896.008942157715,
    -1922.3390039082774,
    -7342.20156163792,
    -8705.038468006835,
    2122.938411425246,
    -2314.5281720932353,
    -2697.8366396008714,
    -1089.1377453526436,
    2791.875075148073,
    3732.5516161365363,
    5810.898436990894,
    -6525.878368830759,
    484.5069192502172,
    1012.6236062470784,
    -8103.0634495386485,
    5370.6003873752525,
    5143.33627365372,
    6069.7782506878175,
    3319.017751416312,
    -8007.307536206137,
    -9194.190223331447,
    -9730.794149442505,
    -4974.977721925935,
    4156.216536955917,
    184.96428933932376,
    -87.77219936086723,
    7185.68653012755,
    521.1899621986282,
    3296.6185598553698,
    -1758.3583061719423,
    -633.6786322676628,
    1595.824219075744,
    -2206.1613070501435,
    -6855.5675577994825,
    -3418.3069068314926,
    -4467.340012568538,
    -6255.082457968137,
    7506.885475587695,
    -411.32426710281567,
    1224.0828799324506,
    -1787.7565871606214,
    -8.502555738661208,
    -4199.489061650052,
    -10095.859867813246,
    -5750.376660976292,
    -10867.168358110388,
    7857.173247016946,
    8187.002178337691,
    -1433.6211637242602,
    -11837.522983334817,
    -3810.07518113936,
    6759.402831604964,
    2071.746775180791,
    140.15373398331144,
    1472.4451266987676,
    -1167.2284173419764,
    1058.2592117672082,
    6942.069172188152,
    6477.264083699678,
    3568.6366919919897,
    6195.374252206591,
    -4994.460265133938,
    -2918.617415964835,
    4250.751130853767,
    8025.470011311243,
    -10577.126021262298,
    -7684.16071213585,
    2465.5299847565384,
    -4123.098740464894,
    -5443.32739886602,
    2889.193670241474,
    809.8737985800617,
    1275.8249949342712
  ],
  "boundary_penalty": 0.0003886819428039286,
  "min_turbine_distance_m": 791.9970363759318,
  "min_spacing_m": 792.0,
  "spacing_ok": true,
  "boundary_ok": true
}