{
  "farm_id": "rowp",
  "farm_name": "IEA Wind 740-10 ROWP (irregular)",
  "n_target": 74,
  "aep_gwh": 4246.670309799704,
  "elapsed_s": 8769.051462173462,
  "n_starts": 500,
  "x": [
    5386.7291960642,
    -5102.897791086612,
    6140.20421965837,
    -7306.584710046823,
    -6748.22363471949,
    4916.1214691600735,
    3355.5769521824523,
    -9387.01256907705,
    728.9622528557866,
    2731.2553321867763,
    -3283.7101473768994,
    3772.955508625454,
    2746.2061970039804,
    2160.4509039133927,
    -1117.629194396516,
    3666.1062927334515,
    3069.8060877663443,
    -7832.764462758807,
    4699.620026334167,
    -3389.2301347761872,
    5935.470553417695,
    -2567.58752018929,
    3001.4124587312203,
    -10804.585921309708,
    -1383.9924889925114,
    -2654.321535058447,
    2019.6591553524179,
    -10199.69651768613,
    7157.879752582744,
    -5784.404451096606,
    4614.075928821856,
    -4769.044132420833,
    6074.472052130744,
    -4250.92037715313,
    6381.189755326571,
    -3944.308295765428,
    281.4779823356845,
    -899.498708753254,
    4458.982550463213,
    -4480.692903537038,
    3938.500309932615,
    5931.827485630603,
    50.18316711991174,
    -9177.545048801028,
    6738.4236540132515,
    3986.722659722755,
    4108.487345947692,
    -5609.779792889318,
    -2088.952481531342,
    6479.165794563207,
    76.36789467037303,
    5637.172913770004,
    4904.337269243516,
    -9564.064235379634,
    -1759.8859646533263,
    1774.2478859273838,
    5610.052021860136,
    1102.9630036604167,
    1915.605285653673,
    -2472.4696490111346,
    489.14245995418867,
    1209.3582960656208,
    -1913.0555414627993,
    -6351.079638424145,
    2497.665124591179,
    2444.60409710936,
    1527.8678923411874,
    -7634.02616815326,
    -3147.5803832096894,
    900.5537178816726,
    -240.91776092639194,
    -3699.6531029830776,
    5276.114265705124,
    5850.230656386349
  ],
  "y": [
    -9854.347893264756,
    -149.1481651259083,
    -4800.314728365069,
    789.3224365176405,
    -614.7652356526379,
    6655.832702766899,
    7082.723308482615,
    2918.9348763709127,
    -1123.2400040123905,
    -5770.972650087005,
    5970.410243344099,
    -11501.12610183029,
    5053.442530955725,
    7277.227850242958,
    3914.6540122086326,
    2776.6075510003734,
    2085.106678557594,
    2583.127112512424,
    -1924.6035610547806,
    -4659.842667457328,
    -9247.859639715403,
    -5345.829719254057,
    -9653.211064516352,
    3415.397853036292,
    1820.6858913514252,
    4416.903687399566,
    -694.6847927409608,
    1913.3983757712588,
    -138.96161174494193,
    4067.6610973945867,
    -10801.733374091544,
    -3095.152877310185,
    3456.2175991438144,
    -316.2003089302739,
    -6585.468099139199,
    5400.613925494656,
    -7418.709562934029,
    3153.2649682166275,
    3753.3455470940035,
    441.7815097729358,
    5411.028993239183,
    -3430.3999885020703,
    2379.0505198465653,
    1536.6345050938091,
    -4105.980250151344,
    -10065.138801288827,
    -1397.4612348845285,
    3121.0464476836264,
    125.19659940107572,
    448.5318272509625,
    -6082.232808684647,
    -11749.150761671432,
    -3249.323064688703,
    3896.011523443569,
    -3417.2081676560256,
    -2488.7622063309736,
    4725.531798819852,
    4823.193773950815,
    -8785.200660556002,
    3379.711087927682,
    -4001.814314808497,
    -7086.75180839048,
    6178.953921914331,
    -1788.455550534544,
    4298.316573262835,
    -10287.401971396994,
    -4332.490401312272,
    3655.055007076235,
    -2866.6377796212064,
    -7965.9295087771825,
    -2236.5101079586007,
    3576.7875252533495,
    1547.3089464666523,
    1001.6856681788619
  ],
  "boundary_penalty": 0.00011440262157866666,
  "min_turbine_distance_m": 792.0190560068771,
  "min_spacing_m": 792.0,
  "spacing_ok": true,
  "boundary_ok": true
}