{
  "0": {
    "farm_id": 0,
    "farm_name": "dk0w_tender_3 (target)",
    "n_target": 50,
    "aep_gwh": 5542.141935430671,
    "elapsed_s": 9646.164521932602,
    "n_starts": 500,
    "x": [
      -2408.8076623147977,
      9677.851708042263,
      3305.510876828913,
      -5186.105537612784,
      -5229.0201592088215,
      -1043.8871682462077,
      -3839.3788028479776,
      -6934.208694871397,
      2013.7636856730005,
      -5371.562511141599,
      669.5692601658774,
      1944.7246372748934,
      4346.754268059102,
      -6549.603775165635,
      93.23244011053164,
      -3777.1389358735305,
      -3422.810980254149,
      -1702.8480885349854,
      -3667.8895014482323,
      5090.111745829891,
      -1746.5390999805675,
      5009.88015023382,
      -1948.3794455359641,
      -4833.8955292408955,
      -3299.053460427629,
      -1740.3050497907407,
      6903.931826664583,
      1912.39049594986,
      6853.527386036159,
      -3901.23837799432,
      8893.24856281847,
      7131.203536074408,
      -560.0535877159695,
      4582.928840687486,
      4498.314781340305,
      -82.79247179386802,
      -6926.687182102306,
      9671.10818967589,
      5930.343162968967,
      -1118.3913117289912,
      -7899.337117968288,
      -6291.320284268965,
      -4637.52655681745,
      -6922.057793991714,
      -5219.440845387694,
      2042.4943294778323,
      -5226.502238832929,
      -244.3072429814749,
      3648.974774012478,
      6537.488878505673
    ],
    "y": [
      4371.405623166805,
      10176.185279119296,
      -2341.615527790796,
      3653.1967704243457,
      -21320.13305789135,
      7091.026527673888,
      -7563.782398154047,
      -9265.468730606486,
      12188.810134169347,
      -15996.544613976577,
      -5192.52993827088,
      7055.338858988937,
      -4129.3477713479615,
      -287.12681403899677,
      9070.92419822157,
      -4199.644617496021,
      -14884.241879044095,
      -17832.730366767406,
      -10993.716086233146,
      13798.801796446227,
      -12097.550064199208,
      8963.113716278083,
      -2450.262193649967,
      8185.297640570837,
      -18273.163942920357,
      -7561.591118791729,
      9470.220361790101,
      4273.266435694239,
      12058.608450066913,
      -313.0195990919948,
      11512.51527649528,
      5470.673750747425,
      -14160.722704776821,
      1367.2711386454478,
      7035.258398693544,
      3737.497050330786,
      -12968.653995854727,
      7931.230446906934,
      604.1007692849337,
      10312.95286329072,
      6482.775547622285,
      5567.422445506993,
      -19075.906645716896,
      -7523.508447918251,
      -1636.2191371507483,
      -172.35165483216645,
      1042.118030764928,
      -1463.4448351582414,
      11261.008663204582,
      3223.1117182831413
    ],
    "boundary_penalty": 5.059973072014229e-07,
    "min_turbine_distance_m": 1548.532973029353,
    "min_spacing_m": 960.0,
    "spacing_ok": true,
    "boundary_ok": true
  },
  "1": {
    "farm_id": 1,
    "farm_name": "dk1d_tender_9 (SW)",
    "n_target": 50,
    "aep_gwh": 5540.715370308549,
    "elapsed_s": 9380.465554952621,
    "n_starts": 500,
    "x": [
      9079.985805643135,
      -4207.722212215814,
      -4135.535091060684,
      1435.411078558492,
      5090.110629074007,
      -7781.877923767474,
      2019.2262186948321,
      -1780.5724847727902,
      3961.3000884249473,
      -1699.5017441809368,
      -5435.298211596298,
      4165.710049735453,
      -999.1552327171781,
      862.6657485943055,
      3565.4001256919037,
      -7017.530084116719,
      -7545.245791686925,
      -2862.607119458785,
      4269.098631613208,
      -3363.4997554520824,
      -2232.0219560725104,
      -1784.5872593033585,
      5561.042091542747,
      -2696.0885847446652,
      -5668.314070935126,
      1410.5429364876654,
      -7006.648404359582,
      -4562.035341790158,
      -2604.110930978394,
      -5674.654397912196,
      -6643.616212590954,
      1443.571800572478,
      -1325.304133773719,
      3394.284726628752,
      3572.3140336326683,
      -4544.124087261302,
      4936.684760606037,
      -1450.3897446183162,
      4465.879210849526,
      3627.769158164886,
      9956.692523132613,
      -1728.3911309505675,
      7398.93192606754,
      5251.418549486303,
      -417.6876468305073,
      9102.500645968023,
      -5608.632848242983,
      3198.1108416444763,
      81.87951966561121,
      2279.9982268798685
    ],
    "y": [
      6592.227965450335,
      -10247.337593142607,
      -13478.576398660296,
      9717.255747439362,
      13798.809506756385,
      6980.84095945479,
      -6673.8054321816235,
      -14767.788160542026,
      9681.46556969138,
      3239.307966663925,
      -20533.057654353466,
      5529.820275015403,
      -7431.077808536211,
      -918.9534172662621,
      -1595.9587595923258,
      -8686.553047140693,
      -598.6617123131973,
      -15823.62798229364,
      -4305.256733595912,
      9374.664869028502,
      -18518.60765534623,
      -16915.46667039461,
      501.6810501744006,
      -11112.865799357316,
      6982.271696529551,
      8165.321147145986,
      -6089.117400027263,
      -21993.439770998597,
      -19874.248286193553,
      -16706.570983138176,
      3095.418950223188,
      -8843.975677044387,
      8195.665690529719,
      -5856.749082070035,
      495.20992736429196,
      -3803.58182786814,
      2801.924963805319,
      -5719.968714614364,
      11440.249955189116,
      3540.626543176811,
      11384.347847839326,
      530.510524813317,
      5602.054954935665,
      8931.117841366582,
      4517.761843933255,
      9869.873041606501,
      -11080.99808316364,
      12728.167137504253,
      -11145.394918186059,
      -2350.840349916092
    ],
    "boundary_penalty": 0.00010198160966449177,
    "min_turbine_distance_m": 1405.7779786476385,
    "min_spacing_m": 960.0,
    "spacing_ok": true,
    "boundary_ok": true
  }
}