{
  "farm_id": "rowp",
  "farm_name": "IEA Wind 740-10 ROWP (irregular)",
  "n_target": 74,
  "rotor_diameter": 198.0,
  "hub_height": 119.0,
  "min_spacing_m": 792.0,
  "boundary_vertices": [
    [
      -11656.020000000019,
      3319.00166666694
    ],
    [
      5431.929999999993,
      -13173.74833333306
    ],
    [
      7328.799999999988,
      -8.498333333060145
    ],
    [
      4295.330000000016,
      8370.601666667499
    ]
  ],
  "init_x": [
    5431.973175739986,
    -1912.320457289985,
    7072.620149590017,
    6260.555579120002,
    970.0862597899977,
    -10731.799725380028,
    -5246.1941802399815,
    6950.266234949988,
    7198.031039840018,
    -11256.382556269993,
    -9127.458262710017,
    -3746.845806850004,
    6410.479878470011,
    -8840.841164590034,
    -9494.680444500002,
    6102.664287430001,
    -4968.330270249979,
    -6250.590392090031,
    -2589.596935699985,
    -11649.71752633003,
    2.7129540299647488,
    5929.108667680004,
    1971.080645339971,
    6685.438474769995,
    -7637.59334065998,
    6427.094685379998,
    -8173.926725509984,
    492.42354160000104,
    -273.8426278500119,
    -3391.7264123199857,
    -6023.029287629994,
    -7449.736518819991,
    -10115.268642009993,
    3858.6115751700127,
    -961.9290533899912,
    -4461.0291940899915,
    -3655.2480796499876,
    1389.219989169971,
    1497.3950978699722,
    609.0193982399651,
    3861.527723720006,
    1956.9273568500066,
    7323.086661880021,
    6822.2854572000215,
    3179.427795440017,
    6555.172350559966,
    3734.14665005001,
    2577.738823070016,
    4291.987581859983,
    -2135.0881610899814,
    4764.793702229974,
    2021.062575989985,
    -556.3012024899945,
    -2133.7218039699947,
    -3610.2079026300344,
    2719.822582760011,
    -6749.314654680027,
    4753.949718059972,
    3654.1343507400015,
    -1549.2560593200033,
    -532.3948466400034,
    3065.015560019994,
    -2795.861950939987,
    -1039.8581714400207,
    2500.699450979999,
    3615.9353196700104,
    5717.1835290400195,
    3318.6451172999805,
    -6390.6111449699965,
    -167.35852829000214,
    3590.492904189974,
    1779.162732519966,
    5582.741494579997,
    -5025.157490900019
  ],
  "init_y": [
    -13167.904646443203,
    -6036.997832972556,
    -1763.817782732658,
    -7379.935584742576,
    -8836.884012253024,
    2452.8552320767194,
    -2804.817898903042,
    -2609.039556702599,
    -881.2470692526549,
    2949.276185417548,
    4108.191698347218,
    5814.981059746817,
    -6344.203965162858,
    647.4373244075105,
    1273.961706967093,
    -8478.976967252791,
    5430.177089757286,
    5020.02162978705,
    6178.361560736783,
    3318.351409006864,
    -7899.954249243252,
    -9694.818085242994,
    -9801.447544912808,
    -4405.820973183028,
    4589.596367327496,
    403.3102657170966,
    12.004461087286472,
    7154.5365128470585,
    1201.7391091668978,
    3545.685445657,
    -2048.597378242761,
    -675.4654003633186,
    1860.849742917344,
    -2274.946480362676,
    -6951.8462702529505,
    -3563.1058815224096,
    -4347.832551413216,
    -6135.241956712678,
    7477.707344477065,
    -127.57473109290004,
    1599.351545477286,
    -1368.9702750733122,
    -10.45522721298039,
    -3498.9487266931683,
    -10443.569122402929,
    -5349.393317823298,
    -11521.865521563217,
    7820.479374947026,
    8364.77399729751,
    -1110.548588393256,
    -12516.856155033223,
    -3897.505988832563,
    6828.552793647163,
    2093.0943807670847,
    -7.098502502776682,
    2128.544175497256,
    -1343.4016133528203,
    1186.7063956968486,
    7094.61979024671,
    6515.785312587395,
    3893.295327346772,
    5910.262488917448,
    -5179.695207722485,
    -2593.9647588627413,
    4776.354366566986,
    8149.774391316809,
    -11145.685148563236,
    -7768.466613912955,
    2802.682876867242,
    -4011.985841772519,
    -5173.221534922719,
    3320.379649937153,
    800.567242346704,
    1423.192504197359
  ],
  "wind_rose": {
    "directions_deg": [
      0,
      30,
      60,
      90,
      120,
      150,
      180,
      210,
      240,
      270,
      300,
      330
    ],
    "speeds_ms": [
      8.041765137826687,
      8.237580467993435,
      8.131939695398962,
      7.875048354258908,
      7.199996213866892,
      7.7584498963348,
      10.078464230771925,
      11.144270285323598,
      11.296514675255851,
      9.565819731877102,
      8.648814729820623,
      8.533615353296375
    ],
    "weights": [
      0.06692,
      0.07626,
      0.07374,
      0.06463,
      0.04696,
      0.04643,
      0.07672,
      0.12233,
      0.19147,
      0.1008,
      0.06927,
      0.06447
    ]
  },
  "turbine": {
    "power_curve_ws": [
      0,
      1,
      2,
      3,
      4,
      5,
      6,
      7,
      8,
      9,
      10,
      11,
      12,
      13,
      14,
      15,
      16,
      17,
      18,
      19,
      20,
      21,
      22,
      23,
      24,
      25
    ],
    "power_curve_kw": [
      0.0,
      0.0,
      0.0,
      0.0,
      387.5,
      937.3965020576129,
      1712.3324050632912,
      2747.4881355932202,
      4099.11503267974,
      5836.735211267606,
      8013.157264957265,
      10000.0,
      10000.0,
      10000.0,
      10000.0,
      10000.0,
      10000.0,
      10000.0,
      10000.0,
      10000.0,
      10000.0,
      10000.0,
      10000.0,
      10000.0,
      10000.0,
      10000.0
    ],
    "ct_curve_ws": [
      0,
      1,
      2,
      3,
      4,
      5,
      6,
      7,
      8,
      9,
      10,
      11,
      12,
      13,
      14,
      15,
      16,
      17,
      18,
      19,
      20,
      21,
      22,
      23,
      24,
      25
    ],
    "ct_curve_ct": [
      0.77,
      0.77,
      0.77,
      0.77,
      0.77,
      0.7819876543209877,
      0.7791113924050633,
      0.777,
      0.777,
      0.777,
      0.774974358974359,
      0.6784394736842104,
      0.4302871287128713,
      0.3240018761726079,
      0.2538923076923077,
      0.20419620253164555,
      0.16736196319018407,
      0.1390492040520984,
      0.11780790960451977,
      0.10016824966078695,
      0.08721762349799733,
      0.07530434782608694,
      0.06604774193548386,
      0.05876923076923077,
      0.05237292464878671,
      0.047
    ]
  },
  "source": "https://github.com/IEAWindSystems/IEA-Wind-740-10-ROWP"
}