{
  "farm_id": 0,
  "farm_name": "dk0w_tender_3 (target)",
  "n_target": 50,
  "rotor_diameter": 240.0,
  "min_spacing_m": 960.0,
  "boundary_vertices": [
    [
      -3854.8264693517704,
      -22707.3481219206
    ],
    [
      11044.023276883294,
      11041.116998184472
    ],
    [
      5090.116789462976,
      13798.80363313388
    ],
    [
      -7924.5853341708425,
      6987.657624784857
    ],
    [
      -6577.134307098226,
      -19959.28356176149
    ]
  ],
  "init_x": [
    -4564.5853341708425,
    -3604.5853341708425,
    -5524.5853341708425,
    -3604.5853341708425,
    -1684.5853341708425,
    -724.5853341708425,
    -6484.5853341708425,
    -6484.5853341708425,
    -6484.5853341708425,
    1195.4146658291575,
    235.41466582915746,
    -724.5853341708425,
    -2644.5853341708425,
    -4564.5853341708425,
    3115.4146658291575,
    235.41466582915746,
    -2644.5853341708425,
    -5524.5853341708425,
    2155.4146658291575,
    -1684.5853341708425,
    -6484.5853341708425,
    1195.4146658291575,
    -4564.5853341708425,
    3115.4146658291575,
    -2644.5853341708425,
    5035.4146658291575,
    -1684.5853341708425,
    5995.4146658291575,
    -724.5853341708425,
    -7444.5853341708425,
    235.41466582915746,
    -7444.5853341708425,
    235.41466582915746,
    -7444.5853341708425,
    235.41466582915746,
    7915.4146658291575,
    -724.5853341708425,
    6955.4146658291575,
    -1684.5853341708425,
    5995.4146658291575,
    -2644.5853341708425,
    5035.4146658291575,
    -1684.5853341708425,
    5995.4146658291575,
    235.41466582915746,
    7915.4146658291575,
    4075.4146658291575,
    2155.4146658291575,
    9835.414665829157,
    5995.4146658291575
  ],
  "init_y": [
    -21267.3481219206,
    -19347.3481219206,
    -17427.3481219206,
    -16467.3481219206,
    -15507.3481219206,
    -14547.3481219206,
    -12627.3481219206,
    -11667.3481219206,
    -10707.3481219206,
    -10707.3481219206,
    -9747.3481219206,
    -8787.3481219206,
    -7827.3481219206005,
    -6867.3481219206005,
    -6867.3481219206005,
    -5907.3481219206005,
    -4947.3481219206005,
    -3987.3481219206005,
    -3987.3481219206005,
    -3027.3481219206005,
    -2067.3481219206005,
    -2067.3481219206005,
    -1107.3481219206005,
    -1107.3481219206005,
    -147.34812192060053,
    -147.34812192060053,
    812.6518780793995,
    812.6518780793995,
    1772.6518780793995,
    2732.6518780793995,
    2732.6518780793995,
    3692.6518780793995,
    3692.6518780793995,
    4652.6518780793995,
    4652.6518780793995,
    4652.6518780793995,
    5612.6518780793995,
    5612.6518780793995,
    6572.6518780793995,
    6572.6518780793995,
    7532.6518780793995,
    7532.6518780793995,
    8492.6518780794,
    8492.6518780794,
    9452.6518780794,
    9452.6518780794,
    10412.6518780794,
    11372.6518780794,
    11372.6518780794,
    13292.6518780794
  ],
  "wind_rose": {
    "directions_deg": [
      7.5,
      22.5,
      37.5,
      52.5,
      67.5,
      82.5,
      97.5,
      112.5,
      127.5,
      142.5,
      157.5,
      172.5,
      187.5,
      202.5,
      217.5,
      232.5,
      247.5,
      262.5,
      277.5,
      292.5,
      307.5,
      322.5,
      337.5,
      352.5
    ],
    "speeds_ms": [
      7.492460748394285,
      7.839867913552025,
      7.878873441159985,
      8.492450829704588,
      9.139157556600779,
      10.457556678586904,
      9.962862101068849,
      11.164012796470235,
      9.600545498213725,
      9.621963719025915,
      9.690778602948512,
      10.29298765854747,
      11.025711419370015,
      11.565908115772586,
      11.260687237757542,
      11.551540802667503,
      11.265834157492177,
      11.077769874702687,
      10.963317389103084,
      10.693807917451254,
      10.835588655591975,
      11.458392311476326,
      10.398575191339374,
      8.625895006603328
    ],
    "weights": [
      0.014234875444839857,
      0.015329865863673693,
      0.015056118258965233,
      0.023816041609635914,
      0.027101012866137423,
      0.030933479332055844,
      0.03777716944976731,
      0.032302217355598135,
      0.03284971256501506,
      0.028469750889679714,
      0.03284971256501506,
      0.02956474130851355,
      0.03750342184505886,
      0.050917054475773334,
      0.06816315357240624,
      0.07007938680536545,
      0.0711743772241993,
      0.06624692033944703,
      0.07692307692307693,
      0.05529701615110868,
      0.06268820147823706,
      0.05830823980290172,
      0.039967150287434985,
      0.022447303586093623
    ]
  },
  "hub_height": 150.0,
  "turbine": {
    "power_curve_ws": [
      0,
      1,
      2,
      3,
      4,
      5,
      6,
      7,
      8,
      9,
      10,
      11,
      12,
      13,
      14,
      15,
      16,
      17,
      18,
      19,
      20,
      21,
      22,
      23,
      24,
      25
    ],
    "power_curve_kw": [
      0.0,
      0.0,
      2.399,
      209.258,
      689.198,
      1480.608,
      2661.238,
      4308.929,
      6501.057,
      9260.516,
      12081.404,
      13937.297,
      14705.016,
      14931.039,
      14985.209,
      14996.906,
      14999.343,
      14999.855,
      14999.966,
      14999.992,
      14999.998,
      14999.999,
      15000.0,
      15000.0,
      15000.0,
      15000.0
    ],
    "ct_curve_ws": [
      0,
      1,
      2,
      3,
      4,
      5,
      6,
      7,
      8,
      9,
      10,
      11,
      12,
      13,
      14,
      15,
      16,
      17,
      18,
      19,
      20,
      21,
      22,
      23,
      24,
      25
    ],
    "ct_curve_ct": [
      0.889,
      0.889,
      0.889,
      0.8,
      0.8,
      0.8,
      0.8,
      0.8,
      0.8,
      0.793,
      0.735,
      0.61,
      0.476,
      0.37,
      0.292,
      0.234,
      0.191,
      0.158,
      0.132,
      0.112,
      0.096,
      0.083,
      0.072,
      0.063,
      0.055,
      0.049
    ]
  }
}