{
  "farm_id": "rowp_n30_rose_uniform",
  "farm_name": "ROWP polygon, N=30, uniform rose",
  "n_target": 30,
  "rotor_diameter": 198.0,
  "hub_height": 119.0,
  "min_spacing_m": 792.0,
  "boundary_vertices": [
    [
      -11656.020000000019,
      3319.00166666694
    ],
    [
      5431.929999999993,
      -13173.74833333306
    ],
    [
      7328.799999999988,
      -8.498333333060145
    ],
    [
      4295.330000000016,
      8370.601666667499
    ]
  ],
  "turbine": {
    "power_curve_ws": [
      0,
      1,
      2,
      3,
      4,
      5,
      6,
      7,
      8,
      9,
      10,
      11,
      12,
      13,
      14,
      15,
      16,
      17,
      18,
      19,
      20,
      21,
      22,
      23,
      24,
      25
    ],
    "power_curve_kw": [
      0.0,
      0.0,
      0.0,
      0.0,
      387.5,
      937.3965020576129,
      1712.3324050632912,
      2747.4881355932202,
      4099.11503267974,
      5836.735211267606,
      8013.157264957265,
      10000.0,
      10000.0,
      10000.0,
      10000.0,
      10000.0,
      10000.0,
      10000.0,
      10000.0,
      10000.0,
      10000.0,
      10000.0,
      10000.0,
      10000.0,
      10000.0,
      10000.0
    ],
    "ct_curve_ws": [
      0,
      1,
      2,
      3,
      4,
      5,
      6,
      7,
      8,
      9,
      10,
      11,
      12,
      13,
      14,
      15,
      16,
      17,
      18,
      19,
      20,
      21,
      22,
      23,
      24,
      25
    ],
    "ct_curve_ct": [
      0.77,
      0.77,
      0.77,
      0.77,
      0.77,
      0.7819876543209877,
      0.7791113924050633,
      0.777,
      0.777,
      0.777,
      0.774974358974359,
      0.6784394736842104,
      0.4302871287128713,
      0.3240018761726079,
      0.2538923076923077,
      0.20419620253164555,
      0.16736196319018407,
      0.1390492040520984,
      0.11780790960451977,
      0.10016824966078695,
      0.08721762349799733,
      0.07530434782608694,
      0.06604774193548386,
      0.05876923076923077,
      0.05237292464878671,
      0.047
    ]
  },
  "wind_rose": {
    "directions_deg": [
      0.0,
      0.0,
      0.0,
      0.0,
      0.0,
      0.0,
      0.0,
      0.0,
      0.0,
      0.0,
      0.0,
      0.0,
      0.0,
      0.0,
      0.0,
      0.0,
      0.0,
      0.0,
      0.0,
      0.0,
      0.0,
      0.0,
      0.0,
      0.0
    ],
    "speeds_ms": [
      7.492460748394285,
      7.839867913552025,
      7.878873441159985,
      8.492450829704588,
      9.139157556600779,
      10.457556678586904,
      9.962862101068849,
      11.164012796470235,
      9.600545498213725,
      9.621963719025915,
      9.690778602948512,
      10.29298765854747,
      11.025711419370015,
      11.565908115772586,
      11.260687237757542,
      11.551540802667503,
      11.265834157492177,
      11.077769874702687,
      10.963317389103084,
      10.693807917451254,
      10.835588655591975,
      11.458392311476326,
      10.398575191339374,
      8.625895006603328
    ],
    "weights": [
      0.014234875444839857,
      0.015329865863673693,
      0.015056118258965233,
      0.023816041609635914,
      0.027101012866137423,
      0.030933479332055844,
      0.03777716944976731,
      0.032302217355598135,
      0.03284971256501506,
      0.028469750889679714,
      0.03284971256501506,
      0.02956474130851355,
      0.03750342184505886,
      0.050917054475773334,
      0.06816315357240624,
      0.07007938680536545,
      0.0711743772241993,
      0.06624692033944703,
      0.07692307692307693,
      0.05529701615110868,
      0.06268820147823706,
      0.05830823980290172,
      0.039967150287434985,
      0.022447303586093623
    ]
  },
  "source_polygon": "https://github.com/IEAWindSystems/IEA-Wind-740-10-ROWP",
  "generated_by": "tools/generate_farm_matrix.py"
}