{
  "farm_id": "dei_n40_rose_dei",
  "farm_name": "DEI polygon, N=40, dei rose",
  "n_target": 40,
  "rotor_diameter": 240.0,
  "hub_height": 150.0,
  "min_spacing_m": 960.0,
  "boundary_vertices": [
    [
      -3854.8264693518868,
      -22707.348119845614
    ],
    [
      11044.023276883061,
      11041.116997145116
    ],
    [
      5090.116789462743,
      13798.803632095456
    ],
    [
      -7924.585334170959,
      6987.657623745501
    ],
    [
      -6577.1343070984585,
      -19959.283559686504
    ]
  ],
  "turbine": {
    "power_curve_ws": [
      0,
      1,
      2,
      3,
      4,
      5,
      6,
      7,
      8,
      9,
      10,
      11,
      12,
      13,
      14,
      15,
      16,
      17,
      18,
      19,
      20,
      21,
      22,
      23,
      24,
      25
    ],
    "power_curve_kw": [
      0.0,
      0.0,
      2.399,
      209.258,
      689.198,
      1480.608,
      2661.238,
      4308.929,
      6501.057,
      9260.516,
      12081.404,
      13937.297,
      14705.016,
      14931.039,
      14985.209,
      14996.906,
      14999.343,
      14999.855,
      14999.966,
      14999.992,
      14999.998,
      14999.999,
      15000.0,
      15000.0,
      15000.0,
      15000.0
    ],
    "ct_curve_ws": [
      0,
      1,
      2,
      3,
      4,
      5,
      6,
      7,
      8,
      9,
      10,
      11,
      12,
      13,
      14,
      15,
      16,
      17,
      18,
      19,
      20,
      21,
      22,
      23,
      24,
      25
    ],
    "ct_curve_ct": [
      0.889,
      0.889,
      0.889,
      0.8,
      0.8,
      0.8,
      0.8,
      0.8,
      0.8,
      0.793,
      0.735,
      0.61,
      0.476,
      0.37,
      0.292,
      0.234,
      0.191,
      0.158,
      0.132,
      0.112,
      0.096,
      0.083,
      0.072,
      0.063,
      0.055,
      0.049
    ]
  },
  "wind_rose": {
    "directions_deg": [
      7.5,
      22.5,
      37.5,
      52.5,
      67.5,
      82.5,
      97.5,
      112.5,
      127.5,
      142.5,
      157.5,
      172.5,
      187.5,
      202.5,
      217.5,
      232.5,
      247.5,
      262.5,
      277.5,
      292.5,
      307.5,
      322.5,
      337.5,
      352.5
    ],
    "speeds_ms": [
      7.492460748394285,
      7.839867913552025,
      7.878873441159985,
      8.492450829704588,
      9.139157556600779,
      10.457556678586904,
      9.962862101068849,
      11.164012796470235,
      9.600545498213725,
      9.621963719025915,
      9.690778602948512,
      10.29298765854747,
      11.025711419370015,
      11.565908115772586,
      11.260687237757542,
      11.551540802667503,
      11.265834157492177,
      11.077769874702687,
      10.963317389103084,
      10.693807917451254,
      10.835588655591975,
      11.458392311476326,
      10.398575191339374,
      8.625895006603328
    ],
    "weights": [
      0.014234875444839857,
      0.015329865863673693,
      0.015056118258965233,
      0.023816041609635914,
      0.027101012866137423,
      0.030933479332055844,
      0.03777716944976731,
      0.032302217355598135,
      0.03284971256501506,
      0.028469750889679714,
      0.03284971256501506,
      0.02956474130851355,
      0.03750342184505886,
      0.050917054475773334,
      0.06816315357240624,
      0.07007938680536545,
      0.0711743772241993,
      0.06624692033944703,
      0.07692307692307693,
      0.05529701615110868,
      0.06268820147823706,
      0.05830823980290172,
      0.039967150287434985,
      0.022447303586093623
    ]
  },
  "source_polygon": "DEI farm 1 (n=50)",
  "generated_by": "tools/generate_farm_matrix.py"
}