{
  "farm_id": "dei_n40_rose_rowp",
  "farm_name": "DEI polygon, N=40, rowp rose",
  "n_target": 40,
  "rotor_diameter": 240.0,
  "hub_height": 150.0,
  "min_spacing_m": 960.0,
  "boundary_vertices": [
    [
      -3854.8264693518868,
      -22707.348119845614
    ],
    [
      11044.023276883061,
      11041.116997145116
    ],
    [
      5090.116789462743,
      13798.803632095456
    ],
    [
      -7924.585334170959,
      6987.657623745501
    ],
    [
      -6577.1343070984585,
      -19959.283559686504
    ]
  ],
  "turbine": {
    "power_curve_ws": [
      0,
      1,
      2,
      3,
      4,
      5,
      6,
      7,
      8,
      9,
      10,
      11,
      12,
      13,
      14,
      15,
      16,
      17,
      18,
      19,
      20,
      21,
      22,
      23,
      24,
      25
    ],
    "power_curve_kw": [
      0.0,
      0.0,
      2.399,
      209.258,
      689.198,
      1480.608,
      2661.238,
      4308.929,
      6501.057,
      9260.516,
      12081.404,
      13937.297,
      14705.016,
      14931.039,
      14985.209,
      14996.906,
      14999.343,
      14999.855,
      14999.966,
      14999.992,
      14999.998,
      14999.999,
      15000.0,
      15000.0,
      15000.0,
      15000.0
    ],
    "ct_curve_ws": [
      0,
      1,
      2,
      3,
      4,
      5,
      6,
      7,
      8,
      9,
      10,
      11,
      12,
      13,
      14,
      15,
      16,
      17,
      18,
      19,
      20,
      21,
      22,
      23,
      24,
      25
    ],
    "ct_curve_ct": [
      0.889,
      0.889,
      0.889,
      0.8,
      0.8,
      0.8,
      0.8,
      0.8,
      0.8,
      0.793,
      0.735,
      0.61,
      0.476,
      0.37,
      0.292,
      0.234,
      0.191,
      0.158,
      0.132,
      0.112,
      0.096,
      0.083,
      0.072,
      0.063,
      0.055,
      0.049
    ]
  },
  "wind_rose": {
    "directions_deg": [
      0,
      30,
      60,
      90,
      120,
      150,
      180,
      210,
      240,
      270,
      300,
      330
    ],
    "speeds_ms": [
      8.041765137826687,
      8.237580467993435,
      8.131939695398962,
      7.875048354258908,
      7.199996213866892,
      7.7584498963348,
      10.078464230771925,
      11.144270285323598,
      11.296514675255851,
      9.565819731877102,
      8.648814729820623,
      8.533615353296375
    ],
    "weights": [
      0.06692,
      0.07626,
      0.07374,
      0.06463,
      0.04696,
      0.04643,
      0.07672,
      0.12233,
      0.19147,
      0.1008,
      0.06927,
      0.06447
    ]
  },
  "source_polygon": "DEI farm 1 (n=50)",
  "generated_by": "tools/generate_farm_matrix.py"
}