{
  "farm_id": "rowp_n30_rose_rowp",
  "farm_name": "ROWP polygon, N=30, rowp rose",
  "n_target": 30,
  "rotor_diameter": 198.0,
  "hub_height": 119.0,
  "min_spacing_m": 792.0,
  "boundary_vertices": [
    [
      -11656.020000000019,
      3319.00166666694
    ],
    [
      5431.929999999993,
      -13173.74833333306
    ],
    [
      7328.799999999988,
      -8.498333333060145
    ],
    [
      4295.330000000016,
      8370.601666667499
    ]
  ],
  "turbine": {
    "power_curve_ws": [
      0,
      1,
      2,
      3,
      4,
      5,
      6,
      7,
      8,
      9,
      10,
      11,
      12,
      13,
      14,
      15,
      16,
      17,
      18,
      19,
      20,
      21,
      22,
      23,
      24,
      25
    ],
    "power_curve_kw": [
      0.0,
      0.0,
      0.0,
      0.0,
      387.5,
      937.3965020576129,
      1712.3324050632912,
      2747.4881355932202,
      4099.11503267974,
      5836.735211267606,
      8013.157264957265,
      10000.0,
      10000.0,
      10000.0,
      10000.0,
      10000.0,
      10000.0,
      10000.0,
      10000.0,
      10000.0,
      10000.0,
      10000.0,
      10000.0,
      10000.0,
      10000.0,
      10000.0
    ],
    "ct_curve_ws": [
      0,
      1,
      2,
      3,
      4,
      5,
      6,
      7,
      8,
      9,
      10,
      11,
      12,
      13,
      14,
      15,
      16,
      17,
      18,
      19,
      20,
      21,
      22,
      23,
      24,
      25
    ],
    "ct_curve_ct": [
      0.77,
      0.77,
      0.77,
      0.77,
      0.77,
      0.7819876543209877,
      0.7791113924050633,
      0.777,
      0.777,
      0.777,
      0.774974358974359,
      0.6784394736842104,
      0.4302871287128713,
      0.3240018761726079,
      0.2538923076923077,
      0.20419620253164555,
      0.16736196319018407,
      0.1390492040520984,
      0.11780790960451977,
      0.10016824966078695,
      0.08721762349799733,
      0.07530434782608694,
      0.06604774193548386,
      0.05876923076923077,
      0.05237292464878671,
      0.047
    ]
  },
  "wind_rose": {
    "directions_deg": [
      0,
      30,
      60,
      90,
      120,
      150,
      180,
      210,
      240,
      270,
      300,
      330
    ],
    "speeds_ms": [
      8.041765137826687,
      8.237580467993435,
      8.131939695398962,
      7.875048354258908,
      7.199996213866892,
      7.7584498963348,
      10.078464230771925,
      11.144270285323598,
      11.296514675255851,
      9.565819731877102,
      8.648814729820623,
      8.533615353296375
    ],
    "weights": [
      0.06692,
      0.07626,
      0.07374,
      0.06463,
      0.04696,
      0.04643,
      0.07672,
      0.12233,
      0.19147,
      0.1008,
      0.06927,
      0.06447
    ]
  },
  "source_polygon": "https://github.com/IEAWindSystems/IEA-Wind-740-10-ROWP",
  "generated_by": "tools/generate_farm_matrix.py"
}